company_id,cik_first,ticker_first,ticker_last,company_name_first,company_name_last,first_observed_year,last_observed_year,panel_year_count,is_balanced_2020_2025,has_gap_within_observed_period,ticker_changed_within_panel,company_name_changed_within_panel,cik_changed_within_panel,observed_years
cik:0000001800,0000001800,ABT,ABT,Abbott Laboratories,Abbott Laboratories,2020,2025,6,1,0,0,0,0,2020|2021|2022|2023|2024|2025
cik:0000002488,0000002488,AMD,AMD,Advanced Micro Devices,Advanced Micro Devices,2020,2025,6,1,0,0,0,0,2020|2021|2022|2023|2024|2025
cik:0000002969,0000002969,APD,APD,Air Products,Air Products,2020,2025,6,1,0,0,0,0,2020|2021|2022|2023|2024|2025
cik:0000004127,0000004127,SWKS,SWKS,Skyworks Solutions,Skyworks Solutions,2020,2025,6,1,0,0,0,0,2020|2021|2022|2023|2024|2025
cik:0000004281,0000004281,HWM,HWM,Howmet Aerospace,Howmet Aerospace,2020,2025,6,1,0,0,0,0,2020|2021|2022|2023|2024|2025
cik:0000004904,0000004904,AEP,AEP,American Electric Power,American Electric Power,2020,2025,6,1,0,0,0,0,2020|2021|2022|2023|2024|2025
cik:0000004962,0000004962,AXP,AXP,American Express,American Express,2020,2025,6,1,0,0,0,0,2020|2021|2022|2023|2024|2025
cik:0000004977,0000004977,AFL,AFL,Aflac,Aflac,2020,2025,6,1,0,0,0,0,2020|2021|2022|2023|2024|2025
cik:0000005272,0000005272,AIG,AIG,American International Group,American International Group,2020,2025,6,1,0,0,0,0,2020|2021|2022|2023|2024|2025
cik:0000005513,0000005513,UNM,UNM,Unum,Unum,2020,2020,1,0,0,0,0,0,2020
cik:0000006201,0000006201,AAL,AAL,American Airlines Group,American Airlines Group,2020,2023,4,0,0,0,0,0,2020|2021|2022|2023
cik:0000006281,0000006281,ADI,ADI,Analog Devices,Analog Devices,2020,2025,6,1,0,0,0,0,2020|2021|2022|2023|2024|2025
cik:0000006951,0000006951,AMAT,AMAT,Applied Materials,Applied Materials,2020,2025,6,1,0,0,0,0,2020|2021|2022|2023|2024|2025
cik:0000007084,0000007084,ADM,ADM,Archer Daniels Midland,Archer Daniels Midland,2020,2025,6,1,0,0,0,0,2020|2021|2022|2023|2024|2025
cik:0000008670,0000008670,ADP,ADP,Automatic Data Processing,Automatic Data Processing,2020,2025,6,1,0,0,0,0,2020|2021|2022|2023|2024|2025
cik:0000008818,0000008818,AVY,AVY,Avery Dennison,Avery Dennison,2021,2025,4,0,1,0,0,0,2021|2023|2024|2025
cik:0000009389,0000009389,BLL,BALL,Ball Corporation,Ball Corporation,2020,2025,6,1,0,1,0,0,2020|2021|2022|2023|2024|2025
cik:0000010456,0000010456,BAX,BAX,Baxter International,Baxter International,2020,2025,6,1,0,0,0,0,2020|2021|2022|2023|2024|2025
cik:0000010795,0000010795,BDX,BDX,Becton Dickinson,Becton Dickinson,2020,2025,6,1,0,0,0,0,2020|2021|2022|2023|2024|2025
cik:0000011544,0000011544,WRB,WRB,W. R. Berkley Corporation,W. R. Berkley Corporation,2020,2025,6,1,0,0,0,0,2020|2021|2022|2023|2024|2025
cik:0000012208,0000012208,BIO,BIO,Bio-Rad Laboratories,Bio-Rad Laboratories,2020,2023,4,0,0,0,0,0,2020|2021|2022|2023
cik:0000012927,0000012927,BA,BA,Boeing,Boeing,2020,2025,6,1,0,0,0,0,2020|2021|2022|2023|2024|2025
cik:0000014272,0000014272,BMY,BMY,Bristol Myers Squibb,Bristol Myers Squibb,2020,2025,6,1,0,0,0,0,2020|2021|2022|2023|2024|2025
cik:0000014693,0000014693,BF-B,BF-B,Brown–Forman,Brown–Forman,2020,2025,6,1,0,0,0,0,2020|2021|2022|2023|2024|2025
cik:0000016732,0000016732,CPB,CPB,Campbell's,Campbell's,2020,2024,5,0,0,0,0,0,2020|2021|2022|2023|2024
cik:0000016918,0000016918,STZ,STZ,Constellation Brands,Constellation Brands,2020,2025,6,1,0,0,0,0,2020|2021|2022|2023|2024|2025
cik:0000018230,0000018230,CAT,CAT,Caterpillar Inc.,Caterpillar Inc.,2020,2025,6,1,0,0,0,0,2020|2021|2022|2023|2024|2025
cik:0000018926,0000018926,LUMN,LUMN,Lumen Technologies,Lumen Technologies,2020,2022,3,0,0,0,0,0,2020|2021|2022
cik:0000019617,0000019617,JPM,JPM,JPMorgan Chase,JPMorgan Chase,2020,2025,6,1,0,0,0,0,2020|2021|2022|2023|2024|2025
cik:0000020286,0000020286,CINF,CINF,Cincinnati Financial,Cincinnati Financial,2020,2025,6,1,0,0,0,0,2020|2021|2022|2023|2024|2025
cik:0000021076,0000021076,CLX,CLX,Clorox,Clorox,2020,2025,6,1,0,0,0,0,2020|2021|2022|2023|2024|2025
cik:0000021344,0000021344,KO,KO,Coca-Cola Company (The),Coca-Cola Company (The),2020,2025,6,1,0,0,0,0,2020|2021|2022|2023|2024|2025
cik:0000021665,0000021665,CL,CL,Colgate-Palmolive,Colgate-Palmolive,2020,2025,6,1,0,0,0,0,2020|2021|2022|2023|2024|2025
cik:0000023217,0000023217,CAG,CAG,Conagra Brands,Conagra Brands,2020,2024,5,0,0,0,0,0,2020|2021|2022|2023|2024
cik:0000024545,0000024545,TAP,TAP,Molson Coors Beverage Company,Molson Coors Beverage Company,2020,2025,6,1,0,0,0,0,2020|2021|2022|2023|2024|2025
cik:0000024741,0000024741,GLW,GLW,Corning Inc.,Corning Inc.,2020,2025,6,1,0,0,0,0,2020|2021|2022|2023|2024|2025
cik:0000026172,0000026172,CMI,CMI,Cummins,Cummins,2020,2025,6,1,0,0,0,0,2020|2021|2022|2023|2024|2025
cik:0000027419,0000027419,TGT,TGT,Target Corporation,Target Corporation,2020,2025,6,1,0,0,0,0,2020|2021|2022|2023|2024|2025
cik:0000027904,0000027904,DAL,DAL,Delta Air Lines,Delta Air Lines,2020,2025,6,1,0,0,0,0,2020|2021|2022|2023|2024|2025
cik:0000029534,0000029534,DG,DG,Dollar General,Dollar General,2020,2025,6,1,0,0,0,0,2020|2021|2022|2023|2024|2025
cik:0000029905,0000029905,DOV,DOV,Dover Corporation,Dover Corporation,2020,2025,6,1,0,0,0,0,2020|2021|2022|2023|2024|2025
cik:0000029989,0000029989,OMC,OMC,Omnicom Group,Omnicom Group,2020,2025,6,1,0,0,0,0,2020|2021|2022|2023|2024|2025
cik:0000030625,0000030625,FLS,FLS,Flowserve,Flowserve,2020,2020,1,0,0,0,0,0,2020
cik:0000031462,0000031462,ECL,ECL,Ecolab,Ecolab,2020,2025,6,1,0,0,0,0,2020|2021|2022|2023|2024|2025
cik:0000031791,0000031791,PKI,RVTY,PerkinElmer,Revvity,2021,2025,4,0,1,1,1,0,2021|2022|2024|2025
cik:0000032604,0000032604,EMR,EMR,Emerson Electric,Emerson Electric,2020,2025,6,1,0,0,0,0,2020|2021|2022|2023|2024|2025
cik:0000033185,0000033185,EFX,EFX,Equifax,Equifax,2020,2025,6,1,0,0,0,0,2020|2021|2022|2023|2024|2025
cik:0000033213,0000033213,EQT,EQT,EQT Corporation,EQT Corporation,2022,2025,4,0,0,0,0,0,2022|2023|2024|2025
cik:0000034088,0000034088,XOM,XOM,ExxonMobil,ExxonMobil,2020,2025,6,1,0,0,0,0,2020|2021|2022|2023|2024|2025
cik:0000034903,0000034903,FRT,FRT,Federal Realty Investment Trust,Federal Realty Investment Trust,2020,2025,6,1,0,0,0,0,2020|2021|2022|2023|2024|2025
cik:0000035527,0000035527,FITB,FITB,Fifth Third Bancorp,Fifth Third Bancorp,2020,2025,6,1,0,0,0,0,2020|2021|2022|2023|2024|2025
cik:0000036104,0000036104,USB,USB,U.S. Bancorp,U.S. Bancorp,2020,2025,6,1,0,0,0,0,2020|2021|2022|2023|2024|2025
cik:0000036270,0000036270,MTB,MTB,M&T Bank,M&T Bank,2020,2025,6,1,0,0,0,0,2020|2021|2022|2023|2024|2025
cik:0000037785,0000037785,FMC,FMC,FMC Corporation,FMC Corporation,2020,2024,5,0,0,0,0,0,2020|2021|2022|2023|2024
cik:0000037996,0000037996,F,F,Ford Motor Company,Ford Motor Company,2020,2025,6,1,0,0,0,0,2020|2021|2022|2023|2024|2025
cik:0000038777,0000038777,BEN,BEN,Franklin Resources,Franklin Resources,2020,2025,6,1,0,0,0,0,2020|2021|2022|2023|2024|2025
cik:0000040533,0000040533,GD,GD,General Dynamics,General Dynamics,2020,2025,6,1,0,0,0,0,2020|2021|2022|2023|2024|2025
cik:0000040545,0000040545,GE,GE,GE Aerospace,GE Aerospace,2020,2025,6,1,0,0,0,0,2020|2021|2022|2023|2024|2025
cik:0000040704,0000040704,GIS,GIS,General Mills,General Mills,2020,2025,6,1,0,0,0,0,2020|2021|2022|2023|2024|2025
cik:0000040987,0000040987,GPC,GPC,Genuine Parts Company,Genuine Parts Company,2020,2025,6,1,0,0,0,0,2020|2021|2022|2023|2024|2025
cik:0000045012,0000045012,HAL,HAL,Halliburton,Halliburton,2020,2025,6,1,0,0,0,0,2020|2021|2022|2023|2024|2025
cik:0000046080,0000046080,HAS,HAS,Hasbro,Hasbro,2020,2025,6,1,0,0,0,0,2020|2021|2022|2023|2024|2025
cik:0000047111,0000047111,HSY,HSY,Hershey Company (The),Hershey Company (The),2020,2025,6,1,0,0,0,0,2020|2021|2022|2023|2024|2025
cik:0000047217,0000047217,HPQ,HPQ,HP Inc.,HP Inc.,2020,2025,6,1,0,0,0,0,2020|2021|2022|2023|2024|2025
cik:0000048465,0000048465,HRL,HRL,Hormel Foods,Hormel Foods,2020,2025,6,1,0,0,0,0,2020|2021|2022|2023|2024|2025
cik:0000048898,0000048898,HUBB,HUBB,Hubbell Incorporated,Hubbell Incorporated,2023,2025,3,0,0,0,0,0,2023|2024|2025
cik:0000049071,0000049071,HUM,HUM,Humana,Humana,2020,2025,6,1,0,0,0,0,2020|2021|2022|2023|2024|2025
cik:0000049196,0000049196,HBAN,HBAN,Huntington Bancshares,Huntington Bancshares,2020,2025,6,1,0,0,0,0,2020|2021|2022|2023|2024|2025
cik:0000049826,0000049826,ITW,ITW,Illinois Tool Works,Illinois Tool Works,2020,2025,6,1,0,0,0,0,2020|2021|2022|2023|2024|2025
cik:0000050863,0000050863,INTC,INTC,Intel,Intel,2020,2025,6,1,0,0,0,0,2020|2021|2022|2023|2024|2025
cik:0000051143,0000051143,IBM,IBM,IBM,IBM,2020,2025,6,1,0,0,0,0,2020|2021|2022|2023|2024|2025
cik:0000051253,0000051253,IFF,IFF,International Flavors & Fragrances,International Flavors & Fragrances,2020,2025,6,1,0,0,0,0,2020|2021|2022|2023|2024|2025
cik:0000051434,0000051434,IP,IP,International Paper,International Paper,2020,2025,6,1,0,0,0,0,2020|2021|2022|2023|2024|2025
cik:0000052988,0000052988,J,J,Jacobs Solutions,Jacobs Solutions,2020,2025,6,1,0,0,0,0,2020|2021|2022|2023|2024|2025
cik:0000055785,0000055785,KMB,KMB,Kimberly-Clark,Kimberly-Clark,2020,2025,6,1,0,0,0,0,2020|2021|2022|2023|2024|2025
cik:0000056873,0000056873,KR,KR,Kroger,Kroger,2020,2025,6,1,0,0,0,0,2020|2021|2022|2023|2024|2025
cik:0000058492,0000058492,LEG,LEG,Leggett & Platt,Leggett & Platt,2020,2020,1,0,0,0,0,0,2020
cik:0000059478,0000059478,LLY,LLY,Lilly (Eli),Lilly (Eli),2020,2025,6,1,0,0,0,0,2020|2021|2022|2023|2024|2025
cik:0000059558,0000059558,LNC,LNC,Lincoln National Corporation,Lincoln National Corporation,2020,2022,3,0,0,0,0,0,2020|2021|2022
cik:0000060086,0000060086,L,L,Loews Corporation,Loews Corporation,2020,2025,6,1,0,0,0,0,2020|2021|2022|2023|2024|2025
cik:0000060667,0000060667,LOW,LOW,Lowe's,Lowe's,2020,2025,6,1,0,0,0,0,2020|2021|2022|2023|2024|2025
cik:0000062709,0000062709,MMC,MMC,Marsh & McLennan,Marsh & McLennan,2020,2024,5,0,0,0,0,0,2020|2021|2022|2023|2024
cik:0000062996,0000062996,MAS,MAS,Masco,Masco,2020,2025,6,1,0,0,0,0,2020|2021|2022|2023|2024|2025
cik:0000063754,0000063754,MKC,MKC,McCormick & Company,McCormick & Company,2020,2025,6,1,0,0,0,0,2020|2021|2022|2023|2024|2025
cik:0000063908,0000063908,MCD,MCD,McDonald's,McDonald's,2020,2025,6,1,0,0,0,0,2020|2021|2022|2023|2024|2025
cik:0000064040,0000064040,SPGI,SPGI,S&P Global,S&P Global,2020,2025,6,1,0,0,0,0,2020|2021|2022|2023|2024|2025
cik:0000064803,0000064803,CVS,CVS,CVS Health,CVS Health,2020,2025,6,1,0,0,0,0,2020|2021|2022|2023|2024|2025
cik:0000065984,0000065984,ETR,ETR,Entergy,Entergy,2020,2025,6,1,0,0,0,0,2020|2021|2022|2023|2024|2025
cik:0000066740,0000066740,MMM,MMM,3M,3M,2020,2025,6,1,0,0,0,0,2020|2021|2022|2023|2024|2025
cik:0000068505,0000068505,MSI,MSI,Motorola Solutions,Motorola Solutions,2020,2025,6,1,0,0,0,0,2020|2021|2022|2023|2024|2025
cik:0000070858,0000070858,BAC,BAC,Bank of America,Bank of America,2020,2025,6,1,0,0,0,0,2020|2021|2022|2023|2024|2025
cik:0000072331,0000072331,NDSN,NDSN,Nordson Corporation,Nordson Corporation,2022,2025,4,0,0,0,0,0,2022|2023|2024|2025
cik:0000072741,0000072741,ES,ES,Eversource Energy,Eversource Energy,2020,2025,6,1,0,0,0,0,2020|2021|2022|2023|2024|2025
cik:0000072903,0000072903,XEL,XEL,Xcel Energy,Xcel Energy,2020,2025,6,1,0,0,0,0,2020|2021|2022|2023|2024|2025
cik:0000072971,0000072971,WFC,WFC,Wells Fargo,Wells Fargo,2020,2025,6,1,0,0,0,0,2020|2021|2022|2023|2024|2025
cik:0000073124,0000073124,NTRS,NTRS,Northern Trust,Northern Trust,2020,2025,6,1,0,0,0,0,2020|2021|2022|2023|2024|2025
cik:0000073309,0000073309,NUE,NUE,Nucor,Nucor,2020,2025,6,1,0,0,0,0,2020|2021|2022|2023|2024|2025
cik:0000074208,0000074208,UDR,UDR,"UDR, Inc.","UDR, Inc.",2020,2025,6,1,0,0,0,0,2020|2021|2022|2023|2024|2025
cik:0000075362,0000075362,PCAR,PCAR,Paccar,Paccar,2020,2025,6,1,0,0,0,0,2020|2021|2022|2023|2024|2025
cik:0000075677,0000075677,PKG,PKG,Packaging Corporation of America,Packaging Corporation of America,2020,2025,6,1,0,0,0,0,2020|2021|2022|2023|2024|2025
cik:0000076334,0000076334,PH,PH,Parker Hannifin,Parker Hannifin,2020,2025,6,1,0,0,0,0,2020|2021|2022|2023|2024|2025
cik:0000077360,0000077360,PNR,PNR,Pentair,Pentair,2020,2025,6,1,0,0,0,0,2020|2021|2022|2023|2024|2025
cik:0000077476,0000077476,PEP,PEP,PepsiCo,PepsiCo,2020,2025,6,1,0,0,0,0,2020|2021|2022|2023|2024|2025
cik:0000078003,0000078003,PFE,PFE,Pfizer,Pfizer,2020,2025,6,1,0,0,0,0,2020|2021|2022|2023|2024|2025
cik:0000078239,0000078239,PVH,PVH,PVH,PVH,2020,2021,2,0,0,0,0,0,2020|2021
cik:0000079282,0000079282,BRO,BRO,Brown & Brown,Brown & Brown,2021,2025,5,0,0,0,0,0,2021|2022|2023|2024|2025
cik:0000079879,0000079879,PPG,PPG,PPG Industries,PPG Industries,2020,2025,6,1,0,0,0,0,2020|2021|2022|2023|2024|2025
cik:0000080424,0000080424,PG,PG,Procter & Gamble,Procter & Gamble,2020,2025,6,1,0,0,0,0,2020|2021|2022|2023|2024|2025
cik:0000080661,0000080661,PGR,PGR,Progressive Corporation,Progressive Corporation,2020,2025,6,1,0,0,0,0,2020|2021|2022|2023|2024|2025
cik:0000084839,0000084839,ROL,ROL,"Rollins, Inc.","Rollins, Inc.",2020,2025,6,1,0,0,0,0,2020|2021|2022|2023|2024|2025
cik:0000086312,0000086312,TRV,TRV,Travelers Companies (The),Travelers Companies (The),2020,2025,6,1,0,0,0,0,2020|2021|2022|2023|2024|2025
cik:0000087347,0000087347,SLB,SLB,Schlumberger,Schlumberger,2020,2025,6,1,0,0,0,0,2020|2021|2022|2023|2024|2025
cik:0000089800,0000089800,SHW,SHW,Sherwin-Williams,Sherwin-Williams,2020,2025,6,1,0,0,0,0,2020|2021|2022|2023|2024|2025
cik:0000091142,0000091142,AOS,AOS,A. O. Smith,A. O. Smith,2020,2025,6,1,0,0,0,0,2020|2021|2022|2023|2024|2025
cik:0000091419,0000091419,SJM,SJM,J.M. Smucker Company (The),J.M. Smucker Company (The),2020,2025,6,1,0,0,0,0,2020|2021|2022|2023|2024|2025
cik:0000091440,0000091440,SNA,SNA,Snap-on,Snap-on,2021,2024,3,0,1,0,0,0,2021|2023|2024
cik:0000091576,0000091576,KEY,KEY,KeyCorp,KeyCorp,2020,2025,6,1,0,0,0,0,2020|2021|2022|2023|2024|2025
cik:0000092122,0000092122,SO,SO,Southern Company,Southern Company,2020,2025,6,1,0,0,0,0,2020|2021|2022|2023|2024|2025
cik:0000092230,0000092230,TFC,TFC,Truist Financial,Truist Financial,2020,2025,6,1,0,0,0,0,2020|2021|2022|2023|2024|2025
cik:0000092380,0000092380,LUV,LUV,Southwest Airlines,Southwest Airlines,2020,2025,6,1,0,0,0,0,2020|2021|2022|2023|2024|2025
cik:0000093410,0000093410,CVX,CVX,Chevron Corporation,Chevron Corporation,2020,2025,6,1,0,0,0,0,2020|2021|2022|2023|2024|2025
cik:0000093556,0000093556,SWK,SWK,Stanley Black & Decker,Stanley Black & Decker,2021,2024,3,0,1,0,0,0,2021|2023|2024
cik:0000093751,0000093751,STT,STT,State Street Corporation,State Street Corporation,2020,2025,6,1,0,0,0,0,2020|2021|2022|2023|2024|2025
cik:0000096021,0000096021,SYY,SYY,Sysco,Sysco,2020,2025,6,1,0,0,0,0,2020|2021|2022|2023|2024|2025
cik:0000096943,0000096943,TFX,TFX,Teleflex,Teleflex,2020,2024,5,0,0,0,0,0,2020|2021|2022|2023|2024
cik:0000097210,0000097210,TER,TER,Teradyne,Teradyne,2020,2025,6,1,0,0,0,0,2020|2021|2022|2023|2024|2025
cik:0000097476,0000097476,TXN,TXN,Texas Instruments,Texas Instruments,2020,2025,6,1,0,0,0,0,2020|2021|2022|2023|2024|2025
cik:0000097745,0000097745,TMO,TMO,Thermo Fisher Scientific,Thermo Fisher Scientific,2020,2025,6,1,0,0,0,0,2020|2021|2022|2023|2024|2025
cik:0000100493,0000100493,TSN,TSN,Tyson Foods,Tyson Foods,2020,2025,6,1,0,0,0,0,2020|2021|2022|2023|2024|2025
cik:0000100517,0000100517,UAL,UAL,United Airlines Holdings,United Airlines Holdings,2020,2025,6,1,0,0,0,0,2020|2021|2022|2023|2024|2025
cik:0000100885,0000100885,UNP,UNP,Union Pacific Corporation,Union Pacific Corporation,2020,2025,6,1,0,0,0,0,2020|2021|2022|2023|2024|2025
cik:0000101829,0000101829,RTX,RTX,RTX Corporation,RTX Corporation,2020,2025,6,1,0,0,0,0,2020|2021|2022|2023|2024|2025
cik:0000103379,0000103379,VFC,VFC,VF Corporation,VF Corporation,2020,2023,4,0,0,0,0,0,2020|2021|2022|2023
cik:0000104169,0000104169,WMT,WMT,Walmart,Walmart,2020,2025,6,1,0,0,0,0,2020|2021|2022|2023|2024|2025
cik:0000105634,0000105634,EME,EME,Emcor,Emcor,2025,2025,1,0,0,0,0,0,2025
cik:0000105770,0000105770,WST,WST,West Pharmaceutical Services,West Pharmaceutical Services,2020,2025,6,1,0,0,0,0,2020|2021|2022|2023|2024|2025
cik:0000106040,0000106040,WDC,WDC,Western Digital,Western Digital,2020,2025,6,1,0,0,0,0,2020|2021|2022|2023|2024|2025
cik:0000106535,0000106535,WY,WY,Weyerhaeuser,Weyerhaeuser,2020,2025,6,1,0,0,0,0,2020|2021|2022|2023|2024|2025
cik:0000106640,0000106640,WHR,WHR,Whirlpool Corporation,Whirlpool Corporation,2020,2023,4,0,0,0,0,0,2020|2021|2022|2023
cik:0000107263,0000107263,WMB,WMB,Williams Companies,Williams Companies,2020,2025,6,1,0,0,0,0,2020|2021|2022|2023|2024|2025
cik:0000109198,0000109198,TJX,TJX,TJX Companies,TJX Companies,2020,2025,6,1,0,0,0,0,2020|2021|2022|2023|2024|2025
cik:0000109380,0000109380,ZION,ZION,Zions Bancorporation,Zions Bancorporation,2020,2023,4,0,0,0,0,0,2020|2021|2022|2023
cik:0000200406,0000200406,JNJ,JNJ,Johnson & Johnson,Johnson & Johnson,2021,2025,4,0,1,0,0,0,2021|2022|2024|2025
cik:0000202058,0000202058,LHX,LHX,L3Harris,L3Harris,2022,2025,3,0,1,0,0,0,2022|2023|2025
cik:0000217346,0000217346,TXT,TXT,Textron,Textron,2020,2024,4,0,1,0,0,0,2020|2021|2023|2024
cik:0000277135,0000277135,GWW,GWW,W. W. Grainger,W. W. Grainger,2020,2025,6,1,0,0,0,0,2020|2021|2022|2023|2024|2025
cik:0000277948,0000277948,CSX,CSX,CSX Corporation,CSX Corporation,2020,2025,6,1,0,0,0,0,2020|2021|2022|2023|2024|2025
cik:0000310158,0000310158,MRK,MRK,Merck & Co.,Merck & Co.,2020,2025,6,1,0,0,0,0,2020|2021|2022|2023|2024|2025
cik:0000310764,0000310764,SYK,SYK,Stryker Corporation,Stryker Corporation,2020,2025,6,1,0,0,0,0,2020|2021|2022|2023|2024|2025
cik:0000313616,0000313616,DHR,DHR,Danaher Corporation,Danaher Corporation,2020,2025,6,1,0,0,0,0,2020|2021|2022|2023|2024|2025
cik:0000313927,0000313927,CHD,CHD,Church & Dwight,Church & Dwight,2020,2025,6,1,0,0,0,0,2020|2021|2022|2023|2024|2025
cik:0000315189,0000315189,DE,DE,Deere & Company,Deere & Company,2020,2025,6,1,0,0,0,0,2020|2021|2022|2023|2024|2025
cik:0000315213,0000315213,RHI,RHI,Robert Half,Robert Half,2020,2023,4,0,0,0,0,0,2020|2021|2022|2023
cik:0000315293,0000315293,AON,AON,Aon plc,Aon plc,2020,2025,6,1,0,0,0,0,2020|2021|2022|2023|2024|2025
cik:0000316709,0000316709,SCHW,SCHW,Charles Schwab Corporation,Charles Schwab Corporation,2020,2025,6,1,0,0,0,0,2020|2021|2022|2023|2024|2025
cik:0000318154,0000318154,AMGN,AMGN,Amgen,Amgen,2020,2025,6,1,0,0,0,0,2020|2021|2022|2023|2024|2025
cik:0000319201,0000319201,KLAC,KLAC,KLA Corporation,KLA Corporation,2020,2025,6,1,0,0,0,0,2020|2021|2022|2023|2024|2025
cik:0000320187,0000320187,NKE,NKE,"Nike, Inc.","Nike, Inc.",2020,2025,6,1,0,0,0,0,2020|2021|2022|2023|2024|2025
cik:0000320193,0000320193,AAPL,AAPL,Apple Inc.,Apple Inc.,2020,2025,6,1,0,0,0,0,2020|2021|2022|2023|2024|2025
cik:0000320335,0000320335,GL,GL,Globe Life,Globe Life,2020,2025,6,1,0,0,0,0,2020|2021|2022|2023|2024|2025
cik:0000352541,0000352541,LNT,LNT,Alliant Energy,Alliant Energy,2020,2025,6,1,0,0,0,0,2020|2021|2022|2023|2024|2025
cik:0000352915,0000352915,UHS,UHS,Universal Health Services,Universal Health Services,2020,2025,6,1,0,0,0,0,2020|2021|2022|2023|2024|2025
cik:0000354190,0000354190,AJG,AJG,Arthur J. Gallagher & Co.,Arthur J. Gallagher & Co.,2020,2025,6,1,0,0,0,0,2020|2021|2022|2023|2024|2025
cik:0000354950,0000354950,HD,HD,Home Depot (The),Home Depot (The),2020,2025,6,1,0,0,0,0,2020|2021|2022|2023|2024|2025
cik:0000701985,0000701985,BBWI,BBWI,"Bath & Body Works, Inc.","Bath & Body Works, Inc.",2021,2023,3,0,0,0,0,0,2021|2022|2023
cik:0000702165,0000702165,NSC,NSC,Norfolk Southern,Norfolk Southern,2020,2025,6,1,0,0,0,0,2020|2021|2022|2023|2024|2025
cik:0000707549,0000707549,LRCX,LRCX,Lam Research,Lam Research,2020,2025,6,1,0,0,0,0,2020|2021|2022|2023|2024|2025
cik:0000711404,0000711404,COO,COO,Cooper Companies (The),Cooper Companies (The),2020,2025,6,1,0,0,0,0,2020|2021|2022|2023|2024|2025
cik:0000712515,0000712515,EA,EA,Electronic Arts,Electronic Arts,2020,2025,6,1,0,0,0,0,2020|2021|2022|2023|2024|2025
cik:0000713676,0000713676,PNC,PNC,PNC Financial Services,PNC Financial Services,2020,2025,6,1,0,0,0,0,2020|2021|2022|2023|2024|2025
cik:0000715957,0000715957,D,D,Dominion Energy,Dominion Energy,2020,2025,6,1,0,0,0,0,2020|2021|2022|2023|2024|2025
cik:0000719955,0000719955,WSM,WSM,"Williams-Sonoma, Inc.","Williams-Sonoma, Inc.",2025,2025,1,0,0,0,0,0,2025
cik:0000720005,0000720005,RJF,RJF,Raymond James Financial,Raymond James Financial,2020,2025,6,1,0,0,0,0,2020|2021|2022|2023|2024|2025
cik:0000721371,0000721371,CAH,CAH,Cardinal Health,Cardinal Health,2020,2025,6,1,0,0,0,0,2020|2021|2022|2023|2024|2025
cik:0000723125,0000723125,MU,MU,Micron Technology,Micron Technology,2020,2025,6,1,0,0,0,0,2020|2021|2022|2023|2024|2025
cik:0000723254,0000723254,CTAS,CTAS,Cintas,Cintas,2020,2025,6,1,0,0,0,0,2020|2021|2022|2023|2024|2025
cik:0000723531,0000723531,PAYX,PAYX,Paychex,Paychex,2020,2025,6,1,0,0,0,0,2020|2021|2022|2023|2024|2025
cik:0000726728,0000726728,O,O,Realty Income,Realty Income,2020,2025,6,1,0,0,0,0,2020|2021|2022|2023|2024|2025
cik:0000728535,0000728535,JBHT,JBHT,J.B. Hunt,J.B. Hunt,2020,2025,6,1,0,0,0,0,2020|2021|2022|2023|2024|2025
cik:0000731766,0000731766,UNH,UNH,UnitedHealth Group,UnitedHealth Group,2020,2025,6,1,0,0,0,0,2020|2021|2022|2023|2024|2025
cik:0000731802,0000731802,ATO,ATO,Atmos Energy,Atmos Energy,2020,2025,6,1,0,0,0,0,2020|2021|2022|2023|2024|2025
cik:0000732712,0000732712,VZ,VZ,Verizon,Verizon,2020,2025,6,1,0,0,0,0,2020|2021|2022|2023|2024|2025
cik:0000732717,0000732717,T,T,AT&T,AT&T,2020,2025,6,1,0,0,0,0,2020|2021|2022|2023|2024|2025
cik:0000740260,0000740260,VTR,VTR,Ventas,Ventas,2020,2025,6,1,0,0,0,0,2020|2021|2022|2023|2024|2025
cik:0000745732,0000745732,ROST,ROST,Ross Stores,Ross Stores,2020,2025,6,1,0,0,0,0,2020|2021|2022|2023|2024|2025
cik:0000746515,0000746515,EXPD,EXPD,Expeditors International,Expeditors International,2020,2025,6,1,0,0,0,0,2020|2021|2022|2023|2024|2025
cik:0000749251,0000749251,IT,IT,Gartner,Gartner,2020,2025,6,1,0,0,0,0,2020|2021|2022|2023|2024|2025
cik:0000753308,0000753308,NEE,NEE,NextEra Energy,NextEra Energy,2020,2025,6,1,0,0,0,0,2020|2021|2022|2023|2024|2025
cik:0000759944,0000759944,CFG,CFG,Citizens Financial Group,Citizens Financial Group,2020,2025,6,1,0,0,0,0,2020|2021|2022|2023|2024|2025
cik:0000764180,0000764180,MO,MO,Altria,Altria,2020,2025,6,1,0,0,0,0,2020|2021|2022|2023|2024|2025
cik:0000764478,0000764478,BBY,BBY,Best Buy,Best Buy,2020,2025,6,1,0,0,0,0,2020|2021|2022|2023|2024|2025
cik:0000764622,0000764622,PNW,PNW,Pinnacle West Capital,Pinnacle West Capital,2020,2025,6,1,0,0,0,0,2020|2021|2022|2023|2024|2025
cik:0000765880,0000765880,PEAK,DOC,Healthpeak Properties,Healthpeak Properties,2020,2025,6,1,0,1,0,0,2020|2021|2022|2023|2024|2025
cik:0000766421,0000766421,ALK,ALK,Alaska Air Group,Alaska Air Group,2020,2022,3,0,0,0,0,0,2020|2021|2022
cik:0000766704,0000766704,WELL,WELL,Welltower,Welltower,2020,2025,6,1,0,0,0,0,2020|2021|2022|2023|2024|2025
cik:0000769397,0000769397,ADSK,ADSK,Autodesk,Autodesk,2020,2025,6,1,0,0,0,0,2020|2021|2022|2023|2024|2025
cik:0000773840,0000773840,HON,HON,Honeywell Technologies,Honeywell Technologies,2020,2025,6,1,0,0,0,0,2020|2021|2022|2023|2024|2025
cik:0000779152,0000779152,JKHY,JKHY,Jack Henry & Associates,Jack Henry & Associates,2020,2025,6,1,0,0,0,0,2020|2021|2022|2023|2024|2025
cik:0000783325,0000783325,WEC,WEC,WEC Energy Group,WEC Energy Group,2020,2025,6,1,0,0,0,0,2020|2021|2022|2023|2024|2025
cik:0000788784,0000788784,PEG,PEG,Public Service Enterprise Group,Public Service Enterprise Group,2020,2025,6,1,0,0,0,0,2020|2021|2022|2023|2024|2025
cik:0000789019,0000789019,MSFT,MSFT,Microsoft,Microsoft,2020,2025,6,1,0,0,0,0,2020|2021|2022|2023|2024|2025
cik:0000789570,0000789570,MGM,MGM,MGM Resorts,MGM Resorts,2020,2025,6,1,0,0,0,0,2020|2021|2022|2023|2024|2025
cik:0000796343,0000796343,ADBE,ADBE,Adobe Inc.,Adobe Inc.,2020,2025,6,1,0,0,0,0,2020|2021|2022|2023|2024|2025
cik:0000797468,0000797468,OXY,OXY,Occidental Petroleum,Occidental Petroleum,2020,2025,6,1,0,0,0,0,2020|2021|2022|2023|2024|2025
cik:0000798354,0000798354,FISV,FISV,Fiserv,Fiserv,2020,2025,6,1,0,1,0,0,2020|2021|2022|2023|2024|2025
cik:0000804328,0000804328,QCOM,QCOM,Qualcomm,Qualcomm,2020,2025,6,1,0,0,0,0,2020|2021|2022|2023|2024|2025
cik:0000811156,0000811156,CMS,CMS,CMS Energy,CMS Energy,2020,2025,6,1,0,0,0,0,2020|2021|2022|2023|2024|2025
cik:0000813672,0000813672,CDNS,CDNS,Cadence Design Systems,Cadence Design Systems,2021,2025,4,0,1,0,0,0,2021|2023|2024|2025
cik:0000813828,0000813828,VIAC,PARA,ViacomCBS,Paramount Global,2020,2024,5,0,0,1,1,0,2020|2021|2022|2023|2024
cik:0000814453,0000814453,NWL,NWL,Newell Brands,Newell Brands,2020,2022,3,0,0,0,0,0,2020|2021|2022
cik:0000814547,0000814547,FICO,FICO,Fair Isaac,Fair Isaac,2023,2025,3,0,0,0,0,0,2023|2024|2025
cik:0000815097,0000815097,CCL,CCL,Carnival Corporation,Carnival Corporation,2020,2025,6,1,0,0,0,0,2020|2021|2022|2023|2024|2025
cik:0000815556,0000815556,FAST,FAST,Fastenal,Fastenal,2020,2025,6,1,0,0,0,0,2020|2021|2022|2023|2024|2025
cik:0000818479,0000818479,XRAY,XRAY,Dentsply Sirona,Dentsply Sirona,2020,2023,4,0,0,0,0,0,2020|2021|2022|2023
cik:0000820027,0000820027,AMP,AMP,Ameriprise Financial,Ameriprise Financial,2020,2025,6,1,0,0,0,0,2020|2021|2022|2023|2024|2025
cik:0000820313,0000820313,APH,APH,Amphenol,Amphenol,2020,2025,6,1,0,0,0,0,2020|2021|2022|2023|2024|2025
cik:0000821189,0000821189,EOG,EOG,EOG Resources,EOG Resources,2020,2025,6,1,0,0,0,0,2020|2021|2022|2023|2024|2025
cik:0000822416,0000822416,PHM,PHM,PulteGroup,PulteGroup,2020,2025,6,1,0,0,0,0,2020|2021|2022|2023|2024|2025
cik:0000823768,0000823768,WM,WM,Waste Management,Waste Management,2020,2025,6,1,0,0,0,0,2020|2021|2022|2023|2024|2025
cik:0000827052,0000827052,EIX,EIX,Edison International,Edison International,2020,2025,6,1,0,0,0,0,2020|2021|2022|2023|2024|2025
cik:0000827054,0000827054,MCHP,MCHP,Microchip Technology,Microchip Technology,2020,2025,6,1,0,0,0,0,2020|2021|2022|2023|2024|2025
cik:0000829224,0000829224,SBUX,SBUX,Starbucks,Starbucks,2020,2025,6,1,0,0,0,0,2020|2021|2022|2023|2024|2025
cik:0000831001,0000831001,C,C,Citigroup,Citigroup,2020,2025,6,1,0,0,0,0,2020|2021|2022|2023|2024|2025
cik:0000831259,0000831259,FCX,FCX,Freeport-McMoRan,Freeport-McMoRan,2020,2025,6,1,0,0,0,0,2020|2021|2022|2023|2024|2025
cik:0000832101,0000832101,IEX,IEX,IDEX Corporation,IDEX Corporation,2020,2025,6,1,0,0,0,0,2020|2021|2022|2023|2024|2025
cik:0000833444,0000833444,JCI,JCI,Johnson Controls,Johnson Controls,2020,2025,6,1,0,0,0,0,2020|2021|2022|2023|2024|2025
cik:0000842023,0000842023,TECH,TECH,Bio-Techne,Bio-Techne,2021,2025,5,0,0,0,0,0,2021|2022|2023|2024|2025
cik:0000849395,0000849395,CRH,CRH,CRH plc,CRH plc,2025,2025,1,0,0,0,0,0,2025
cik:0000849399,0000849399,NLOK,GEN,NortonLifeLock,Gen Digital,2020,2025,6,1,0,1,1,0,2020|2021|2022|2023|2024|2025
cik:0000851968,0000851968,MHK,MHK,Mohawk Industries,Mohawk Industries,2020,2024,5,0,0,0,0,0,2020|2021|2022|2023|2024
cik:0000857005,0000857005,PTC,PTC,PTC Inc.,PTC Inc.,2021,2025,5,0,0,0,0,0,2021|2022|2023|2024|2025
cik:0000858470,0000858470,COG,COG,Cabot Oil & Gas,Cabot Oil & Gas,2020,2020,1,0,0,0,0,0,2020
cik:0000858877,0000858877,CSCO,CSCO,Cisco,Cisco,2020,2025,6,1,0,0,0,0,2020|2021|2022|2023|2024|2025
cik:0000860730,0000860730,HCA,HCA,HCA Healthcare,HCA Healthcare,2020,2025,6,1,0,0,0,0,2020|2021|2022|2023|2024|2025
cik:0000860731,0000860731,TYL,TYL,Tyler Technologies,Tyler Technologies,2020,2025,6,1,0,0,0,0,2020|2021|2022|2023|2024|2025
cik:0000864749,0000864749,TRMB,TRMB,Trimble Inc.,Trimble Inc.,2022,2025,3,0,1,0,0,0,2022|2023|2025
cik:0000865752,0000865752,MNST,MNST,Monster Beverage,Monster Beverage,2020,2025,6,1,0,0,0,0,2020|2021|2022|2023|2024|2025
cik:0000866787,0000866787,AZO,AZO,AutoZone,AutoZone,2020,2025,6,1,0,0,0,0,2020|2021|2022|2023|2024|2025
cik:0000872589,0000872589,REGN,REGN,Regeneron Pharmaceuticals,Regeneron Pharmaceuticals,2020,2025,6,1,0,0,0,0,2020|2021|2022|2023|2024|2025
cik:0000874716,0000874716,IDXX,IDXX,Idexx Laboratories,Idexx Laboratories,2020,2025,6,1,0,0,0,0,2020|2021|2022|2023|2024|2025
cik:0000874761,0000874761,AES,AES,AES Corporation,AES Corporation,2020,2025,6,1,0,0,0,0,2020|2021|2022|2023|2024|2025
cik:0000874766,0000874766,HIG,HIG,Hartford (The),Hartford (The),2020,2025,6,1,0,0,0,0,2020|2021|2022|2023|2024|2025
cik:0000875045,0000875045,BIIB,BIIB,Biogen,Biogen,2020,2025,6,1,0,0,0,0,2020|2021|2022|2023|2024|2025
cik:0000875320,0000875320,VRTX,VRTX,Vertex Pharmaceuticals,Vertex Pharmaceuticals,2020,2025,6,1,0,0,0,0,2020|2021|2022|2023|2024|2025
cik:0000877212,0000877212,ZBRA,ZBRA,Zebra Technologies,Zebra Technologies,2020,2025,6,1,0,0,0,0,2020|2021|2022|2023|2024|2025
cik:0000878927,0000878927,ODFL,ODFL,Old Dominion,Old Dominion,2020,2025,6,1,0,0,0,0,2020|2021|2022|2023|2024|2025
cik:0000879101,0000879101,KIM,KIM,Kimco Realty,Kimco Realty,2020,2025,6,1,0,0,0,0,2020|2021|2022|2023|2024|2025
cik:0000879169,0000879169,INCY,INCY,Incyte,Incyte,2020,2025,6,1,0,0,0,0,2020|2021|2022|2023|2024|2025
cik:0000882095,0000882095,GILD,GILD,Gilead Sciences,Gilead Sciences,2020,2025,6,1,0,0,0,0,2020|2021|2022|2023|2024|2025
cik:0000882184,0000882184,DHI,DHI,D. R. Horton,D. R. Horton,2020,2025,6,1,0,0,0,0,2020|2021|2022|2023|2024|2025
cik:0000882835,0000882835,ROP,ROP,Roper Technologies,Roper Technologies,2020,2025,6,1,0,0,0,0,2020|2021|2022|2023|2024|2025
cik:0000883241,0000883241,SNPS,SNPS,Synopsys,Synopsys,2020,2025,6,1,0,0,0,0,2020|2021|2022|2023|2024|2025
cik:0000884887,0000884887,RCL,RCL,Royal Caribbean Group,Royal Caribbean Group,2020,2025,6,1,0,0,0,0,2020|2021|2022|2023|2024|2025
cik:0000885725,0000885725,BSX,BSX,Boston Scientific,Boston Scientific,2020,2025,6,1,0,0,0,0,2020|2021|2022|2023|2024|2025
cik:0000886982,0000886982,GS,GS,Goldman Sachs,Goldman Sachs,2020,2025,6,1,0,0,0,0,2020|2021|2022|2023|2024|2025
cik:0000891103,0000891103,MTCH,MTCH,Match Group,Match Group,2021,2024,4,0,0,0,0,0,2021|2022|2023|2024
cik:0000895126,0000895126,EXE,EXE,Expand Energy,Expand Energy,2025,2025,1,0,0,0,0,0,2025
cik:0000895421,0000895421,MS,MS,Morgan Stanley,Morgan Stanley,2020,2025,6,1,0,0,0,0,2020|2021|2022|2023|2024|2025
cik:0000896159,0000896159,CB,CB,Chubb Limited,Chubb Limited,2020,2025,6,1,0,0,0,0,2020|2021|2022|2023|2024|2025
cik:0000896878,0000896878,INTU,INTU,Intuit,Intuit,2020,2025,6,1,0,0,0,0,2020|2021|2022|2023|2024|2025
cik:0000898173,0000898173,ORLY,ORLY,O’Reilly Automotive,O’Reilly Automotive,2020,2025,6,1,0,0,0,0,2020|2021|2022|2023|2024|2025
cik:0000898293,0000898293,JBL,JBL,Jabil,Jabil,2023,2025,3,0,0,0,0,0,2023|2024|2025
cik:0000899051,0000899051,ALL,ALL,Allstate,Allstate,2020,2025,6,1,0,0,0,0,2020|2021|2022|2023|2024|2025
cik:0000899689,0000899689,VNO,VNO,Vornado Realty Trust,Vornado Realty Trust,2020,2022,3,0,0,0,0,0,2020|2021|2022
cik:0000900075,0000900075,CPRT,CPRT,Copart,Copart,2020,2025,6,1,0,0,0,0,2020|2021|2022|2023|2024|2025
cik:0000906107,0000906107,EQR,EQR,Equity Residential,Equity Residential,2020,2025,6,1,0,0,0,0,2020|2021|2022|2023|2024|2025
cik:0000906163,0000906163,NVR,NVR,"NVR, Inc.","NVR, Inc.",2020,2025,6,1,0,0,0,0,2020|2021|2022|2023|2024|2025
cik:0000906345,0000906345,CPT,CPT,Camden Property Trust,Camden Property Trust,2022,2025,4,0,0,0,0,0,2022|2023|2024|2025
cik:0000908255,0000908255,BWA,BWA,BorgWarner,BorgWarner,2020,2024,5,0,0,0,0,0,2020|2021|2022|2023|2024
cik:0000909832,0000909832,COST,COST,Costco,Costco,2020,2025,6,1,0,0,0,0,2020|2021|2022|2023|2024|2025
cik:0000910521,0000910521,DECK,DECK,Deckers Brands,Deckers Brands,2024,2025,2,0,0,0,0,0,2024|2025
cik:0000910606,0000910606,REG,REG,Regency Centers,Regency Centers,2020,2025,6,1,0,0,0,0,2020|2021|2022|2023|2024|2025
cik:0000912595,0000912595,MAA,MAA,Mid-America Apartment Communities,Mid-America Apartment Communities,2020,2025,6,1,0,0,0,0,2020|2021|2022|2023|2024|2025
cik:0000914208,0000914208,IVZ,IVZ,Invesco,Invesco,2020,2025,6,1,0,0,0,0,2020|2021|2022|2023|2024|2025
cik:0000915389,0000915389,EMN,EMN,Eastman Chemical Co.,Eastman Chemical Co.,2020,2024,5,0,0,0,0,0,2020|2021|2022|2023|2024
cik:0000915912,0000915912,AVB,AVB,AvalonBay Communities,AvalonBay Communities,2020,2025,6,1,0,0,0,0,2020|2021|2022|2023|2024|2025
cik:0000915913,0000915913,ALB,ALB,Albemarle Corporation,Albemarle Corporation,2020,2025,6,1,0,0,0,0,2020|2021|2022|2023|2024|2025
cik:0000916076,0000916076,MLM,MLM,Martin Marietta Materials,Martin Marietta Materials,2020,2025,6,1,0,0,0,0,2020|2021|2022|2023|2024|2025
cik:0000916365,0000916365,TSCO,TSCO,Tractor Supply,Tractor Supply,2020,2025,6,1,0,0,0,0,2020|2021|2022|2023|2024|2025
cik:0000920148,0000920148,LH,LH,Labcorp,Labcorp,2020,2025,6,1,0,0,0,0,2020|2021|2022|2023|2024|2025
cik:0000920522,0000920522,ESS,ESS,Essex Property Trust,Essex Property Trust,2020,2025,6,1,0,0,0,0,2020|2021|2022|2023|2024|2025
cik:0000920760,0000920760,LEN,LEN,Lennar,Lennar,2020,2025,6,1,0,0,0,0,2020|2021|2022|2023|2024|2025
cik:0000921738,0000921738,PENN,PENN,Penn Entertainment,Penn Entertainment,2021,2021,1,0,0,0,0,0,2021
cik:0000922224,0000922224,PPL,PPL,PPL Corporation,PPL Corporation,2020,2025,6,1,0,0,0,0,2020|2021|2022|2023|2024|2025
cik:0000922621,0000922621,ERIE,ERIE,Erie Indemnity,Erie Indemnity,2024,2025,2,0,0,0,0,0,2024|2025
cik:0000927066,0000927066,DVA,DVA,DaVita,DaVita,2020,2025,6,1,0,0,0,0,2020|2021|2022|2023|2024|2025
cik:0000927628,0000927628,COF,COF,Capital One,Capital One,2020,2025,6,1,0,0,0,0,2020|2021|2022|2023|2024|2025
cik:0000927653,0000927653,MCK,MCK,McKesson Corporation,McKesson Corporation,2020,2025,6,1,0,0,0,0,2020|2021|2022|2023|2024|2025
cik:0000935703,0000935703,DLTR,DLTR,Dollar Tree,Dollar Tree,2020,2025,6,1,0,0,0,0,2020|2021|2022|2023|2024|2025
cik:0000936340,0000936340,DTE,DTE,DTE Energy,DTE Energy,2020,2025,6,1,0,0,0,0,2020|2021|2022|2023|2024|2025
cik:0000936468,0000936468,LMT,LMT,Lockheed Martin,Lockheed Martin,2020,2025,6,1,0,0,0,0,2020|2021|2022|2023|2024|2025
cik:0000940944,0000940944,DRI,DRI,Darden Restaurants,Darden Restaurants,2020,2025,6,1,0,0,0,0,2020|2021|2022|2023|2024|2025
cik:0000943452,0000943452,WAB,WAB,Wabtec,Wabtec,2020,2025,6,1,0,0,0,0,2020|2021|2022|2023|2024|2025
cik:0000943819,0000943819,RMD,RMD,ResMed,ResMed,2020,2025,6,1,0,0,0,0,2020|2021|2022|2023|2024|2025
cik:0000945841,0000945841,POOL,POOL,Pool Corporation,Pool Corporation,2020,2024,5,0,0,0,0,0,2020|2021|2022|2023|2024
cik:0000946581,0000946581,TTWO,TTWO,Take-Two Interactive,Take-Two Interactive,2020,2025,6,1,0,0,0,0,2020|2021|2022|2023|2024|2025
cik:0000947484,0000947484,ACGL,ACGL,Arch Capital Group,Arch Capital Group,2022,2025,4,0,0,0,0,0,2022|2023|2024|2025
cik:0001000228,0001000228,HSIC,HSIC,Henry Schein,Henry Schein,2020,2025,6,1,0,0,0,0,2020|2021|2022|2023|2024|2025
cik:0001000697,0001000697,WAT,WAT,Waters Corporation,Waters Corporation,2020,2025,6,1,0,0,0,0,2020|2021|2022|2023|2024|2025
cik:0001001250,0001001250,EL,EL,Estée Lauder Companies (The),Estée Lauder Companies (The),2020,2025,6,1,0,0,0,0,2020|2021|2022|2023|2024|2025
cik:0001002047,0001002047,NTAP,NTAP,NetApp,NetApp,2020,2025,6,1,0,0,0,0,2020|2021|2022|2023|2024|2025
cik:0001002910,0001002910,AEE,AEE,Ameren,Ameren,2020,2025,6,1,0,0,0,0,2020|2021|2022|2023|2024|2025
cik:0001004980,0001004980,PCG,PCG,PG&E Corporation,PG&E Corporation,2022,2025,4,0,0,0,0,0,2022|2023|2024|2025
cik:0001013237,0001013237,FDS,FDS,FactSet,FactSet,2021,2025,5,0,0,0,0,0,2021|2022|2023|2024|2025
cik:0001013871,0001013871,NRG,NRG,NRG Energy,NRG Energy,2020,2025,6,1,0,0,0,0,2020|2021|2022|2023|2024|2025
cik:0001014473,0001014473,VRSN,VRSN,Verisign,Verisign,2020,2025,6,1,0,0,0,0,2020|2021|2022|2023|2024|2025
cik:0001018724,0001018724,AMZN,AMZN,Amazon,Amazon,2020,2025,6,1,0,0,0,0,2020|2021|2022|2023|2024|2025
cik:0001020569,0001020569,IRM,IRM,Iron Mountain,Iron Mountain,2020,2025,6,1,0,0,0,0,2020|2021|2022|2023|2024|2025
cik:0001021860,0001021860,NOV,NOV,Nov,Nov,2020,2020,1,0,0,0,0,0,2020
cik:0001022079,0001022079,DGX,DGX,Quest Diagnostics,Quest Diagnostics,2020,2025,6,1,0,0,0,0,2020|2021|2022|2023|2024|2025
cik:0001022671,0001022671,STLD,STLD,Steel Dynamics,Steel Dynamics,2022,2025,4,0,0,0,0,0,2022|2023|2024|2025
cik:0001024478,0001024478,ROK,ROK,Rockwell Automation,Rockwell Automation,2020,2025,6,1,0,0,0,0,2020|2021|2022|2023|2024|2025
cik:0001031296,0001031296,FE,FE,FirstEnergy,FirstEnergy,2020,2025,6,1,0,0,0,0,2020|2021|2022|2023|2024|2025
cik:0001032208,0001032208,SRE,SRE,Sempra,Sempra,2020,2025,6,1,0,0,0,0,2020|2021|2022|2023|2024|2025
cik:0001034054,0001034054,SBAC,SBAC,SBA Communications,SBA Communications,2020,2025,6,1,0,0,0,0,2020|2021|2022|2023|2024|2025
cik:0001035002,0001035002,VLO,VLO,Valero Energy,Valero Energy,2020,2025,6,1,0,0,0,0,2020|2021|2022|2023|2024|2025
cik:0001035267,0001035267,ISRG,ISRG,Intuitive Surgical,Intuitive Surgical,2020,2025,6,1,0,0,0,0,2020|2021|2022|2023|2024|2025
cik:0001035443,0001035443,ARE,ARE,Alexandria Real Estate Equities,Alexandria Real Estate Equities,2020,2025,6,1,0,0,0,0,2020|2021|2022|2023|2024|2025
cik:0001035983,0001035983,FIX,FIX,Comfort Systems USA,Comfort Systems USA,2025,2025,1,0,0,0,0,0,2025
cik:0001037038,0001037038,RL,RL,Ralph Lauren Corporation,Ralph Lauren Corporation,2020,2025,6,1,0,0,0,0,2020|2021|2022|2023|2024|2025
cik:0001037540,0001037540,BXP,BXP,"BXP, Inc.","BXP, Inc.",2020,2025,6,1,0,0,0,0,2020|2021|2022|2023|2024|2025
cik:0001037646,0001037646,MTD,MTD,Mettler Toledo,Mettler Toledo,2020,2025,6,1,0,0,0,0,2020|2021|2022|2023|2024|2025
cik:0001037868,0001037868,AME,AME,Ametek,Ametek,2020,2025,6,1,0,0,0,0,2020|2021|2022|2023|2024|2025
cik:0001039684,0001039684,OKE,OKE,Oneok,Oneok,2020,2025,6,1,0,0,0,0,2020|2021|2022|2023|2024|2025
cik:0001040971,0001040971,SLG,SLG,SL Green Realty,SL Green Realty,2020,2020,1,0,0,0,0,0,2020
cik:0001041061,0001041061,YUM,YUM,Yum! Brands,Yum! Brands,2020,2025,6,1,0,0,0,0,2020|2021|2022|2023|2024|2025
cik:0001043277,0001043277,CHRW,CHRW,C.H. Robinson,C.H. Robinson,2020,2025,6,1,0,0,0,0,2020|2021|2022|2023|2024|2025
cik:0001045609,0001045609,PLD,PLD,Prologis,Prologis,2020,2025,6,1,0,0,0,0,2020|2021|2022|2023|2024|2025
cik:0001045810,0001045810,NVDA,NVDA,Nvidia,Nvidia,2020,2025,6,1,0,0,0,0,2020|2021|2022|2023|2024|2025
cik:0001047862,0001047862,ED,ED,Consolidated Edison,Consolidated Edison,2020,2025,6,1,0,0,0,0,2020|2021|2022|2023|2024|2025
cik:0001048286,0001048286,MAR,MAR,Marriott International,Marriott International,2020,2025,6,1,0,0,0,0,2020|2021|2022|2023|2024|2025
cik:0001048695,0001048695,FFIV,FFIV,"F5, Inc.","F5, Inc.",2020,2025,6,1,0,0,0,0,2020|2021|2022|2023|2024|2025
cik:0001048911,0001048911,FDX,FDX,FedEx,FedEx,2020,2025,6,1,0,0,0,0,2020|2021|2022|2023|2024|2025
cik:0001050915,0001050915,PWR,PWR,Quanta Services,Quanta Services,2020,2025,6,1,0,0,0,0,2020|2021|2022|2023|2024|2025
cik:0001051470,0001051470,CCI,CCI,Crown Castle,Crown Castle,2020,2025,6,1,0,0,0,0,2020|2021|2022|2023|2024|2025
cik:0001053507,0001053507,AMT,AMT,American Tower,American Tower,2020,2025,6,1,0,0,0,0,2020|2021|2022|2023|2024|2025
cik:0001057352,0001057352,CSGP,CSGP,CoStar Group,CoStar Group,2022,2025,4,0,0,0,0,0,2022|2023|2024|2025
cik:0001058090,0001058090,CMG,CMG,Chipotle Mexican Grill,Chipotle Mexican Grill,2020,2025,6,1,0,0,0,0,2020|2021|2022|2023|2024|2025
cik:0001058290,0001058290,CTSH,CTSH,Cognizant,Cognizant,2020,2025,6,1,0,0,0,0,2020|2021|2022|2023|2024|2025
cik:0001059556,0001059556,MCO,MCO,Moody's Corporation,Moody's Corporation,2020,2025,6,1,0,0,0,0,2020|2021|2022|2023|2024|2025
cik:0001060391,0001060391,RSG,RSG,Republic Services,Republic Services,2020,2025,6,1,0,0,0,0,2020|2021|2022|2023|2024|2025
cik:0001063761,0001063761,SPG,SPG,Simon Property Group,Simon Property Group,2020,2025,6,1,0,0,0,0,2020|2021|2022|2023|2024|2025
cik:0001065088,0001065088,EBAY,EBAY,eBay Inc.,eBay Inc.,2020,2025,6,1,0,0,0,0,2020|2021|2022|2023|2024|2025
cik:0001065280,0001065280,NFLX,NFLX,Netflix,Netflix,2020,2025,6,1,0,0,0,0,2020|2021|2022|2023|2024|2025
cik:0001065696,0001065696,LKQ,LKQ,LKQ Corporation,LKQ Corporation,2020,2024,5,0,0,0,0,0,2020|2021|2022|2023|2024
cik:0001067701,0001067701,URI,URI,United Rentals,United Rentals,2020,2025,6,1,0,0,0,0,2020|2021|2022|2023|2024|2025
cik:0001067983,0001067983,BRK-B,BRK-B,Berkshire Hathaway,Berkshire Hathaway,2020,2025,6,1,0,0,0,0,2020|2021|2022|2023|2024|2025
cik:0001069183,0001069183,AXON,AXON,Axon Enterprise,Axon Enterprise,2023,2025,3,0,0,0,0,0,2023|2024|2025
cik:0001069202,0001069202,LII,LII,Lennox International,Lennox International,2024,2025,2,0,0,0,0,0,2024|2025
cik:0001070750,0001070750,HST,HST,Host Hotels & Resorts,Host Hotels & Resorts,2020,2025,6,1,0,0,0,0,2020|2021|2022|2023|2024|2025
cik:0001071739,0001071739,CNC,CNC,Centene Corporation,Centene Corporation,2020,2025,6,1,0,0,0,0,2020|2021|2022|2023|2024|2025
cik:0001075531,0001075531,BKNG,BKNG,Booking Holdings,Booking Holdings,2020,2025,6,1,0,0,0,0,2020|2021|2022|2023|2024|2025
cik:0001086222,0001086222,AKAM,AKAM,Akamai Technologies,Akamai Technologies,2020,2025,6,1,0,0,0,0,2020|2021|2022|2023|2024|2025
cik:0001090012,0001090012,DVN,DVN,Devon Energy,Devon Energy,2020,2025,6,1,0,0,0,0,2020|2021|2022|2023|2024|2025
cik:0001090727,0001090727,UPS,UPS,United Parcel Service,United Parcel Service,2020,2025,6,1,0,0,0,0,2020|2021|2022|2023|2024|2025
cik:0001090872,0001090872,A,A,Agilent Technologies,Agilent Technologies,2020,2025,6,1,0,0,0,0,2020|2021|2022|2023|2024|2025
cik:0001091667,0001091667,CHTR,CHTR,Charter Communications,Charter Communications,2020,2025,6,1,0,0,0,0,2020|2021|2022|2023|2024|2025
cik:0001093557,0001093557,DXCM,DXCM,Dexcom,Dexcom,2020,2025,6,1,0,0,0,0,2020|2021|2022|2023|2024|2025
cik:0001094285,0001094285,TDY,TDY,Teledyne Technologies,Teledyne Technologies,2021,2025,4,0,1,0,0,0,2021|2022|2024|2025
cik:0001095073,0001095073,EG,EG,Everest Group,Everest Group,2023,2025,3,0,0,0,0,0,2023|2024|2025
cik:0001097149,0001097149,ALGN,ALGN,Align Technology,Align Technology,2020,2025,6,1,0,0,0,0,2020|2021|2022|2023|2024|2025
cik:0001097864,0001097864,ON,ON,ON Semiconductor,ON Semiconductor,2022,2025,4,0,0,0,0,0,2022|2023|2024|2025
cik:0001099219,0001099219,MET,MET,MetLife,MetLife,2020,2025,6,1,0,0,0,0,2020|2021|2022|2023|2024|2025
cik:0001099800,0001099800,EW,EW,Edwards Lifesciences,Edwards Lifesciences,2020,2025,6,1,0,0,0,0,2020|2021|2022|2023|2024|2025
cik:0001100682,0001100682,CRL,CRL,Charles River Laboratories,Charles River Laboratories,2021,2025,5,0,0,0,0,0,2021|2022|2023|2024|2025
cik:0001101239,0001101239,EQIX,EQIX,Equinix,Equinix,2020,2025,6,1,0,0,0,0,2020|2021|2022|2023|2024|2025
cik:0001103982,0001103982,MDLZ,MDLZ,Mondelez International,Mondelez International,2020,2025,6,1,0,0,0,0,2020|2021|2022|2023|2024|2025
cik:0001108524,0001108524,CRM,CRM,Salesforce,Salesforce,2020,2025,6,1,0,0,0,0,2020|2021|2022|2023|2024|2025
cik:0001109357,0001109357,EXC,EXC,Exelon,Exelon,2020,2025,6,1,0,0,0,0,2020|2021|2022|2023|2024|2025
cik:0001110803,0001110803,ILMN,ILMN,"Illumina, Inc.","Illumina, Inc.",2021,2022,2,0,0,0,0,0,2021|2022
cik:0001111711,0001111711,NI,NI,NiSource,NiSource,2020,2025,6,1,0,0,0,0,2020|2021|2022|2023|2024|2025
cik:0001111928,0001111928,IPGP,IPGP,IPG Photonics,IPG Photonics,2020,2021,2,0,0,0,0,0,2020|2021
cik:0001113169,0001113169,TROW,TROW,T. Rowe Price,T. Rowe Price,2020,2025,6,1,0,0,0,0,2020|2021|2022|2023|2024|2025
cik:0001116132,0001116132,TPR,TPR,"Tapestry, Inc.","Tapestry, Inc.",2020,2025,6,1,0,0,0,0,2020|2021|2022|2023|2024|2025
cik:0001120193,0001120193,NDAQ,NDAQ,"Nasdaq, Inc.","Nasdaq, Inc.",2020,2025,6,1,0,0,0,0,2020|2021|2022|2023|2024|2025
cik:0001121788,0001121788,GRMN,GRMN,Garmin,Garmin,2020,2025,6,1,0,0,0,0,2020|2021|2022|2023|2024|2025
cik:0001123360,0001123360,GPN,GPN,Global Payments,Global Payments,2020,2025,6,1,0,0,0,0,2020|2021|2022|2023|2024|2025
cik:0001126328,0001126328,PFG,PFG,Principal Financial Group,Principal Financial Group,2020,2025,6,1,0,0,0,0,2020|2021|2022|2023|2024|2025
cik:0001130310,0001130310,CNP,CNP,CenterPoint Energy,CenterPoint Energy,2020,2025,6,1,0,0,0,0,2020|2021|2022|2023|2024|2025
cik:0001133421,0001133421,NOC,NOC,Northrop Grumman,Northrop Grumman,2020,2025,6,1,0,0,0,0,2020|2021|2022|2023|2024|2025
cik:0001136869,0001136869,ZBH,ZBH,Zimmer Biomet,Zimmer Biomet,2020,2025,6,1,0,0,0,0,2020|2021|2022|2023|2024|2025
cik:0001136893,0001136893,FIS,FIS,Fidelity National Information Services,Fidelity National Information Services,2020,2025,6,1,0,0,0,0,2020|2021|2022|2023|2024|2025
cik:0001137774,0001137774,PRU,PRU,Prudential Financial,Prudential Financial,2020,2025,6,1,0,0,0,0,2020|2021|2022|2023|2024|2025
cik:0001137789,0001137789,STX,STX,Seagate Technology,Seagate Technology,2020,2025,6,1,0,0,0,0,2020|2021|2022|2023|2024|2025
cik:0001138118,0001138118,CBRE,CBRE,CBRE Group,CBRE Group,2020,2025,6,1,0,0,0,0,2020|2021|2022|2023|2024|2025
cik:0001140536,0001140536,WLTW,WTW,Willis Towers Watson,Willis Towers Watson,2020,2025,6,1,0,1,0,0,2020|2021|2022|2023|2024|2025
cik:0001140859,0001140859,ABC,COR,AmerisourceBergen,Cencora,2020,2025,6,1,0,1,1,0,2020|2021|2022|2023|2024|2025
cik:0001141391,0001141391,MA,MA,Mastercard,Mastercard,2020,2025,6,1,0,0,0,0,2020|2021|2022|2023|2024|2025
cik:0001145197,0001145197,PODD,PODD,Insulet Corporation,Insulet Corporation,2023,2025,3,0,0,0,0,0,2023|2024|2025
cik:0001156039,0001156039,ANTM,ELV,Anthem,Elevance Health,2020,2025,6,1,0,1,1,0,2020|2021|2022|2023|2024|2025
cik:0001156375,0001156375,CME,CME,CME Group,CME Group,2020,2025,6,1,0,0,0,0,2020|2021|2022|2023|2024|2025
cik:0001158449,0001158449,AAP,AAP,Advance Auto Parts,Advance Auto Parts,2021,2021,1,0,0,0,0,0,2021
cik:0001163165,0001163165,COP,COP,ConocoPhillips,ConocoPhillips,2020,2025,6,1,0,0,0,0,2020|2021|2022|2023|2024|2025
cik:0001164727,0001164727,NEM,NEM,Newmont,Newmont,2020,2025,6,1,0,0,0,0,2020|2021|2022|2023|2024|2025
cik:0001166691,0001166691,CMCSA,CMCSA,Comcast,Comcast,2020,2025,6,1,0,0,0,0,2020|2021|2022|2023|2024|2025
cik:0001170010,0001170010,KMX,KMX,CarMax,CarMax,2020,2024,5,0,0,0,0,0,2020|2021|2022|2023|2024
cik:0001174922,0001174922,WYNN,WYNN,Wynn Resorts,Wynn Resorts,2020,2025,6,1,0,0,0,0,2020|2021|2022|2023|2024|2025
cik:0001175454,0001175454,CPAY,CPAY,Corpay,Corpay,2024,2025,2,0,0,0,0,0,2024|2025
cik:0001176948,0001176948,ARES,ARES,Ares Management,Ares Management,2025,2025,1,0,0,0,0,0,2025
cik:0001179929,0001179929,MOH,MOH,Molina Healthcare,Molina Healthcare,2022,2024,3,0,0,0,0,0,2022|2023|2024
cik:0001260221,0001260221,TDG,TDG,TransDigm Group,TransDigm Group,2020,2025,6,1,0,0,0,0,2020|2021|2022|2023|2024|2025
cik:0001262039,0001262039,FTNT,FTNT,Fortinet,Fortinet,2020,2025,6,1,0,0,0,0,2020|2021|2022|2023|2024|2025
cik:0001267238,0001267238,AIZ,AIZ,Assurant,Assurant,2020,2025,6,1,0,0,0,0,2020|2021|2022|2023|2024|2025
cik:0001274494,0001274494,FSLR,FSLR,First Solar,First Solar,2022,2025,4,0,0,0,0,0,2022|2023|2024|2025
cik:0001278021,0001278021,MKTX,MKTX,MarketAxess,MarketAxess,2020,2024,5,0,0,0,0,0,2020|2021|2022|2023|2024
cik:0001280452,0001280452,MPWR,MPWR,Monolithic Power Systems,Monolithic Power Systems,2021,2025,5,0,0,0,0,0,2021|2022|2023|2024|2025
cik:0001281761,0001281761,RF,RF,Regions Financial Corporation,Regions Financial Corporation,2020,2025,6,1,0,0,0,0,2020|2021|2022|2023|2024|2025
cik:0001283699,0001283699,TMUS,TMUS,T-Mobile US,T-Mobile US,2020,2025,6,1,0,0,0,0,2020|2021|2022|2023|2024|2025
cik:0001285785,0001285785,MOS,MOS,Mosaic Company (The),Mosaic Company (The),2020,2025,6,1,0,0,0,0,2020|2021|2022|2023|2024|2025
cik:0001286681,0001286681,DPZ,DPZ,Domino's,Domino's,2021,2025,4,0,1,0,0,0,2021|2022|2024|2025
cik:0001289490,0001289490,EXR,EXR,Extra Space Storage,Extra Space Storage,2020,2025,6,1,0,0,0,0,2020|2021|2022|2023|2024|2025
cik:0001297996,0001297996,DLR,DLR,Digital Realty,Digital Realty,2020,2025,6,1,0,0,0,0,2020|2021|2022|2023|2024|2025
cik:0001300514,0001300514,LVS,LVS,Las Vegas Sands,Las Vegas Sands,2020,2025,6,1,0,0,0,0,2020|2021|2022|2023|2024|2025
cik:0001306830,0001306830,CE,CE,Celanese,Celanese,2020,2024,5,0,0,0,0,0,2020|2021|2022|2023|2024
cik:0001316835,0001316835,BLDR,BLDR,Builders FirstSource,Builders FirstSource,2023,2025,3,0,0,0,0,0,2023|2024|2025
cik:0001318605,0001318605,TSLA,TSLA,"Tesla, Inc.","Tesla, Inc.",2020,2025,6,1,0,0,0,0,2020|2021|2022|2023|2024|2025
cik:0001321655,0001321655,PLTR,PLTR,Palantir Technologies,Palantir Technologies,2024,2025,2,0,0,0,0,0,2024|2025
cik:0001324404,0001324404,CF,CF,CF Industries,CF Industries,2020,2025,6,1,0,0,0,0,2020|2021|2022|2023|2024|2025
cik:0001324424,0001324424,EXPE,EXPE,Expedia Group,Expedia Group,2020,2025,6,1,0,0,0,0,2020|2021|2022|2023|2024|2025
cik:0001326160,0001326160,DUK,DUK,Duke Energy,Duke Energy,2020,2025,6,1,0,0,0,0,2020|2021|2022|2023|2024|2025
cik:0001326801,0001326801,FB,META,Facebook,Meta Platforms,2020,2025,6,1,0,1,1,0,2020|2021|2022|2023|2024|2025
cik:0001327567,0001327567,PANW,PANW,Palo Alto Networks,Palo Alto Networks,2023,2025,3,0,0,0,0,0,2023|2024|2025
cik:0001327811,0001327811,WDAY,WDAY,"Workday, Inc.","Workday, Inc.",2024,2025,2,0,0,0,0,0,2024|2025
cik:0001335258,0001335258,LYV,LYV,Live Nation Entertainment,Live Nation Entertainment,2020,2025,6,1,0,0,0,0,2020|2021|2022|2023|2024|2025
cik:0001336917,0001336917,UAA|UA,UAA|UA,Under Armour (Class A)|Under Armour (Class C),Under Armour (Class A)|Under Armour (Class C),2020,2021,2,0,0,0,0,0,2020|2021
cik:0001336920,0001336920,LDOS,LDOS,Leidos,Leidos,2020,2025,4,0,1,0,0,0,2020|2022|2023|2025
cik:0001341439,0001341439,ORCL,ORCL,Oracle Corporation,Oracle Corporation,2020,2025,6,1,0,0,0,0,2020|2021|2022|2023|2024|2025
cik:0001352010,0001352010,EPAM,EPAM,EPAM Systems,EPAM Systems,2021,2024,4,0,0,0,0,0,2021|2022|2023|2024
cik:0001365135,0001365135,WU,WU,Western Union,Western Union,2020,2020,1,0,0,0,0,0,2020
cik:0001370637,0001370637,ETSY,ETSY,Etsy,Etsy,2020,2023,4,0,0,0,0,0,2020|2021|2022|2023
cik:0001373715,0001373715,NOW,NOW,ServiceNow,ServiceNow,2020,2025,6,1,0,0,0,0,2020|2021|2022|2023|2024|2025
cik:0001374310,0001374310,CBOE,CBOE,Cboe Global Markets,Cboe Global Markets,2020,2025,6,1,0,0,0,0,2020|2021|2022|2023|2024|2025
cik:0001375365,0001375365,SMCI,SMCI,Supermicro,Supermicro,2024,2025,2,0,0,0,0,0,2024|2025
cik:0001381197,0001381197,IBKR,IBKR,Interactive Brokers,Interactive Brokers,2025,2025,1,0,0,0,0,0,2025
cik:0001383312,0001383312,BR,BR,Broadridge Financial Solutions,Broadridge Financial Solutions,2020,2025,6,1,0,0,0,0,2020|2021|2022|2023|2024|2025
cik:0001385157,0001385157,TEL,TEL,TE Connectivity,TE Connectivity,2020,2025,6,1,0,0,0,0,2020|2021|2022|2023|2024|2025
cik:0001389170,0001389170,TRGP,TRGP,Targa Resources,Targa Resources,2022,2025,4,0,0,0,0,0,2022|2023|2024|2025
cik:0001390777,0001390777,BK,BK,Bank of New York Mellon,Bank of New York Mellon,2020,2024,5,0,0,0,0,0,2020|2021|2022|2023|2024
cik:0001393311,0001393311,PSA,PSA,Public Storage,Public Storage,2020,2025,6,1,0,0,0,0,2020|2021|2022|2023|2024|2025
cik:0001393818,0001393818,BX,BX,Blackstone Inc.,Blackstone Inc.,2023,2025,3,0,0,0,0,0,2023|2024|2025
cik:0001396009,0001396009,VMC,VMC,Vulcan Materials Company,Vulcan Materials Company,2020,2025,6,1,0,0,0,0,2020|2021|2022|2023|2024|2025
cik:0001397187,0001397187,LULU,LULU,Lululemon Athletica,Lululemon Athletica,2023,2025,3,0,0,0,0,0,2023|2024|2025
cik:0001402057,0001402057,CDW,CDW,CDW Corporation,CDW Corporation,2020,2025,6,1,0,0,0,0,2020|2021|2022|2023|2024|2025
cik:0001403161,0001403161,V,V,Visa Inc.,Visa Inc.,2020,2025,6,1,0,0,0,0,2020|2021|2022|2023|2024|2025
cik:0001403568,0001403568,ULTA,ULTA,Ulta Beauty,Ulta Beauty,2020,2025,6,1,0,0,0,0,2020|2021|2022|2023|2024|2025
cik:0001404912,0001404912,KKR,KKR,KKR & Co.,KKR & Co.,2024,2025,2,0,0,0,0,0,2024|2025
cik:0001408198,0001408198,MSCI,MSCI,MSCI Inc.,MSCI Inc.,2020,2025,6,1,0,0,0,0,2020|2021|2022|2023|2024|2025
cik:0001410636,0001410636,AWK,AWK,American Water Works,American Water Works,2020,2025,6,1,0,0,0,0,2020|2021|2022|2023|2024|2025
cik:0001413329,0001413329,PM,PM,Philip Morris International,Philip Morris International,2020,2025,6,1,0,0,0,0,2020|2021|2022|2023|2024|2025
cik:0001413447,0001413447,NXPI,NXPI,NXP Semiconductors,NXP Semiconductors,2021,2025,5,0,0,0,0,0,2021|2022|2023|2024|2025
cik:0001418135,0001418135,KDP,KDP,Keurig Dr Pepper,Keurig Dr Pepper,2022,2025,4,0,0,0,0,0,2022|2023|2024|2025
cik:0001419612,0001419612,SEDG,SEDG,SolarEdge,SolarEdge,2021,2022,2,0,0,0,0,0,2021|2022
cik:0001437107,0001437107,WBD,WBD,Warner Bros. Discovery,Warner Bros. Discovery,2022,2025,4,0,0,0,0,0,2022|2023|2024|2025
cik:0001442145,0001442145,VRSK,VRSK,Verisk Analytics,Verisk Analytics,2020,2025,6,1,0,0,0,0,2020|2021|2022|2023|2024|2025
cik:0001463101,0001463101,ENPH,ENPH,Enphase Energy,Enphase Energy,2021,2024,4,0,0,0,0,0,2021|2022|2023|2024
cik:0001466258,0001466258,TT,TT,Trane Technologies,Trane Technologies,2020,2025,6,1,0,0,0,0,2020|2021|2022|2023|2024|2025
cik:0001467373,0001467373,ACN,ACN,Accenture,Accenture,2020,2025,6,1,0,0,0,0,2020|2021|2022|2023|2024|2025
cik:0001467858,0001467858,GM,GM,General Motors,General Motors,2020,2025,6,1,0,0,0,0,2020|2021|2022|2023|2024|2025
cik:0001474735,0001474735,GNRC,GNRC,Generac,Generac,2021,2025,5,0,0,0,0,0,2021|2022|2023|2024|2025
cik:0001478242,0001478242,IQV,IQV,IQVIA,IQVIA,2020,2025,6,1,0,0,0,0,2020|2021|2022|2023|2024|2025
cik:0001489393,0001489393,LYB,LYB,LyondellBasell,LyondellBasell,2020,2025,6,1,0,0,0,0,2020|2021|2022|2023|2024|2025
cik:0001501585,0001501585,HII,HII,Huntington Ingalls Industries,Huntington Ingalls Industries,2020,2025,6,1,0,0,0,0,2020|2021|2022|2023|2024|2025
cik:0001506307,0001506307,KMI,KMI,Kinder Morgan,Kinder Morgan,2020,2025,6,1,0,0,0,0,2020|2021|2022|2023|2024|2025
cik:0001510295,0001510295,MPC,MPC,Marathon Petroleum,Marathon Petroleum,2020,2025,6,1,0,0,0,0,2020|2021|2022|2023|2024|2025
cik:0001512673,0001512673,XYZ,XYZ,"Block, Inc.","Block, Inc.",2025,2025,1,0,0,0,0,0,2025
cik:0001513761,0001513761,NCLH,NCLH,Norwegian Cruise Line Holdings,Norwegian Cruise Line Holdings,2020,2025,6,1,0,0,0,0,2020|2021|2022|2023|2024|2025
cik:0001521332,0001521332,APTV,APTV,Aptiv,Aptiv,2020,2025,6,1,0,0,0,0,2020|2021|2022|2023|2024|2025
cik:0001524472,0001524472,XYL,XYL,Xylem Inc.,Xylem Inc.,2020,2025,6,1,0,0,0,0,2020|2021|2022|2023|2024|2025
cik:0001534701,0001534701,PSX,PSX,Phillips 66,Phillips 66,2020,2025,6,1,0,0,0,0,2020|2021|2022|2023|2024|2025
cik:0001535527,0001535527,CRWD,CRWD,CrowdStrike,CrowdStrike,2024,2025,2,0,0,0,0,0,2024|2025
cik:0001539838,0001539838,FANG,FANG,Diamondback Energy,Diamondback Energy,2020,2025,6,1,0,0,0,0,2020|2021|2022|2023|2024|2025
cik:0001543151,0001543151,UBER,UBER,Uber,Uber,2023,2025,3,0,0,0,0,0,2023|2024|2025
cik:0001551152,0001551152,ABBV,ABBV,AbbVie,AbbVie,2020,2025,6,1,0,0,0,0,2020|2021|2022|2023|2024|2025
cik:0001551182,0001551182,ETN,ETN,Eaton Corporation,Eaton Corporation,2020,2025,6,1,0,0,0,0,2020|2021|2022|2023|2024|2025
cik:0001555280,0001555280,ZTS,ZTS,Zoetis,Zoetis,2020,2025,6,1,0,0,0,0,2020|2021|2022|2023|2024|2025
cik:0001559720,0001559720,ABNB,ABNB,Airbnb,Airbnb,2023,2025,3,0,0,0,0,0,2023|2024|2025
cik:0001561550,0001561550,DDOG,DDOG,Datadog,Datadog,2025,2025,1,0,0,0,0,0,2025
cik:0001564708,0001564708,NWSA|NWS,NWSA|NWS,News Corp (Class A)|News Corp (Class B),News Corp (Class A)|News Corp (Class B),2020,2025,6,1,0,0,0,0,2020|2021|2022|2023|2024|2025
cik:0001571949,0001571949,ICE,ICE,Intercontinental Exchange,Intercontinental Exchange,2020,2025,6,1,0,0,0,0,2020|2021|2022|2023|2024|2025
cik:0001571996,0001571996,DELL,DELL,Dell Technologies,Dell Technologies,2024,2025,2,0,0,0,0,0,2024|2025
cik:0001579241,0001579241,ALLE,ALLE,Allegion,Allegion,2020,2025,6,1,0,0,0,0,2020|2021|2022|2023|2024|2025
cik:0001585364,0001585364,PRGO,PRGO,Perrigo,Perrigo,2020,2020,1,0,0,0,0,0,2020
cik:0001585689,0001585689,HLT,HLT,Hilton Worldwide,Hilton Worldwide,2020,2025,6,1,0,0,0,0,2020|2021|2022|2023|2024|2025
cik:0001590895,0001590895,CZR,CZR,Caesars Entertainment,Caesars Entertainment,2021,2024,4,0,0,0,0,0,2021|2022|2023|2024
cik:0001590955,0001590955,PAYC,PAYC,Paycom,Paycom,2020,2024,5,0,0,0,0,0,2020|2021|2022|2023|2024
cik:0001596532,0001596532,ANET,ANET,Arista Networks,Arista Networks,2020,2025,6,1,0,0,0,0,2020|2021|2022|2023|2024|2025
cik:0001601046,0001601046,KEYS,KEYS,Keysight Technologies,Keysight Technologies,2020,2025,6,1,0,0,0,0,2020|2021|2022|2023|2024|2025
cik:0001601712,0001601712,SYF,SYF,Synchrony Financial,Synchrony Financial,2020,2025,6,1,0,0,0,0,2020|2021|2022|2023|2024|2025
cik:0001604778,0001604778,QRVO,QRVO,Qorvo,Qorvo,2020,2023,4,0,0,0,0,0,2020|2021|2022|2023
cik:0001609711,0001609711,GDDY,GDDY,GoDaddy,GoDaddy,2024,2025,2,0,0,0,0,0,2024|2025
cik:0001613103,0001613103,MDT,MDT,Medtronic,Medtronic,2020,2025,6,1,0,0,0,0,2020|2021|2022|2023|2024|2025
cik:0001633917,0001633917,PYPL,PYPL,PayPal,PayPal,2020,2025,6,1,0,0,0,0,2020|2021|2022|2023|2024|2025
cik:0001637459,0001637459,KHC,KHC,Kraft Heinz,Kraft Heinz,2020,2025,6,1,0,0,0,0,2020|2021|2022|2023|2024|2025
cik:0001645590,0001645590,HPE,HPE,Hewlett Packard Enterprise,Hewlett Packard Enterprise,2020,2025,6,1,0,0,0,0,2020|2021|2022|2023|2024|2025
cik:0001652044,0001652044,GOOGL|GOOG,GOOGL|GOOG,Alphabet Inc. (Class A)|Alphabet Inc. (Class C),Alphabet Inc. (Class A)|Alphabet Inc. (Class C),2020,2025,6,1,0,0,0,0,2020|2021|2022|2023|2024|2025
cik:0001659166,0001659166,FTV,FTV,Fortive,Fortive,2020,2025,6,1,0,0,0,0,2020|2021|2022|2023|2024|2025
cik:0001666700,0001666700,DD,DD,DuPont,DuPont,2020,2025,6,1,0,0,0,0,2020|2021|2022|2023|2024|2025
cik:0001671933,0001671933,TTD,TTD,Trade Desk (The),Trade Desk (The),2025,2025,1,0,0,0,0,0,2025
cik:0001679273,0001679273,LW,LW,Lamb Weston,Lamb Weston,2020,2024,5,0,0,0,0,0,2020|2021|2022|2023|2024
cik:0001679788,0001679788,COIN,COIN,Coinbase,Coinbase,2025,2025,1,0,0,0,0,0,2025
cik:0001681459,0001681459,FTI,FTI,TechnipFMC,TechnipFMC,2020,2020,1,0,0,0,0,0,2020
cik:0001682852,0001682852,MRNA,MRNA,Moderna,Moderna,2021,2025,5,0,0,0,0,0,2021|2022|2023|2024|2025
cik:0001687229,0001687229,INVH,INVH,Invitation Homes,Invitation Homes,2022,2025,4,0,0,0,0,0,2022|2023|2024|2025
cik:0001688568,0001688568,DXC,DXC,DXC Technology,DXC Technology,2020,2022,3,0,0,0,0,0,2020|2021|2022
cik:0001690820,0001690820,CVNA,CVNA,Carvana,Carvana,2025,2025,1,0,0,0,0,0,2025
cik:0001692819,0001692819,VST,VST,Vistra Corp.,Vistra Corp.,2024,2025,2,0,0,0,0,0,2024|2025
cik:0001699150,0001699150,IR,IR,Ingersoll Rand,Ingersoll Rand,2020,2025,6,1,0,0,0,0,2020|2021|2022|2023|2024|2025
cik:0001701605,0001701605,BKR,BKR,Baker Hughes,Baker Hughes,2020,2025,6,1,0,0,0,0,2020|2021|2022|2023|2024|2025
cik:0001705696,0001705696,VICI,VICI,Vici Properties,Vici Properties,2022,2025,4,0,0,0,0,0,2022|2023|2024|2025
cik:0001707925,0001707925,LIN,LIN,Linde plc,Linde plc,2020,2025,6,1,0,0,0,0,2020|2021|2022|2023|2024|2025
cik:0001711269,0001711269,EVRG,EVRG,Evergy,Evergy,2020,2025,6,1,0,0,0,0,2020|2021|2022|2023|2024|2025
cik:0001730168,0001730168,AVGO,AVGO,Broadcom,Broadcom,2020,2025,6,1,0,0,0,0,2020|2021|2022|2023|2024|2025
cik:0001732845,0001732845,WRK,WRK,WestRock,WestRock,2020,2023,4,0,0,0,0,0,2020|2021|2022|2023
cik:0001739940,0001739940,CI,CI,Cigna,Cigna,2020,2025,6,1,0,0,0,0,2020|2021|2022|2023|2024|2025
cik:0001744489,0001744489,DIS,DIS,Walt Disney Company (The),Walt Disney Company (The),2020,2025,6,1,0,0,0,0,2020|2021|2022|2023|2024|2025
cik:0001748790,0001748790,AMCR,AMCR,Amcor,Amcor,2020,2025,6,1,0,0,0,0,2020|2021|2022|2023|2024|2025
cik:0001751008,0001751008,APP,APP,AppLovin,AppLovin,2025,2025,1,0,0,0,0,0,2025
cik:0001751788,0001751788,DOW,DOW,Dow Inc.,Dow Inc.,2020,2025,6,1,0,0,0,0,2020|2021|2022|2023|2024|2025
cik:0001754301,0001754301,FOXA|FOX,FOXA|FOX,Fox Corporation (Class A)|Fox Corporation (Class B),Fox Corporation (Class A)|Fox Corporation (Class B),2020,2025,6,1,0,0,0,0,2020|2021|2022|2023|2024|2025
cik:0001755672,0001755672,CTVA,CTVA,Corteva,Corteva,2020,2025,6,1,0,0,0,0,2020|2021|2022|2023|2024|2025
cik:0001757898,0001757898,STE,STE,Steris,Steris,2020,2025,6,1,0,0,0,0,2020|2021|2022|2023|2024|2025
cik:0001770450,0001770450,XRX,XRX,Xerox,Xerox,2020,2020,1,0,0,0,0,0,2020
cik:0001781335,0001781335,OTIS,OTIS,Otis Worldwide,Otis Worldwide,2020,2025,6,1,0,0,0,0,2020|2021|2022|2023|2024|2025
cik:0001783180,0001783180,CARR,CARR,Carrier Global,Carrier Global,2020,2025,6,1,0,0,0,0,2020|2021|2022|2023|2024|2025
cik:0001783879,0001783879,HOOD,HOOD,Robinhood Markets,Robinhood Markets,2025,2025,1,0,0,0,0,0,2025
cik:0001786842,0001786842,VNT,VNT,Vontier,Vontier,2020,2020,1,0,0,0,0,0,2020
cik:0001792044,0001792044,VTRS,VTRS,Viatris,Viatris,2020,2025,6,1,0,0,0,0,2020|2021|2022|2023|2024|2025
cik:0001792789,0001792789,DASH,DASH,DoorDash,DoorDash,2025,2025,1,0,0,0,0,0,2025
cik:0001811074,0001811074,TPL,TPL,Texas Pacific Land Corporation,Texas Pacific Land Corporation,2024,2025,2,0,0,0,0,0,2024|2025
cik:0001821825,0001821825,OGN,OGN,Organon & Co.,Organon & Co.,2021,2022,2,0,0,0,0,0,2021|2022
cik:0001841666,0001841666,APA,APA,APA Corporation,APA Corporation,2021,2025,5,0,0,0,0,0,2021|2022|2023|2024|2025
cik:0001858681,0001858681,APO,APO,Apollo Global Management,Apollo Global Management,2024,2025,2,0,0,0,0,0,2024|2025
cik:0001868275,0001868275,CEG,CEG,Constellation Energy,Constellation Energy,2022,2025,4,0,0,0,0,0,2022|2023|2024|2025
cik:0001932393,0001932393,GEHC,GEHC,GE HealthCare,GE HealthCare,2023,2025,3,0,0,0,0,0,2023|2024|2025
cik:0001944048,0001944048,KVUE,KVUE,Kenvue,Kenvue,2023,2025,3,0,0,0,0,0,2023|2024|2025
cik:0001964738,0001964738,SOLV,SOLV,Solventum,Solventum,2024,2025,2,0,0,0,0,0,2024|2025
cik:0001967680,0001967680,VLTO,VLTO,Veralto,Veralto,2023,2025,3,0,0,0,0,0,2023|2024|2025
cik:0001973266,0001973266,TKO,TKO,TKO Group Holdings,TKO Group Holdings,2025,2025,1,0,0,0,0,0,2025
cik:0001996810,0001996810,GEV,GEV,GE Vernova,GE Vernova,2024,2025,2,0,0,0,0,0,2024|2025
cik:0001996862,0001996862,BG,BG,Bunge Global,Bunge Global,2023,2025,3,0,0,0,0,0,2023|2024|2025
cik:0002005951,0002005951,SW,SW,Smurfit Westrock,Smurfit Westrock,2024,2025,2,0,0,0,0,0,2024|2025
cik:0002012383,0002012383,BLK,BLK,BlackRock,BlackRock,2024,2025,2,0,0,0,0,0,2024|2025
cik:0002023554,0002023554,SNDK,SNDK,Sandisk,Sandisk,2025,2025,1,0,0,0,0,0,2025
cik:0002041610,0002041610,PSKY,PSKY,Paramount Skydance Corporation,Paramount Skydance Corporation,2025,2025,1,0,0,0,0,0,2025
cik:0002058873,0002058873,Q,Q,Qnity Electronics,Qnity Electronics,2025,2025,1,0,0,0,0,0,2025
