company_id,cik,accession_number,object_key,sha256,file_size,upload_status
S2023-001,0000066740,0000066740-24-000016,2023/sample_500/html/raw/0000066740/0000066740-24-000016.html,52ec7cb1c85bc9a0495460b8c4f043f344f33dd8d9175788226fffe52849184a,4286095,uploaded
S2023-002,0000091142,0000091142-24-000041,2023/sample_500/html/raw/0000091142/0000091142-24-000041.html,38c1cff5d98058fd655ac8b9e48aef77e835d43746ec23c0e5e448ef0fe467e7,1914385,uploaded
S2023-003,0000874761,0000874761-24-000011,2023/sample_500/html/raw/0000874761/0000874761-24-000011.html,af741879d88dbb654959ade26f6e7a5f14aeb1b22c242db4ad1df6e96f8fd650,6410940,uploaded
S2023-004,0001841666,0001784031-24-000003,2023/sample_500/html/raw/0001841666/0001784031-24-000003.html,f5147d8f094c96cb5d932d9fee8ac4ce59d756e3f71040b1eafd3bcf63c8ce85,4359100,uploaded
S2023-005,0000732717,0000732717-24-000009,2023/sample_500/html/raw/0000732717/0000732717-24-000009.html,980359e976c1831854aaedf5177a146922af4a2309d28c6417ef53f774d094e9,4360250,uploaded
S2023-006,0001551152,0001551152-24-000011,2023/sample_500/html/raw/0001551152/0001551152-24-000011.html,c554dd1cd2158b715990315e78cc168afa617c00bfa753e8a9f27a651cf95dc7,3701766,uploaded
S2023-007,0000001800,0001628280-24-005348,2023/sample_500/html/raw/0000001800/0001628280-24-005348.html,e9bc6cc293af9a87f2208597fbe5f032139c757fab95c0080d0cf00f4830a9ce,2675005,uploaded
S2023-008,0001467373,0001467373-23-000324,2023/sample_500/html/raw/0001467373/0001467373-23-000324.html,8bfd82832110f07b3fa5f8469627f0a971aca773be3169b96dbfc270fbbd6440,2767778,uploaded
S2023-009,0000796343,0000796343-24-000006,2023/sample_500/html/raw/0000796343/0000796343-24-000006.html,da9bf4e7bc6d928d686eaf1728be427e551a3f8eb95bf78c69f179d73fcfea84,2451373,uploaded
S2023-010,0000002488,0000002488-24-000012,2023/sample_500/html/raw/0000002488/0000002488-24-000012.html,0e9d83bd98b81b70050a88635171e721488f783eada9686fe21d6919ee1b668e,2130305,uploaded
S2023-011,0000004977,0000004977-24-000053,2023/sample_500/html/raw/0000004977/0000004977-24-000053.html,4ecf36785e07bdb19dd1f59e4a335da15fcb61ff071243406834d05b3102d7b6,9368701,uploaded
S2023-012,0001090872,0001090872-23-000020,2023/sample_500/html/raw/0001090872/0001090872-23-000020.html,af3a8bc0b2261e3ab9d951f116680304c6339e179e782818b39fc0cb49acdbaa,3542153,uploaded
S2023-013,0000002969,0000002969-23-000047,2023/sample_500/html/raw/0000002969/0000002969-23-000047.html,b16bc5e2d6b1cef0b6180f26e6541f3891d54497dcba19fc931ec942321fb16e,3798411,uploaded
S2023-014,0001559720,0001559720-24-000006,2023/sample_500/html/raw/0001559720/0001559720-24-000006.html,b434c9931e87ae03b06e26fdc4cf9d73704b804c3719dfb76fa627dbbdc9cbbd,2482453,uploaded
S2023-015,0001086222,0001086222-24-000040,2023/sample_500/html/raw/0001086222/0001086222-24-000040.html,179c67ce8db136258079b8a26f959dd038d4af66f8fe3a26e593f66492e67efe,2457483,uploaded
S2023-016,0000915913,0000915913-24-000016,2023/sample_500/html/raw/0000915913/0000915913-24-000016.html,85deca20b624fffe014de0809ac89b302fb1917cca9addca54ae0933b5dec276,3742974,uploaded
S2023-017,0001035443,0001035443-24-000072,2023/sample_500/html/raw/0001035443/0001035443-24-000072.html,3995e0069dc08f596ba707b778110daf581b8e2536b580030c7cd88970b57a95,6495560,uploaded
S2023-018,0001097149,0001097149-24-000011,2023/sample_500/html/raw/0001097149/0001097149-24-000011.html,ae4041f5eb80bd341e7b09c84b3fdc8e3753f2fef3e2018e25fd0d6f33a9bfc4,2493729,uploaded
S2023-019,0001579241,0001579241-24-000006,2023/sample_500/html/raw/0001579241/0001579241-24-000006.html,dbc5cad944fa907c21f52a10250de1573e2e387323ee248781d9ad7ff10f499a,2529043,uploaded
S2023-020,0000352541,0000352541-24-000014,2023/sample_500/html/raw/0000352541/0000352541-24-000014.html,6daad4e9c1f9dc2166ebdc558a206d6c5a7516f1fd3721b064d51d253e7f9154,5648864,uploaded
S2023-021,0000899051,0000899051-24-000013,2023/sample_500/html/raw/0000899051/0000899051-24-000013.html,40dfab55046739af3cde509abea9d60f94913cd574fe12b14d03042a5425427e,9393475,uploaded
S2023-022,0001652044,0001652044-24-000022,2023/sample_500/html/raw/0001652044/0001652044-24-000022.html,787dd59d770312b204d144b4c78b8de23db1e1d53aae4bf37a52d6d874e903b2,2410403,uploaded
S2023-023,0000764180,0000764180-24-000018,2023/sample_500/html/raw/0000764180/0000764180-24-000018.html,33713c147c0dbe3a4fb642969df9ac3b745b3c387e0e90a5197a5c9f435156f6,3374523,uploaded
S2023-024,0001018724,0001018724-24-000008,2023/sample_500/html/raw/0001018724/0001018724-24-000008.html,a469a0feca6dd5728b10c73076c2c120db58116938614c5b1b864fe13674266d,1945178,uploaded
S2023-025,0001748790,0001748790-23-000030,2023/sample_500/html/raw/0001748790/0001748790-23-000030.html,b261c12b46c40671d399bd978b80f37e2f44abf2ad1eb4c7f3fa33e6a6a849e6,3077234,uploaded
S2023-026,0001002910,0001002910-24-000056,2023/sample_500/html/raw/0001002910/0001002910-24-000056.html,f2ef72d484ff670131093af4a2b3254313f31e60658e37a38885bbebed09efb3,7803061,uploaded
S2023-027,0000006201,0000006201-24-000010,2023/sample_500/html/raw/0000006201/0000006201-24-000010.html,bb78e7e6447d483ef9c918e08f33be93a54e0f7f3386ac7cdda159b5979a3c15,4971518,uploaded
S2023-028,0000004904,0000004904-24-000020,2023/sample_500/html/raw/0000004904/0000004904-24-000020.html,3690b7df211b46ddb52ae23143b202bb756c9bc07a249ddd301d71b36ea19ab2,17631279,uploaded
S2023-029,0000004962,0000004962-24-000013,2023/sample_500/html/raw/0000004962/0000004962-24-000013.html,16cd01b3fd2f8ee1146bdcbc1671303b50aa3656f411cbe6e83f41eb45f43d37,4989885,uploaded
S2023-030,0000005272,0000005272-24-000023,2023/sample_500/html/raw/0000005272/0000005272-24-000023.html,ff80ff6b876b052ea3e60ef604596a7ea63b6dad79e1bb45696746951f5b05f6,16430658,uploaded
S2023-031,0001053507,0001053507-24-000011,2023/sample_500/html/raw/0001053507/0001053507-24-000011.html,7adeadb3c6e2f0f2675672d117dd188a081e730ffb414a694b31e5d3223d42ec,4180884,uploaded
S2023-032,0001410636,0001410636-24-000050,2023/sample_500/html/raw/0001410636/0001410636-24-000050.html,c07c82c1b6c305ef2bf648f57555d33327df1ce979e4a1cdaf2d5fee97e95c87,3844938,uploaded
S2023-033,0000820027,0000820027-24-000015,2023/sample_500/html/raw/0000820027/0000820027-24-000015.html,01af14af443b087722ec4b98073998b28d97de5e6acef01525c819e1d6d4d071,9368000,uploaded
S2023-034,0001037868,0001037868-24-000009,2023/sample_500/html/raw/0001037868/0001037868-24-000009.html,9d39e60baa105eaec88522645a5894aa7e1d52d81114ad71ed2d532d8fa16d91,2129564,uploaded
S2023-035,0000318154,0000318154-24-000011,2023/sample_500/html/raw/0000318154/0000318154-24-000011.html,aab9340d2a2601c87b99bfac98e55c9c01f78f4f402c3aeef20ef26bae91afbb,3754954,uploaded
S2023-036,0000820313,0001558370-24-000866,2023/sample_500/html/raw/0000820313/0001558370-24-000866.html,6e9e7ef92deecff240a4662d954e83aa72408aa1c19e15459619e1757563cde9,5022316,uploaded
S2023-037,0000006281,0000006281-23-000203,2023/sample_500/html/raw/0000006281/0000006281-23-000203.html,57957497d9304a0bb77fdc9bdb947b457850ac2df2d03765131038b8522ea006,2593634,uploaded
S2023-038,0000315293,0001628280-24-005392,2023/sample_500/html/raw/0000315293/0001628280-24-005392.html,7f84c8614ee1394536a41ccc7a464f6943e859fac1f64cabf1e3aa2182e4481b,3389513,uploaded
S2023-039,0000320193,0000320193-23-000106,2023/sample_500/html/raw/0000320193/0000320193-23-000106.html,bda1f34435199672c16ecdf2034c650872d2cac8399ed0d179fc25450b080b90,1558924,uploaded
S2023-040,0000006951,0000006951-23-000041,2023/sample_500/html/raw/0000006951/0000006951-23-000041.html,a64026858feebf801b36b6a14da745029c6732d0e5b96ccd73b0af12f7bd40dc,2806872,uploaded
S2023-041,0001521332,0001521332-24-000011,2023/sample_500/html/raw/0001521332/0001521332-24-000011.html,b8897ed257516506a5184fc36a4bed45a50b6d1c41e75513ce7d7fadc8638290,3979756,uploaded
S2023-042,0000947484,0000947484-24-000020,2023/sample_500/html/raw/0000947484/0000947484-24-000020.html,465cc259bf9cd644785e9557883716c1b4e7c04028b433d9d7cfb33e9450aec1,7658848,uploaded
S2023-043,0000007084,0000007084-24-000009,2023/sample_500/html/raw/0000007084/0000007084-24-000009.html,79e81bece1145ac03a7454eeaaa8f81768ee1586ecfcd7e233ca40cbb30ff75d,3709456,uploaded
S2023-044,0001596532,0001596532-24-000043,2023/sample_500/html/raw/0001596532/0001596532-24-000043.html,a659a7e8403b1e325eabefe2c9adb58a421f81d1634b45ab91f1639a51c171a9,2138845,uploaded
S2023-045,0000354190,0000950170-24-013370,2023/sample_500/html/raw/0000354190/0000950170-24-013370.html,5af0100b364a890ade521912afe2c2e2ea02571732127426749cc94a1c7128f3,7560187,uploaded
S2023-046,0001267238,0001267238-24-000008,2023/sample_500/html/raw/0001267238/0001267238-24-000008.html,68ffcf88da44d582df126c123d77575b9f49011983868401414bcd3aacfbc7bf,5254389,uploaded
S2023-047,0000731802,0000731802-23-000028,2023/sample_500/html/raw/0000731802/0000731802-23-000028.html,745cbbb14424c29b662daaedb6239aef3be773cfd86c9c1d4c5551b4e356f2da,3359355,uploaded
S2023-048,0000866787,0001558370-23-016668,2023/sample_500/html/raw/0000866787/0001558370-23-016668.html,1b2ff4f32de624cd5337d53d495ebb614d8256e6d3ea7ca2792714dc4670d7d5,3003284,uploaded
S2023-049,0000769397,0000769397-23-000036,2023/sample_500/html/raw/0000769397/0000769397-23-000036.html,232154c2dc2c2a7f62bc9429d8637f5f1c6093ccffa88af493bc221905634647,3602762,uploaded
S2023-050,0000008670,0000008670-23-000030,2023/sample_500/html/raw/0000008670/0000008670-23-000030.html,629e1b898f796d97275ee5e29146f177745d5c35cd406fb4209b4c6db0cc1a47,2536250,uploaded
S2023-051,0000915912,0000915912-24-000004,2023/sample_500/html/raw/0000915912/0000915912-24-000004.html,dd78de21d96a337d7407eae4653cdaf4015077ab530d4a9e1b91f236bcbeb9ee,5950726,uploaded
S2023-052,0000008818,0000008818-24-000003,2023/sample_500/html/raw/0000008818/0000008818-24-000003.html,e59d464a41150c737c7357edd99ca7957ff6e6cb60a18d2892f60548cf8343dc,2546118,uploaded
S2023-053,0001069183,0001069183-24-000006,2023/sample_500/html/raw/0001069183/0001069183-24-000006.html,7645aa04193b1e25dcfd3d280ffcfb87e9d8eb1e978028d66aebf8491e86d669,4209584,uploaded
S2023-054,0001037540,0001656423-24-000007,2023/sample_500/html/raw/0001037540/0001656423-24-000007.html,aa6a563a68310587610673166cf9d3703ccb29c7ccd936bdfd248c6a7caec0a7,7712682,uploaded
S2023-055,0001701605,0001701605-24-000033,2023/sample_500/html/raw/0001701605/0001701605-24-000033.html,8ab363b040b7e85cc66011d45e15e094354d566d57f0ae4a92c37aa0d8f32a18,2053282,uploaded
S2023-056,0000009389,0001558370-24-001349,2023/sample_500/html/raw/0000009389/0001558370-24-001349.html,67b7c31d4530bc3c77e0eef71316d5896974e3489138c91133488a5177f02a9f,4488745,uploaded
S2023-057,0000070858,0000070858-24-000122,2023/sample_500/html/raw/0000070858/0000070858-24-000122.html,ec7ca546700349585038c6f3fec4d1b7bd4721ec25ac680634c38d84a9b3e0d7,12861659,uploaded
S2023-058,0001390777,0001390777-24-000051,2023/sample_500/html/raw/0001390777/0001390777-24-000051.html,dfc712d1bc9c71988617f6d67966091343ec1a736cb0280c64bf26346e0d83a7,1257473,uploaded
S2023-059,0000701985,0000701985-23-000008,2023/sample_500/html/raw/0000701985/0000701985-23-000008.html,c0bc94e75fbb95c0b08533ef77abe6789a8fc38671d56abc62fe145ffa347cbc,2136615,uploaded
S2023-060,0000010456,0001628280-24-003932,2023/sample_500/html/raw/0000010456/0001628280-24-003932.html,e67a4d3fe4289ee36d1716890de6ed7bac5ffbf02a78a4b823a523f69fb90152,3648488,uploaded
S2023-061,0000010795,0000010795-23-000098,2023/sample_500/html/raw/0000010795/0000010795-23-000098.html,d05cbc8a8f58aad63cb4ac68db81fdb53090dae2a91a4c5fd180496eb5f51d46,2947459,uploaded
S2023-062,0001067983,0000950170-24-019719,2023/sample_500/html/raw/0001067983/0000950170-24-019719.html,24f288142fb85939d90bc8d015ac8602549ff44bc2866c298c8dd32ad6073834,8815841,uploaded
S2023-063,0000764478,0000764478-23-000006,2023/sample_500/html/raw/0000764478/0000764478-23-000006.html,654c6af0201adca66b4f564c83e0a351d0180509b82e628a5f1533d030985d4b,7271460,uploaded
S2023-064,0000012208,0000012208-24-000013,2023/sample_500/html/raw/0000012208/0000012208-24-000013.html,6313d28cc76298aa3d15dcc440e39c1e30c15785583f8160c188ab56f4cda480,2313873,uploaded
S2023-065,0000842023,0001558370-23-015226,2023/sample_500/html/raw/0000842023/0001558370-23-015226.html,d834a72e26d6812f7f596a10c0cc81d9a0311a1b25be84089826c6086d2af556,3260852,uploaded
S2023-066,0000875045,0000875045-24-000009,2023/sample_500/html/raw/0000875045/0000875045-24-000009.html,963245ae6841acf3576cdd6feebf51115616463c4b98a6e625fb6a53980d1835,4278977,uploaded
S2023-067,0001393818,0001193125-24-044485,2023/sample_500/html/raw/0001393818/0001193125-24-044485.html,09547f88a3871aae6f79df047b80aadba6ea730fd53a68c80568f1b762988596,10109561,uploaded
S2023-068,0000012927,0000012927-24-000010,2023/sample_500/html/raw/0000012927/0000012927-24-000010.html,8d4aa184eadda59a5216d4783deb24fd9f01cfe0240b7d49395d4cfd0bd4e820,3117171,uploaded
S2023-069,0001075531,0001075531-24-000014,2023/sample_500/html/raw/0001075531/0001075531-24-000014.html,7fe9562839d5b499423e492a36e316b68434ad2424a1264db9b3d84fb4fa0cd4,2780343,uploaded
S2023-070,0000908255,0000908255-24-000007,2023/sample_500/html/raw/0000908255/0000908255-24-000007.html,47a3e2f69c8c1cbd5ceb3bc8a66a6e83b149f74465572d0561f8bd877c72be54,3928217,uploaded
S2023-071,0000885725,0000885725-24-000017,2023/sample_500/html/raw/0000885725/0000885725-24-000017.html,67f217a52e04239a521da49c410eec5eafbafb0a50bd5f4b411382d74be54d03,3255509,uploaded
S2023-072,0000014272,0000014272-24-000044,2023/sample_500/html/raw/0000014272/0000014272-24-000044.html,f57fa80cdd3e9a9cdc2899e5ae4014a28c87dbcc035653ad02633665540e966f,3840270,uploaded
S2023-073,0001730168,0001730168-23-000096,2023/sample_500/html/raw/0001730168/0001730168-23-000096.html,b282b40690a68a4d6c84fcba792caf6374dec657ad21791b26780435637d5d33,2564090,uploaded
S2023-074,0001383312,0001383312-23-000037,2023/sample_500/html/raw/0001383312/0001383312-23-000037.html,1ac4297c3659b2112c59273c66d80b2783cc86cea0d48409c15883c431c0fb86,2663457,uploaded
S2023-075,0000079282,0000950170-24-018890,2023/sample_500/html/raw/0000079282/0000950170-24-018890.html,46f36a2bb4bd35e6a836a95d231b4d53b6a4394a721b2d6abcd9ecc2a03492f9,4925699,uploaded
S2023-076,0000014693,0000014693-23-000074,2023/sample_500/html/raw/0000014693/0000014693-23-000074.html,a51321dc41376e9f083020cdc64fd900d9840c631cfbacde10d5fcd577b8e797,3102980,uploaded
S2023-077,0001316835,0000950170-24-018584,2023/sample_500/html/raw/0001316835/0000950170-24-018584.html,4593b27e74e1c417b7d0ca450dc7d5490466469032bf69a444b31f8882f3f09d,2522622,uploaded
S2023-078,0001996862,0001996862-24-000007,2023/sample_500/html/raw/0001996862/0001996862-24-000007.html,800bd41c688d7081e1f1d9526c6628391e08c32ce0c8d3b58c25ebfd8fcf1d36,4590509,uploaded
S2023-079,0001043277,0001043277-24-000011,2023/sample_500/html/raw/0001043277/0001043277-24-000011.html,b9c44853934d68fb5f1c97c3ecfcbdbae60f8eb8579690b20808d5a75954151c,1999029,uploaded
S2023-080,0001138118,0001138118-24-000006,2023/sample_500/html/raw/0001138118/0001138118-24-000006.html,44901aa6a32ce425c83918cc6bde6ff7ca8210fb9c4096788075ee436710a03c,3133780,uploaded
S2023-081,0001402057,0001402057-24-000015,2023/sample_500/html/raw/0001402057/0001402057-24-000015.html,3cc0be1bac9e42b0cedcff8673d04b1316a2b3d930904f7ae6e4dbb6c738d5bc,2401484,uploaded
S2023-082,0001324404,0001324404-24-000008,2023/sample_500/html/raw/0001324404/0001324404-24-000008.html,d2dc83ac230dc18c31750c964b503e34e3b42f2a2f5c335d27ee5c257b5dd999,4098892,uploaded
S2023-083,0001156375,0001156375-24-000010,2023/sample_500/html/raw/0001156375/0001156375-24-000010.html,92f4d0e7b0d879e21f1ee2fd3fc9d9306a60278ca7ba309efc0aaf9e7b505792,2258101,uploaded
S2023-084,0000811156,0000811156-24-000044,2023/sample_500/html/raw/0000811156/0000811156-24-000044.html,5a821ee2dce4d3ec717e9e485884ee92e168e2da31be7b904f7d2c661b2a6e4b,5658759,uploaded
S2023-085,0000277948,0000277948-24-000010,2023/sample_500/html/raw/0000277948/0000277948-24-000010.html,77d40ca3137a860bb988fb89183fd0e84150c06a6e0b63a9333e98738a7be47e,2412003,uploaded
S2023-086,0000064803,0000064803-24-000007,2023/sample_500/html/raw/0000064803/0000064803-24-000007.html,ff2db647494a7e51347e6b36973d8c3e05548133cf1a29524dc6b73448d70540,5352597,uploaded
S2023-087,0000813672,0000813672-24-000034,2023/sample_500/html/raw/0000813672/0000813672-24-000034.html,0f3a7fc1caf41887c0631db5ab14272b4a2fb34fd7a45d6b42a0e2c97de50a91,2384849,uploaded
S2023-088,0001590895,0001590895-24-000051,2023/sample_500/html/raw/0001590895/0001590895-24-000051.html,382f8f05c26736c8104b3761ba01a5c8b1baeadfb6bd66df36da54fe3c01186e,3529816,uploaded
S2023-089,0000906345,0000906345-24-000007,2023/sample_500/html/raw/0000906345/0000906345-24-000007.html,fcda8f981a558a7b9ed87983db8d5f9563e8385565b69db94fccc3a8044fa3d5,3702925,uploaded
S2023-090,0000016732,0000016732-23-000109,2023/sample_500/html/raw/0000016732/0000016732-23-000109.html,15b31ca645618f889df58df740ec963faaf490a1b829cc72d1fb88ef3b727e35,2894107,uploaded
S2023-091,0000927628,0000927628-24-000094,2023/sample_500/html/raw/0000927628/0000927628-24-000094.html,b2f611cf62a604f81aa1957238af56d9a1c9e8e6a80ce6cda24f070e76a5484e,8252507,uploaded
S2023-092,0001170010,0001170010-23-000010,2023/sample_500/html/raw/0001170010/0001170010-23-000010.html,4cbf9b53fce9ed08b769db9046b0fbd600edcd32010305a7eeb3c896542b50ec,2747724,uploaded
S2023-093,0000721371,0000721371-23-000060,2023/sample_500/html/raw/0000721371/0000721371-23-000060.html,6cda72ea2025d2258808c9dfe00250a0790278a0df19356ea669da199eb61cf1,2602979,uploaded
S2023-094,0000815097,0000815097-24-000011,2023/sample_500/html/raw/0000815097/0000815097-24-000011.html,2e3622cbe6448a6780b4c7627387b229ebaf856c400a368389940d624255aa39,2579396,uploaded
S2023-095,0001783180,0001783180-24-000009,2023/sample_500/html/raw/0001783180/0001783180-24-000009.html,903551b8f2ad4daadd0a8633848c8f21c877069c5af6c33b5d155ee2d04259b1,2839824,uploaded
S2023-096,0000018230,0000018230-24-000009,2023/sample_500/html/raw/0000018230/0000018230-24-000009.html,6234e660810ce6ac07a3574668a3223492164efc9019ff6c05178b0f782ea3d7,5687600,uploaded
S2023-097,0001374310,0001558370-24-001277,2023/sample_500/html/raw/0001374310/0001558370-24-001277.html,b768b088fa83d36c6e2247bb58e4257a32229bb1b6f70d288755e420a03538cf,7423036,uploaded
S2023-098,0001306830,0001306830-24-000029,2023/sample_500/html/raw/0001306830/0001306830-24-000029.html,67f9a0fc400f17649ac3e8800b71550c7db6fd0f646da0d8e542a41ec870f874,3438949,uploaded
S2023-099,0001140859,0001140859-23-000197,2023/sample_500/html/raw/0001140859/0001140859-23-000197.html,d07413b286f878d8315ad863b2a66908dbb9677be493439bbb9bdde2f0475f09,2089319,uploaded
S2023-100,0001071739,0001071739-24-000037,2023/sample_500/html/raw/0001071739/0001071739-24-000037.html,18d5f5c136c9da5534414afd8e922dcd21c901a2ed78a221d03adaab238ecf9c,3181652,uploaded
S2023-101,0001130310,0001130310-24-000010,2023/sample_500/html/raw/0001130310/0001130310-24-000010.html,9d0bec7661a9fe0ade05570ab253389e4c37acd8c01b5d54419eba99e1ba95e7,7361966,uploaded
S2023-102,0001100682,0001100682-24-000007,2023/sample_500/html/raw/0001100682/0001100682-24-000007.html,bd5e49cef998699a395a22db83e6e41cc600520154b972f277cf147ad20db0a9,2937062,uploaded
S2023-103,0000316709,0000316709-24-000018,2023/sample_500/html/raw/0000316709/0000316709-24-000018.html,b05c6acff9162bd0fa003155abffcdfbde0b5bd8040fc51d64656cf28596e13e,5622692,uploaded
S2023-104,0001091667,0001091667-24-000028,2023/sample_500/html/raw/0001091667/0001091667-24-000028.html,f32835739e8ba4417dff065b1494ac853a04e27622f294ead9a547b92716f841,2403663,uploaded
S2023-105,0000093410,0000093410-24-000013,2023/sample_500/html/raw/0000093410/0000093410-24-000013.html,4e8830c4480b1480207abfe84dba5ad4cea8f77f6bab78ad2a13d18f75f9d59b,5809311,uploaded
S2023-106,0001058090,0001562762-24-000023,2023/sample_500/html/raw/0001058090/0001562762-24-000023.html,6d68ce3226f077dac1f0976c636d4c5ed3cd92a7bc2d418659211e5cab22de26,4482905,uploaded
S2023-107,0000896159,0000896159-24-000003,2023/sample_500/html/raw/0000896159/0000896159-24-000003.html,819f3fa72c70d0729c0baef2750d43e7c413fc04fd60df863c23a95080266453,10585913,uploaded
S2023-108,0000313927,0000950170-24-015810,2023/sample_500/html/raw/0000313927/0000950170-24-015810.html,82f26a901d3242c3e80a8c28f630b347e81b9e1af506e839068aed161143aa0c,3749759,uploaded
S2023-109,0001739940,0001739940-24-000005,2023/sample_500/html/raw/0001739940/0001739940-24-000005.html,8d1a7c3e09f2556537dee32676b6d1f3e238bb040a8f19037da81cfc232753ff,5226374,uploaded
S2023-110,0000020286,0000020286-24-000014,2023/sample_500/html/raw/0000020286/0000020286-24-000014.html,13bca251f911f6bd7a42431fddb101cc3eefb05b5dda03705282a1fe13b4b994,7490465,uploaded
S2023-111,0000723254,0000723254-23-000025,2023/sample_500/html/raw/0000723254/0000723254-23-000025.html,5c940f7ca72f7f000c4345f9f22c0bb685986c95205dcb6f3d12419e42087d0f,2080858,uploaded
S2023-112,0000858877,0000858877-23-000023,2023/sample_500/html/raw/0000858877/0000858877-23-000023.html,64ee21a593c46c53f823cab4878340e9ca4ab1d62569a48a50a072484e7f55c2,3427538,uploaded
S2023-113,0000831001,0000831001-24-000033,2023/sample_500/html/raw/0000831001/0000831001-24-000033.html,00e2e1eb03d3ab8dd2f7895099022da655e062a311d707c8eb78770a64e9b751,16271620,uploaded
S2023-114,0000759944,0000759944-24-000039,2023/sample_500/html/raw/0000759944/0000759944-24-000039.html,ed9cbf0fc6bad368ace2c83ee4dd8cd987076c7368f61107e084ce8b18032245,6410183,uploaded
S2023-115,0000021076,0000021076-23-000037,2023/sample_500/html/raw/0000021076/0000021076-23-000037.html,9ae0fd52d2893b84ebeff9bf735e29b4a671bf702f0d1f3302cb80ec82b6ed2d,759326,uploaded
S2023-116,0001057352,0001057352-24-000013,2023/sample_500/html/raw/0001057352/0001057352-24-000013.html,21cae24ad12ae0c4bc95575a9ce605478e371b63b6ca113b4a2fc0b66236f076,2224449,uploaded
S2023-117,0000021344,0000021344-24-000009,2023/sample_500/html/raw/0000021344/0000021344-24-000009.html,3e64a8ba843636d383ab22a1517306383199a50b1e998d74a67a8adddab9ad6d,4161309,uploaded
S2023-118,0001058290,0001058290-24-000017,2023/sample_500/html/raw/0001058290/0001058290-24-000017.html,6f1e88f20498c8ab43548dbba16b011ec75468c84fc8674658ed6d2672367950,2814840,uploaded
S2023-119,0000021665,0000021665-24-000003,2023/sample_500/html/raw/0000021665/0000021665-24-000003.html,0fb426256e87789088d583b5179128776bd777257a81b240730645fcad8e980d,2987144,uploaded
S2023-120,0001166691,0001166691-24-000011,2023/sample_500/html/raw/0001166691/0001166691-24-000011.html,a64eab037fcf95b8aa062a6815c1f8a6054c33ebd80ba7c42f0aa1d2f1eb2a6c,2985040,uploaded
S2023-121,0000023217,0001437749-23-019879,2023/sample_500/html/raw/0000023217/0001437749-23-019879.html,bad88c6c3b24b04a0aaaf7f582bb893761823a9b6db5337cd0b37413c0a21274,3265016,uploaded
S2023-122,0001163165,0001163165-24-000010,2023/sample_500/html/raw/0001163165/0001163165-24-000010.html,d7ef89c4e007ca21a81358f701cf7871efb206db980cb211d6a38a08b2dd9b59,5486986,uploaded
S2023-123,0001047862,0001047862-24-000012,2023/sample_500/html/raw/0001047862/0001047862-24-000012.html,d3a4701bbdc84cd2951aa0d411a6094ef804c10a6fcff6a6e39b2accbe9dabce,6349582,uploaded
S2023-124,0000016918,0000016918-23-000045,2023/sample_500/html/raw/0000016918/0000016918-23-000045.html,93adb66cf629629b5ce7dd9c6fab640a6fdb95102bc3d4a99fbea7e76b55fb9a,4722267,uploaded
S2023-125,0001868275,0001868275-24-000014,2023/sample_500/html/raw/0001868275/0001868275-24-000014.html,87e58d5571dfaecb91b1265d041156de77acea467a205635bb57df0cb17995f3,5413808,uploaded
S2023-126,0000711404,0000711404-23-000072,2023/sample_500/html/raw/0000711404/0000711404-23-000072.html,32adeeccb7601477ded242749bc452c05e48e1397b4cfec943dc70c296a9ee7a,2143560,uploaded
S2023-127,0000900075,0000900075-23-000034,2023/sample_500/html/raw/0000900075/0000900075-23-000034.html,0a7959c0988e724a2e2be9dc9b1fbd02d5974ca9b6473e3fefd2c1251b15f3de,2084850,uploaded
S2023-128,0000024741,0001437749-24-003735,2023/sample_500/html/raw/0000024741/0001437749-24-003735.html,540b40dd8182d5ad0ce245c88cfd0f3ae700cc430bb077bdc451cd0b93139a2e,3950612,uploaded
S2023-129,0001755672,0001755672-24-000004,2023/sample_500/html/raw/0001755672/0001755672-24-000004.html,b9ad82081839e404f3ded741210c0377b3f93d16402e2c1a2335697c2f586c6e,4752232,uploaded
S2023-130,0000909832,0000909832-23-000042,2023/sample_500/html/raw/0000909832/0000909832-23-000042.html,17ad400391c4b3c075c8bc4be019173aa6adf3fcf8d434d39f1dc8ace64a83c9,1502612,uploaded
S2023-131,0001051470,0001051470-24-000062,2023/sample_500/html/raw/0001051470/0001051470-24-000062.html,db040f58743b98794fe0f08bdb0ceac918a55fd416da426968b41f22b6dea6a8,2474084,uploaded
S2023-132,0000026172,0000026172-24-000012,2023/sample_500/html/raw/0000026172/0000026172-24-000012.html,819e1fcd56880b0d5ec59607232be1eff3f031e3ac7aa0387ffdeda90d5d26d6,4790363,uploaded
S2023-133,0000882184,0000882184-23-000115,2023/sample_500/html/raw/0000882184/0000882184-23-000115.html,33727554f55a7a86b26c5a435bd4c9a218bf056e821f16a1b98d83917467aba0,2828919,uploaded
S2023-134,0000936340,0000936340-24-000076,2023/sample_500/html/raw/0000936340/0000936340-24-000076.html,9755cac85c209e89deb916e8339dfe1bc8ecb1ba40b315837e459ad9c5d7000b,6035982,uploaded
S2023-135,0000927066,0000927066-24-000013,2023/sample_500/html/raw/0000927066/0000927066-24-000013.html,91b4f183894c333106fe38c57eb81ee8f5c2bdb78a53abb3f3a623d2b042909b,3053589,uploaded
S2023-136,0000313616,0000313616-24-000052,2023/sample_500/html/raw/0000313616/0000313616-24-000052.html,15252cab7c9bfd9063f6693a0479002445788311c7fade4abc4904a608b4c4ab,3046704,uploaded
S2023-137,0000940944,0000940944-23-000037,2023/sample_500/html/raw/0000940944/0000940944-23-000037.html,c80ab8d5de5e6ce62966e7118ae50ace39833fb17d52633970032f3e75498891,2417831,uploaded
S2023-138,0000315189,0001558370-23-019812,2023/sample_500/html/raw/0000315189/0001558370-23-019812.html,b06d05c7e6c196322ae295672801b9a0ba3b7f68194edc70655eb1339c51eaf3,10553529,uploaded
S2023-139,0000027904,0000027904-24-000003,2023/sample_500/html/raw/0000027904/0000027904-24-000003.html,1250ecc82946e93f66f67ea7effcd7b32aab0f59860afbb2e8ec658065407920,2558962,uploaded
S2023-140,0000818479,0000818479-24-000021,2023/sample_500/html/raw/0000818479/0000818479-24-000021.html,c013f7a70f3143dda337c2f6a8ed4d8c6e264c4cf4c3895ed1da6672826be1f3,3902110,uploaded
S2023-141,0001090012,0000950170-24-021781,2023/sample_500/html/raw/0001090012/0000950170-24-021781.html,2ad84f3428136e28bb67d773d376df54353a1ab8f224c7a28ab095d0184557ea,5080619,uploaded
S2023-142,0001093557,0001093557-24-000021,2023/sample_500/html/raw/0001093557/0001093557-24-000021.html,2a4d408aaf3c18eb406c865fdc522feb5defd1ef1d1795f006dca8155e8b36c6,2524417,uploaded
S2023-143,0001539838,0001539838-24-000019,2023/sample_500/html/raw/0001539838/0001539838-24-000019.html,09841259954b0e4ab6799e52fcea5c63c93108302d4904c0db4187be66cae1ea,3544366,uploaded
S2023-144,0001297996,0001558370-24-001575,2023/sample_500/html/raw/0001297996/0001558370-24-001575.html,2e89df01e112e784ec75f6caf1f2806b36e212aef354d3449a67dac5b3753a30,8304317,uploaded
S2023-145,0000029534,0001558370-23-004574,2023/sample_500/html/raw/0000029534/0001558370-23-004574.html,5a3607ad0e567a428c5f6e463e4a93da9265d69c1316495e2647df1c0e16158f,2410856,uploaded
S2023-146,0000935703,0000935703-23-000016,2023/sample_500/html/raw/0000935703/0000935703-23-000016.html,5f07b281e321951310f7a51a0478371e353794bc668347e8911cb52ba1be4b8f,2037231,uploaded
S2023-147,0000715957,0000950170-24-019110,2023/sample_500/html/raw/0000715957/0000950170-24-019110.html,423c274d854e56b94e24087db73f6dc4f323be16cce3078a78eb23aade0ae392,13737511,uploaded
S2023-148,0000029905,0000029905-24-000008,2023/sample_500/html/raw/0000029905/0000029905-24-000008.html,8e727d64c34dcfc63f249fc08885ddf983b68b5eb33201ae5d1725a823eedb19,3251427,uploaded
S2023-149,0001751788,0001751788-24-000010,2023/sample_500/html/raw/0001751788/0001751788-24-000010.html,ab92e4c056bf7a37ade061df9a494a874cb0c2a922715bffbb3478c6a8972c0e,4700487,uploaded
S2023-150,0001666700,0001666700-24-000008,2023/sample_500/html/raw/0001666700/0001666700-24-000008.html,ba14bf3ce0788080556c17638bb38b12420c30a132661eee6bb824de0d6f1571,3699036,uploaded
S2023-151,0001326160,0001326160-24-000037,2023/sample_500/html/raw/0001326160/0001326160-24-000037.html,9378ce9e73f52ac8fe06ddc3940bd8d0f6c80a457d96964aeb2ea7f1fbb5801f,15055023,uploaded
S2023-152,0000821189,0000821189-24-000011,2023/sample_500/html/raw/0000821189/0000821189-24-000011.html,c5a2b3c1efa6d803de33446bc5e43855a6bd4b403b8d2279b7d263e9f860fb5e,3189028,uploaded
S2023-153,0001352010,0001352010-24-000008,2023/sample_500/html/raw/0001352010/0001352010-24-000008.html,3f5c96eed2d634763c66a029b38523670209717ab35dc23bd95b01e217671733,3007067,uploaded
S2023-154,0000033213,0000033213-24-000008,2023/sample_500/html/raw/0000033213/0000033213-24-000008.html,d441f24068ceda86f737d39f744b8c9d14e9e37d5c876c299ac418f4e05462d4,2921995,uploaded
S2023-155,0000915389,0000915389-24-000016,2023/sample_500/html/raw/0000915389/0000915389-24-000016.html,a35d1e5cfaec87f77cf26e845b20e919b34fdce34e5d5629d34c698a625e169b,3833741,uploaded
S2023-156,0001551182,0001551182-24-000006,2023/sample_500/html/raw/0001551182/0001551182-24-000006.html,b9c5b662ab30bda4e5a3f7b001910a18b9a788f17b0588e3a2130ed6cacc3ab7,3421113,uploaded
S2023-157,0000031462,0001558370-24-001581,2023/sample_500/html/raw/0000031462/0001558370-24-001581.html,644aa34f57689dcbdce6eefec04f05297e1c3d8f58197cf471d0514241b5ed33,8096717,uploaded
S2023-158,0000827052,0000827052-24-000013,2023/sample_500/html/raw/0000827052/0000827052-24-000013.html,6f135c391221892074c695c7d215dbfd5f8bdd9e26004ca30826fbb52f0a4b84,7761774,uploaded
S2023-159,0001099800,0001099800-24-000004,2023/sample_500/html/raw/0001099800/0001099800-24-000004.html,2275a3b81b15ffdecee0d0c75cf6cd2fd89bb8d5307bada31431ce4e6b969f90,2807361,uploaded
S2023-160,0000712515,0000712515-23-000028,2023/sample_500/html/raw/0000712515/0000712515-23-000028.html,bfc0ef81c7de06faa2c411ca76221e9d14107a9237e5dd2c6ee77586eca80060,2872474,uploaded
S2023-161,0001156039,0001156039-24-000015,2023/sample_500/html/raw/0001156039/0001156039-24-000015.html,4eff7f56cd9e354229a0748dc25e6f4e882cad419660468b5ddff9b602efbe80,4164544,uploaded
S2023-162,0000032604,0000032604-23-000044,2023/sample_500/html/raw/0000032604/0000032604-23-000044.html,b6b0a3be15694e18807ccb7bda5ed6d1e124700aa448fc24d2f9edb139ee8c61,2813367,uploaded
S2023-163,0001463101,0001463101-24-000024,2023/sample_500/html/raw/0001463101/0001463101-24-000024.html,acba907190780a83e6abcb8e01572cd71e9cc47f60314c8c51020222bc02988d,3106100,uploaded
S2023-164,0000065984,0000065984-24-000012,2023/sample_500/html/raw/0000065984/0000065984-24-000012.html,6674dffa177c22ea8f14d4cf515bb5c8bb34776d72b9bfb88113ac8ef3ed0ded,15213193,uploaded
S2023-165,0000033185,0000033185-24-000017,2023/sample_500/html/raw/0000033185/0000033185-24-000017.html,e36659f06515225f1f61d5ce533f56c047e1373c3692af3765f748dfb741d2d7,3182404,uploaded
S2023-166,0001101239,0001628280-24-005350,2023/sample_500/html/raw/0001101239/0001628280-24-005350.html,90f0cae5b18bf162bc2bd8156c09ff84b767bbc55347d49c138dcd37f7ddf3d3,5093866,uploaded
S2023-167,0000906107,0000950170-24-015907,2023/sample_500/html/raw/0000906107/0000950170-24-015907.html,73097313d115551aab515c115365989889d24a46c5b64fe913aa4aa6ab4c34db,12630812,uploaded
S2023-168,0000920522,0000920522-24-000033,2023/sample_500/html/raw/0000920522/0000920522-24-000033.html,895e4b55de81de107adb5a1fa47b7aab803c2d587cc85ee6505ec8cb43cce7c8,5564356,uploaded
S2023-169,0001001250,0001001250-23-000112,2023/sample_500/html/raw/0001001250/0001001250-23-000112.html,c0c65727e5d169c93916b3bb846aec1e2b39cc6f15a5e715403727573f8c2027,4514417,uploaded
S2023-170,0001370637,0001370637-24-000013,2023/sample_500/html/raw/0001370637/0001370637-24-000013.html,f41659d1a0936db6e1ad5431627efba463a7393ca43b67deb6c42b629934a497,3314400,uploaded
S2023-171,0001095073,0001095073-24-000009,2023/sample_500/html/raw/0001095073/0001095073-24-000009.html,f84467cd4013f8bcd6d757433276cd66c9cd66f4ca4177db67edb16b2f77efd4,5003971,uploaded
S2023-172,0001711269,0001711269-24-000007,2023/sample_500/html/raw/0001711269/0001711269-24-000007.html,871f43c835cbb25a63672e7b05aaee3fe934468e0060e55d61c4513978efc21f,8183533,uploaded
S2023-173,0000072741,0000072741-24-000005,2023/sample_500/html/raw/0000072741/0000072741-24-000005.html,d5d36f7803344957943b41cb8ea98fc355c5bc11bdcea280f501ff6b71db2ee5,7523268,uploaded
S2023-174,0001109357,0001109357-24-000053,2023/sample_500/html/raw/0001109357/0001109357-24-000053.html,249498209dac1305afceb0adaf6f50a59414ea6bd1ef656d3ee9c23333c44082,14455160,uploaded
S2023-175,0001324424,0001324424-24-000007,2023/sample_500/html/raw/0001324424/0001324424-24-000007.html,ec44de782a0f4101792c202802ed2dfed62351d5d4647b362e9bdb7f5e35bfa0,2490434,uploaded
S2023-176,0000746515,0000950170-24-019394,2023/sample_500/html/raw/0000746515/0000950170-24-019394.html,649f7a0af17b985d794c42ead0c80702fa8610a4e61e5d0bd56f2eeac0405111,2571246,uploaded
S2023-177,0001289490,0001628280-24-008044,2023/sample_500/html/raw/0001289490/0001628280-24-008044.html,bde07e92ce09403cfc1a65217fdcd3e759e022c8b7a278311a9f121d3a228b63,2786774,uploaded
S2023-178,0000034088,0000034088-24-000018,2023/sample_500/html/raw/0000034088/0000034088-24-000018.html,29d225db9f83e060b863b7ce5872feea7ece7ae6a8cf040085c03268fb170e40,5653988,uploaded
S2023-179,0001048695,0001048695-23-000039,2023/sample_500/html/raw/0001048695/0001048695-23-000039.html,979d9d06faf1637905a9d56eae4a74dd94c7ba316823221340fa7f8037d26045,1942712,uploaded
S2023-180,0000037785,0000037785-24-000033,2023/sample_500/html/raw/0000037785/0000037785-24-000033.html,0219fbd78bdcd9899915e777909a5b9c21bb599b7d3fc69caadad80fbd7d9217,3468000,uploaded
S2023-181,0001013237,0001013237-23-000128,2023/sample_500/html/raw/0001013237/0001013237-23-000128.html,217ddfa474e16745a87f0d95f3e690912be8520e8da3603333523fe77e99ff01,2484876,uploaded
S2023-182,0000814547,0000814547-23-000022,2023/sample_500/html/raw/0000814547/0000814547-23-000022.html,ab680aeafa1d3ba18b8d75eceb235443e7a8d2e7c38a9b0cf7e0d723a6fd14e3,2375544,uploaded
S2023-183,0000815556,0000815556-24-000009,2023/sample_500/html/raw/0000815556/0000815556-24-000009.html,23c4db066cedebbd66db482686967d4c8fabb71aacd1e6956ef0d6ddbfe5280f,2194409,uploaded
S2023-184,0001048911,0000950170-23-033201,2023/sample_500/html/raw/0001048911/0000950170-23-033201.html,e431a5a6ea406b44106a741ff901a49f15d6b166f6ba4e49e607a31c2ddf8af8,9067596,uploaded
S2023-185,0000034903,0000034903-24-000032,2023/sample_500/html/raw/0000034903/0000034903-24-000032.html,c199c3a2f6e85d404b9d8280af42d4ae1baf400e734c3eaf97933b5e5cd5c4d7,3759384,uploaded
S2023-186,0001136893,0001136893-24-000015,2023/sample_500/html/raw/0001136893/0001136893-24-000015.html,130d1911a01488e01d428f14477a0bcfd43d9d1ce1d18398bee99f1b9db30add,2867399,uploaded
S2023-187,0000035527,0000035527-24-000088,2023/sample_500/html/raw/0000035527/0000035527-24-000088.html,83e9716e2a3f2a09a4f346d90a5974c1e97a7c3470cfdb8272f1972b2ad2e0af,8935936,uploaded
S2023-188,0001274494,0001274494-24-000004,2023/sample_500/html/raw/0001274494/0001274494-24-000004.html,f100c758baf701e87fc6690ceb4ecc6b8e208c69988c7a276cbe7a2ba121d5ce,2674705,uploaded
S2023-189,0001031296,0001031296-24-000008,2023/sample_500/html/raw/0001031296/0001031296-24-000008.html,ed86ec8a0a950f92dd2eb76c6282a1d10af05c529e69f9109f9655124ea65443,4404846,uploaded
S2023-190,0000798354,0000798354-24-000037,2023/sample_500/html/raw/0000798354/0000798354-24-000037.html,83c2ad3e399d6fa6222201040966c77fed133fec7ecb141f8dc00a0d35178517,2848665,uploaded
S2023-191,0000037996,0000037996-24-000009,2023/sample_500/html/raw/0000037996/0000037996-24-000009.html,d14d6885a908c12c51562626ceed085fc21254c877d61cba9e42ca7a986b556d,5531174,uploaded
S2023-192,0001262039,0001262039-24-000014,2023/sample_500/html/raw/0001262039/0001262039-24-000014.html,be95e542409d7eaa12dc1561ba92ed6f6b959076433dc206ad8864f208c3cb72,2546661,uploaded
S2023-193,0001659166,0001659166-24-000046,2023/sample_500/html/raw/0001659166/0001659166-24-000046.html,93d10c4b2fe64cfa1dce4a11d7234ca743c7fede3d72f8c52fab57b76b8feb0b,2676833,uploaded
S2023-194,0001754301,0001628280-23-029065,2023/sample_500/html/raw/0001754301/0001628280-23-029065.html,9378fd2adb739d455cfd37014521d70264442d20f1818d3ea34027aee7ab6bf6,2724194,uploaded
S2023-195,0000038777,0000038777-23-000169,2023/sample_500/html/raw/0000038777/0000038777-23-000169.html,f76e6b8fb75c92796a34729ffb4a172e741fb7e78c90f7ed8eb5da7a4a962129,2935571,uploaded
S2023-196,0000831259,0000831259-24-000011,2023/sample_500/html/raw/0000831259/0000831259-24-000011.html,fa419d31ab1c55b012bf5b75ad4b7d61fa2a88c1de2a82ca5af38aab2308c86f,6680212,uploaded
S2023-197,0000040545,0000040545-24-000027,2023/sample_500/html/raw/0000040545/0000040545-24-000027.html,db7709bba22e1ce118f2050ac3be6159bfec738db156961e5900fe929eaf8033,4042237,uploaded
S2023-198,0001932393,0001932393-24-000013,2023/sample_500/html/raw/0001932393/0001932393-24-000013.html,cadeb63e917ff7332296a6c6798d83c7dac8c65f5468671d4437f8050a51314a,3338228,uploaded
S2023-199,0001121788,0000950170-24-017559,2023/sample_500/html/raw/0001121788/0000950170-24-017559.html,fd11921abf880984ecd8baade5ed5442919f0191d4dc39a27310b6f55ba57875,3683011,uploaded
S2023-200,0000749251,0000749251-24-000006,2023/sample_500/html/raw/0000749251/0000749251-24-000006.html,5b3bba337a5b05fa2624819309a31ec332156933c3428efb6c8ebde9229b146b,2176067,uploaded
S2023-201,0000849399,0000849399-23-000014,2023/sample_500/html/raw/0000849399/0000849399-23-000014.html,3eb3075ebe737482b202086e12d4e2bcfecbf7b576cc5954a803a694887c23fd,2986995,uploaded
S2023-202,0001474735,0001437749-24-005040,2023/sample_500/html/raw/0001474735/0001437749-24-005040.html,5011a97b4e3421981d63f4c424290e4771800e27f38eeb8c8ec299bd9889d3b5,3108428,uploaded
S2023-203,0000040533,0000040533-24-000007,2023/sample_500/html/raw/0000040533/0000040533-24-000007.html,e2c22d085bc74e8b3ab859a38a0663fd96295764b25e0ad6053cc5eb752decd8,2479152,uploaded
S2023-204,0000040704,0001193125-23-177500,2023/sample_500/html/raw/0000040704/0001193125-23-177500.html,007dea72db54e9d0383722996488fb751fb08dcd20e442c8cc2f6066687d3756,4360322,uploaded
S2023-205,0001467858,0001467858-24-000031,2023/sample_500/html/raw/0001467858/0001467858-24-000031.html,2cf30700e9f74545c7e2ef6a0820b48dd5d9c32450f95e1fae32342eef86d4d1,4035275,uploaded
S2023-206,0000040987,0000040987-24-000024,2023/sample_500/html/raw/0000040987/0000040987-24-000024.html,b3446e2cb0d985a5a7f3db9dcc78a64a359a967e6357eabed17723e4c352cc45,2184348,uploaded
S2023-207,0000882095,0000882095-24-000007,2023/sample_500/html/raw/0000882095/0000882095-24-000007.html,d1e4606668a1be6b08c5d03b8d9a4ca9815df52e1e4cb1767627084493891609,3213497,uploaded
S2023-208,0001123360,0001123360-24-000004,2023/sample_500/html/raw/0001123360/0001123360-24-000004.html,0936ac9ca83428b5de61d07b46dbbfe23dae1ebbe24d7d46e1812dcbd812c371,2623188,uploaded
S2023-209,0000320335,0000320335-24-000006,2023/sample_500/html/raw/0000320335/0000320335-24-000006.html,7fa6bfdc09fc1e20ab717a4ea9721b44fa4cb52b26266f365b4237d4fbaba91f,7492017,uploaded
S2023-210,0000886982,0000886982-24-000006,2023/sample_500/html/raw/0000886982/0000886982-24-000006.html,a2f8901af8d3f667748297d2d6a8b19c37081f132951922756b0dec8b6be61c8,10095489,uploaded
S2023-211,0000860730,0000950170-24-016524,2023/sample_500/html/raw/0000860730/0000950170-24-016524.html,f190750422f983f569ce3f5b1480fae5eaf290dd24c46352d904b2f920aec8f2,4221876,uploaded
S2023-212,0000047217,0000047217-23-000100,2023/sample_500/html/raw/0000047217/0000047217-23-000100.html,8b1e18d8ac4bde016ab2d2161266ea7c3009552cfb0744d9cc3cd8f055446ef6,3708546,uploaded
S2023-213,0000045012,0000045012-24-000007,2023/sample_500/html/raw/0000045012/0000045012-24-000007.html,82e9dd86515444e1531d64cf5c91e49f37a62b22bd737735592159b00062263b,1825588,uploaded
S2023-214,0000874766,0000874766-24-000016,2023/sample_500/html/raw/0000874766/0000874766-24-000016.html,5c4a3bc704aea75fa01f1c001015619e31b285f9954079f75af097494fc88242,10400007,uploaded
S2023-215,0000046080,0000046080-24-000034,2023/sample_500/html/raw/0000046080/0000046080-24-000034.html,84377c13990579c9ee09549a931cb771102b318ecaf9c9a9f6e1b09bd45b8e79,2744000,uploaded
S2023-216,0000765880,0001628280-24-004094,2023/sample_500/html/raw/0000765880/0001628280-24-004094.html,76b7a5b082c4101f3fabd0e3099d418841f315dda117fb14d3437fe1219e4987,7426124,uploaded
S2023-217,0001000228,0001000228-24-000011,2023/sample_500/html/raw/0001000228/0001000228-24-000011.html,7a5cb9c7becb186314fd1ae1d3dd7ec7285c17f5fe78dcb410e0b4d79ee842ec,3584705,uploaded
S2023-218,0000047111,0000047111-24-000009,2023/sample_500/html/raw/0000047111/0000047111-24-000009.html,df127329dbe5efa3c549fbd8a9cdcacffa5dd827e42a9b13ac42c58bda3d6de3,3109076,uploaded
S2023-219,0001645590,0001645590-23-000117,2023/sample_500/html/raw/0001645590/0001645590-23-000117.html,22c4e5fb65980fa908a326666cdcc2ed221be9378961bd8053fd6b27f5ecb96d,4359540,uploaded
S2023-220,0001585689,0001585689-24-000027,2023/sample_500/html/raw/0001585689/0001585689-24-000027.html,24b8c029fbd16d9e90211924ee9ca30ed24e4905f618994d23880c38e4a2575c,2715023,uploaded
S2023-221,0000354950,0000354950-23-000059,2023/sample_500/html/raw/0000354950/0000354950-23-000059.html,99bd8d886fd8185b5b14106058abe5ec343fd532ec553b426092956d9af943dd,2121105,uploaded
S2023-222,0000773840,0000773840-24-000014,2023/sample_500/html/raw/0000773840/0000773840-24-000014.html,d99c5ec78fa8e16ac0e6ff368a98b8f07ec69c9832b01929fdf0375837837e4c,4487403,uploaded
S2023-223,0000048465,0000048465-23-000083,2023/sample_500/html/raw/0000048465/0000048465-23-000083.html,d19aec5cf2c3ba7c55ee3c9cbc14ea52c3441ee7aecd243515667dc5622c6ecc,3320085,uploaded
S2023-224,0001070750,0001070750-24-000081,2023/sample_500/html/raw/0001070750/0001070750-24-000081.html,abc41066ef512e298abd5336ed4f8d0a2eff7a5e3e2bd2118943107ddc57a06b,3860965,uploaded
S2023-225,0000004281,0000004281-24-000007,2023/sample_500/html/raw/0000004281/0000004281-24-000007.html,333437eb6efb18fa0ce06caa7a7631929b679379f192f7600e38f191cb35fc80,2874314,uploaded
S2023-226,0000048898,0001628280-24-003792,2023/sample_500/html/raw/0000048898/0001628280-24-003792.html,8c656425a90fd07e311f6c51409afc935b69e78f17fcd0f1243473decb5cdc31,3061144,uploaded
S2023-227,0000049071,0000049071-24-000012,2023/sample_500/html/raw/0000049071/0000049071-24-000012.html,15403c5678f0e77cb5f22db1926f5c21fc784bf87baa539e6a467df72dcb5b9b,3371031,uploaded
S2023-228,0000049196,0000049196-24-000020,2023/sample_500/html/raw/0000049196/0000049196-24-000020.html,7d16b80efc94562193def9cba99f7c9bfc0aa1083a0a793afbc1a2a55c3013ba,7104727,uploaded
S2023-229,0001501585,0001501585-24-000007,2023/sample_500/html/raw/0001501585/0001501585-24-000007.html,0b3d953af66e8986f467784154cf686e260e45e7a548fc9f7d2ee216d54c771b,2853860,uploaded
S2023-230,0000051143,0000051143-24-000012,2023/sample_500/html/raw/0000051143/0000051143-24-000012.html,b1f90966eebd81b502fc28d1a5ca538a14e7d276c8cc36adca661b0bff409574,1163520,uploaded
S2023-231,0000832101,0000832101-24-000009,2023/sample_500/html/raw/0000832101/0000832101-24-000009.html,ea97e1ed240a69358674d6fe5a4f7c492afc03116e3a8e3e55949183a196daff,3258215,uploaded
S2023-232,0001478242,0001478242-24-000038,2023/sample_500/html/raw/0001478242/0001478242-24-000038.html,83ea8a9fad54ac30dbbfe1bb2f277c8cdccc6a4476f8ba2bfe9c5174139e5f8a,3228095,uploaded
S2023-233,0000874716,0000874716-24-000057,2023/sample_500/html/raw/0000874716/0000874716-24-000057.html,7e0917db86e28ebf05239b8c2d6af60e6bacb4fc3f64a44e42f15ecc0ba40639,3030585,uploaded
S2023-234,0000049826,0000049826-24-000008,2023/sample_500/html/raw/0000049826/0000049826-24-000008.html,be362ded9c14b51d349fa15f77ef312778703e600ee00da3d6a240053050f670,2588208,uploaded
S2023-235,0000879169,0000879169-24-000045,2023/sample_500/html/raw/0000879169/0000879169-24-000045.html,69cfdbdcdb2db7c93db7eabccfdfd2d2cf33001ca59d5dcff7e22764a72d0e60,2124346,uploaded
S2023-236,0001699150,0001628280-24-006642,2023/sample_500/html/raw/0001699150/0001628280-24-006642.html,90ff325ce4723719516789b69bea710eacefeb2124fedc825657e27bfaa85699,3529607,uploaded
S2023-237,0001145197,0001145197-24-000011,2023/sample_500/html/raw/0001145197/0001145197-24-000011.html,9d02f8f51429fc0ff1b0f3a4fafc7d323c45c5cbd3ee205c146833e5f558e0b3,2124480,uploaded
S2023-238,0000050863,0000050863-24-000010,2023/sample_500/html/raw/0000050863/0000050863-24-000010.html,3cbfebb819e981fdfaf9f4988a342aa048c924edb5c8cec2738b4883e534ee4e,3276073,uploaded
S2023-239,0001571949,0001571949-24-000007,2023/sample_500/html/raw/0001571949/0001571949-24-000007.html,24bd6b2a7a0817525b0656e8439c9d4797b652864c4e53f861ca495717cc58ad,4270867,uploaded
S2023-240,0000051253,0000051253-24-000006,2023/sample_500/html/raw/0000051253/0000051253-24-000006.html,bd7137c7167e0613316619f37c8c1ec1d04663fb375dd635f1b92bdd52536a8b,3768969,uploaded
S2023-241,0000051434,0000051434-24-000024,2023/sample_500/html/raw/0000051434/0000051434-24-000024.html,55a9f6d5e53c6913d63e1196d93c42c0e8ba62d304978f532141868e292d2f1d,3235547,uploaded
S2023-242,0000896878,0000896878-23-000034,2023/sample_500/html/raw/0000896878/0000896878-23-000034.html,764801a313d4e5702f66ec2f5292484abbe355ebfefd4fe55058da2edacd5583,2820297,uploaded
S2023-243,0001035267,0001035267-24-000021,2023/sample_500/html/raw/0001035267/0001035267-24-000021.html,ebf9cc4c4ace9596fcf2927aa1b6f3bd91c9a48e81a5de0bb6fc39fa814bcc8e,2773324,uploaded
S2023-244,0000914208,0000914208-24-000219,2023/sample_500/html/raw/0000914208/0000914208-24-000219.html,378d0a5ba2ae6b537d624fe0123c13963dcae52b130a5c5bde5a7b08e8de0019,3972055,uploaded
S2023-245,0001687229,0001687229-24-000013,2023/sample_500/html/raw/0001687229/0001687229-24-000013.html,e9348c81d4bb5a4f13c992b6c5b5b60a3ec96437b702256f596eeb61fea4b414,2925403,uploaded
S2023-246,0001020569,0001020569-24-000040,2023/sample_500/html/raw/0001020569/0001020569-24-000040.html,d1c7beed4748850e91a2d11c050a2595095e43d9953895730ebc31012834c2d3,5277697,uploaded
S2023-247,0000728535,0001437749-24-005368,2023/sample_500/html/raw/0000728535/0001437749-24-005368.html,99fa5e83ee574372bff049a74e4e75d9d8082375568f20054d74f4854d5557c2,1494195,uploaded
S2023-248,0000091419,0000091419-23-000072,2023/sample_500/html/raw/0000091419/0000091419-23-000072.html,0db696b3fc0662ead999eb5a1893037a3e8e6e6225d62ef4944221eb94b0354b,3579169,uploaded
S2023-249,0000019617,0000019617-24-000225,2023/sample_500/html/raw/0000019617/0000019617-24-000225.html,f7d48a9bfd108eb0a5abc9b7d95781f8ff03dd3b3b373e20823a6602c215b2d4,13211658,uploaded
S2023-250,0000898293,0001193125-23-259599,2023/sample_500/html/raw/0000898293/0001193125-23-259599.html,a30806714f41f4d31b973d7d46930e3654a914167ff5bc2717fab805c6d10f9b,2688505,uploaded
S2023-251,0000779152,0000779152-23-000062,2023/sample_500/html/raw/0000779152/0000779152-23-000062.html,23ac6c2a4e89b42f66e931775d490fdd70a3663f8f2af75fe69b6ace16fd3574,1412544,uploaded
S2023-252,0000052988,0000052988-23-000084,2023/sample_500/html/raw/0000052988/0000052988-23-000084.html,c3ed2bd4b8c407bd23401dbfac485c9e050527d065bdf8861dfbb9887eb1c368,3391843,uploaded
S2023-253,0000833444,0000833444-23-000048,2023/sample_500/html/raw/0000833444/0000833444-23-000048.html,057f630483106ce206de989d959ac7fbe695f441b15c309a5455378d8002ff9e,3218777,uploaded
S2023-254,0000319201,0000319201-23-000031,2023/sample_500/html/raw/0000319201/0000319201-23-000031.html,58da7b74e4a3941aed1b9f65a6fc332ac32c40f45da78614c30693a4fb0f2107,3206968,uploaded
S2023-255,0001944048,0001944048-24-000057,2023/sample_500/html/raw/0001944048/0001944048-24-000057.html,6303a8f0a7c8edf0cc3ffe008c4b3582c055c0d70b873b662755ba1d724a89ef,3327563,uploaded
S2023-256,0001418135,0001418135-24-000007,2023/sample_500/html/raw/0001418135/0001418135-24-000007.html,cad0476c65ec6984b343df1c5edc6e9275c192738c24f1e6b385e3f1c1756100,2981961,uploaded
S2023-257,0000091576,0000091576-24-000040,2023/sample_500/html/raw/0000091576/0000091576-24-000040.html,811f4bf0a711b3fef72044e8ee46cbde208740a8c80c19a19175253b3e7ff187,7618451,uploaded
S2023-258,0001601046,0001601046-23-000134,2023/sample_500/html/raw/0001601046/0001601046-23-000134.html,6632d7e250c975ab37c46403da5212208a8975159af9496d9d779a539aabf40d,3034234,uploaded
S2023-259,0000055785,0000055785-24-000018,2023/sample_500/html/raw/0000055785/0000055785-24-000018.html,7fea72b1b0d6bd897587a30208a585779747dddd726adf5e78cfd2bde14af647,2548511,uploaded
S2023-260,0000879101,0001437749-24-005407,2023/sample_500/html/raw/0000879101/0001437749-24-005407.html,d59ec37c1dd03ec07fd92260c77c0ba304c5037f118139c89d8ebc25878e4be5,10068015,uploaded
S2023-261,0001506307,0001506307-24-000011,2023/sample_500/html/raw/0001506307/0001506307-24-000011.html,4a806bdbcb00ecb802c280a005f6b728d5ad0361406ba9e1d69fc38b9d3f346e,4490580,uploaded
S2023-262,0001637459,0001637459-24-000018,2023/sample_500/html/raw/0001637459/0001637459-24-000018.html,c7d7ebdf425b16a31b82cec6264a9b923316888bc0089e78e94e0a0474ab1480,3849234,uploaded
S2023-263,0000056873,0001558370-23-004767,2023/sample_500/html/raw/0000056873/0001558370-23-004767.html,a1c7922b6b6e337fc63cf7b6a94f9e1625ea6fac599a6f53f50989b05e69b804,4521040,uploaded
S2023-264,0000202058,0000202058-24-000029,2023/sample_500/html/raw/0000202058/0000202058-24-000029.html,7bd3076c829dc1d90a7bfb8cb32367997d9bf784040f79691d3ed2b9a5150cda,3432491,uploaded
S2023-265,0001065696,0001065696-24-000009,2023/sample_500/html/raw/0001065696/0001065696-24-000009.html,596ad38dc4a56d5865fd63adc31776a9c8ca244ed2a35462e9e158b80ad4db01,2970177,uploaded
S2023-266,0000920148,0000920148-24-000014,2023/sample_500/html/raw/0000920148/0000920148-24-000014.html,d2125ece152291e09e31639a448bb753809babf7ab9a9950d66179bfd206583a,3204473,uploaded
S2023-267,0000707549,0000707549-23-000102,2023/sample_500/html/raw/0000707549/0000707549-23-000102.html,2bc4e7b25d63fb80fb0281c4202d9653607a5a2fef81ef88b777161f6157c044,2233139,uploaded
S2023-268,0001679273,0001558370-23-012203,2023/sample_500/html/raw/0001679273/0001558370-23-012203.html,8a72467fad73e13c9556ae98b15e5db0f0546dc83807943bed2435ccc4a61925,3276019,uploaded
S2023-269,0001300514,0001300514-24-000048,2023/sample_500/html/raw/0001300514/0001300514-24-000048.html,392a94a2eb2d7a1b188bea89e4f2b665a64046303a796ad7acab245caa0482fa,3491488,uploaded
S2023-270,0001336920,0001336920-24-000008,2023/sample_500/html/raw/0001336920/0001336920-24-000008.html,f64b36879ae9c3401b0f590b15b365263259f93a868f662dfdc7527ab4de776f,2566748,uploaded
S2023-271,0000920760,0001628280-24-002371,2023/sample_500/html/raw/0000920760/0001628280-24-002371.html,50a8a4ffeeb0a759626cb10604135fffaee2372bb687f8b92389f728a0d47789,3067761,uploaded
S2023-272,0000059478,0000059478-24-000065,2023/sample_500/html/raw/0000059478/0000059478-24-000065.html,c863c092127de74cbb6830780eb6c4744d260b3580de0131f34267d79f9624f5,3213503,uploaded
S2023-273,0001707925,0001628280-24-007424,2023/sample_500/html/raw/0001707925/0001628280-24-007424.html,1d22c53fab9d1c25a3fd3d148c50e3d3bb938ea020618c186c7b50237ddce906,3530533,uploaded
S2023-274,0001335258,0001335258-24-000017,2023/sample_500/html/raw/0001335258/0001335258-24-000017.html,cf7b5f3df77ef10cbfe4723332f41c45dc6a840bef2d4f8f6051e85a69b44160,2980580,uploaded
S2023-275,0000936468,0000936468-24-000010,2023/sample_500/html/raw/0000936468/0000936468-24-000010.html,62c65e8fb58d193511d0eca187c5bbbe575751279307ffd336b1abf02a616143,2954660,uploaded
S2023-276,0000060086,0000060086-24-000029,2023/sample_500/html/raw/0000060086/0000060086-24-000029.html,031af30e7cd7c0daa3b3bd808de0058cf724915c63b415c004c9b65cf847316e,6556697,uploaded
S2023-277,0000060667,0000060667-23-000034,2023/sample_500/html/raw/0000060667/0000060667-23-000034.html,68c0c0cea4461ef90de0b552c8a8caaf7f844ed2971b478f04d2d7ba026c7ea0,2632299,uploaded
S2023-278,0001397187,0001397187-23-000012,2023/sample_500/html/raw/0001397187/0001397187-23-000012.html,2c8e728d4017ae9772a95dac8df6386b0f335ee2086fa14d88dc703e35b663d2,2309295,uploaded
S2023-279,0001489393,0001489393-24-000012,2023/sample_500/html/raw/0001489393/0001489393-24-000012.html,f719d229298dfe906df40bf4a4993060f6311e46390fab595719d11fd8a73f41,3990923,uploaded
S2023-280,0000036270,0000950170-24-017990,2023/sample_500/html/raw/0000036270/0000950170-24-017990.html,80460ecdbea6d73a2811cf589908f888080f2023ab6ae21b84ff09238b904467,14423868,uploaded
S2023-281,0000789570,0000789570-24-000005,2023/sample_500/html/raw/0000789570/0000789570-24-000005.html,f946daf43f2f71bae0cc28f5c0181a770a2d357ffa91a21bc8b6cb4e660d956b,2943839,uploaded
S2023-282,0001408198,0001408198-24-000030,2023/sample_500/html/raw/0001408198/0001408198-24-000030.html,624d18674a69aab556d8aa6b2051a98094c1ebb85c24512d7117cb4e7f269bf7,2657267,uploaded
S2023-283,0001510295,0001510295-24-000015,2023/sample_500/html/raw/0001510295/0001510295-24-000015.html,da8d5af82a196821cd885f78c3bebbbfaf86581b79b171b809f5e8dcbe5b571e,3780754,uploaded
S2023-284,0001278021,0000950170-24-018935,2023/sample_500/html/raw/0001278021/0000950170-24-018935.html,6e51dd0e8ce77b7867c992811c3d19aa88b003f499b161e35d22692bfaa05902,4509796,uploaded
S2023-285,0001048286,0001628280-24-004372,2023/sample_500/html/raw/0001048286/0001628280-24-004372.html,3e59d9a02dea905a6abcd375b111d2d3113c784561aefcec3a2d36bf16e1ae17,1949041,uploaded
S2023-286,0000062709,0000062709-24-000016,2023/sample_500/html/raw/0000062709/0000062709-24-000016.html,5f0d63d16fb96662869eb0faa1028c76bb44a0a929d3751fea8ec065b84adb6e,3639323,uploaded
S2023-287,0000916076,0000950170-24-019275,2023/sample_500/html/raw/0000916076/0000950170-24-019275.html,4f523e2d7cb9e979b6feb9a12603de2f99b928856e7ecc8fe9929a14853992c2,5766208,uploaded
S2023-288,0000062996,0000062996-24-000006,2023/sample_500/html/raw/0000062996/0000062996-24-000006.html,f390bd8735755840893a3b6c4d4122a8370c921ffa21b9d76d1bf5eb8c752b92,2448528,uploaded
S2023-289,0001141391,0001141391-24-000022,2023/sample_500/html/raw/0001141391/0001141391-24-000022.html,9e12ccb8d6f49a324f7afdf2a4f601fa82a764ac7a9ef11af1b3a5be07204eda,3345022,uploaded
S2023-290,0000891103,0000891103-24-000014,2023/sample_500/html/raw/0000891103/0000891103-24-000014.html,6d54bb212ffddfce5bad0d3c7c63ed81578eda892a4ac0a1ca1efee453679846,2661840,uploaded
S2023-291,0000063754,0000063754-24-000027,2023/sample_500/html/raw/0000063754/0000063754-24-000027.html,97f66871e8cf3dfd457fb900a3f9b4440281a771f88607ce167d3a508a6056ff,2745122,uploaded
S2023-292,0000063908,0000063908-24-000072,2023/sample_500/html/raw/0000063908/0000063908-24-000072.html,ee8df3f3efab490c7301d669edefa1ef6b29c9f03dd2847313de20506dbe1925,2124717,uploaded
S2023-293,0000927653,0000927653-23-000038,2023/sample_500/html/raw/0000927653/0000927653-23-000038.html,1f54a21276b15b13b30ad968e0f70c0bb0e8ec0bc7b2baa42969c9bee2845501,4624766,uploaded
S2023-294,0001613103,0001613103-23-000040,2023/sample_500/html/raw/0001613103/0001613103-23-000040.html,cc9226f8c854db12bbb293bfa35f56303a62e4a9c0b54be414ab0f258ffa4d25,3905977,uploaded
S2023-295,0000310158,0001628280-24-006850,2023/sample_500/html/raw/0000310158/0001628280-24-006850.html,d2018e3ada77d507a30c79d722ff6d7acbd9210c0dc295bbc917b09276811325,5080817,uploaded
S2023-296,0001099219,0001099219-24-000035,2023/sample_500/html/raw/0001099219/0001099219-24-000035.html,a2ac5133478d8607ff121cd90333883d8d9f16a4b2382a84e0a495ab410396a9,15501729,uploaded
S2023-297,0001326801,0001326801-24-000012,2023/sample_500/html/raw/0001326801/0001326801-24-000012.html,2a61eb4a2e077087b0f832d4005b29adc67748a8c1ab91027b57c7202c8458a2,2465661,uploaded
S2023-298,0001037646,0001037646-24-000007,2023/sample_500/html/raw/0001037646/0001037646-24-000007.html,0102f88b5ac87dac397fc0bc06e6bccd6c51ecdf486748262e847a02c3d74568,2595916,uploaded
S2023-299,0000827054,0000827054-23-000080,2023/sample_500/html/raw/0000827054/0000827054-23-000080.html,948379f142b2e00a94bfa47265bbdf51fc93f56a1fff136b434d6a7073fdaec7,3135400,uploaded
S2023-300,0000723125,0000723125-23-000054,2023/sample_500/html/raw/0000723125/0000723125-23-000054.html,224d728b9d6cc480d5b20a27c611074c4532a4cdd5b6f623b8828545f9733ab0,2227693,uploaded
S2023-301,0000789019,0000950170-23-035122,2023/sample_500/html/raw/0000789019/0000950170-23-035122.html,6506060f3f928e31abcbcfe46792ff4e0ae5c60bd9ad40964933c37ac854a9ea,9963591,uploaded
S2023-302,0000912595,0000950170-24-013275,2023/sample_500/html/raw/0000912595/0000950170-24-013275.html,2816dd1af452fcd443f638852aa8eb0d4aaf4ecbb4ee7a192bdcbca06d4fdfbd,10357027,uploaded
S2023-303,0001682852,0001682852-24-000015,2023/sample_500/html/raw/0001682852/0001682852-24-000015.html,ea413a1c85d4d1dc5d794d26c4eb778d2fe911ce6933e6434cb779461f2bf04f,2671183,uploaded
S2023-304,0000851968,0000851968-24-000027,2023/sample_500/html/raw/0000851968/0000851968-24-000027.html,afc515ddb9b48f892cd9ed06a05d13ec6e773f1c708a116459853c2f4d809e26,2412578,uploaded
S2023-305,0001179929,0001179929-24-000033,2023/sample_500/html/raw/0001179929/0001179929-24-000033.html,9e0c64ab3278c22cc672c6e2bf943fa85ddfc005ad18d69f43bdc32056a8f1ac,2141975,uploaded
S2023-306,0000024545,0000024545-24-000005,2023/sample_500/html/raw/0000024545/0000024545-24-000005.html,d9b07a5a814a4b49d7621108306766912e22de131a788bb2cb038ce01d5b5c22,3608906,uploaded
S2023-307,0001103982,0001103982-24-000019,2023/sample_500/html/raw/0001103982/0001103982-24-000019.html,ce2430f8ceebdfa6ad42e60eb812220b1b7e18c65615b73ef517c17917ae2b5a,4110488,uploaded
S2023-308,0001280452,0001437749-24-006133,2023/sample_500/html/raw/0001280452/0001437749-24-006133.html,54ecdf4dabe8aca1ddfa6351a6bc9b420e3abefe959e9a567599148b68bfcdac,2266359,uploaded
S2023-309,0000865752,0001104659-24-029425,2023/sample_500/html/raw/0000865752/0001104659-24-029425.html,bd18fc841c81b626bf8450a52d9d1e0d3b85ad87840df39d75587802fc868113,4072184,uploaded
S2023-310,0001059556,0001059556-24-000017,2023/sample_500/html/raw/0001059556/0001059556-24-000017.html,15efa52b1bd338dc078ec7041dfe369a60b3cf54f2b96780fab96b6ccb34379e,4540233,uploaded
S2023-311,0000895421,0000895421-24-000300,2023/sample_500/html/raw/0000895421/0000895421-24-000300.html,ed785355984aab2db074c286f593fc06cc8a0af90eb7cc26b30bfe62ced6f285,9664493,uploaded
S2023-312,0001285785,0001618034-24-000004,2023/sample_500/html/raw/0001285785/0001618034-24-000004.html,222d76b836b1fff0ea28b9d002da8bfd657fd623123dd6bb36dd2c62ef507192,4035308,uploaded
S2023-313,0000068505,0000068505-24-000008,2023/sample_500/html/raw/0000068505/0000068505-24-000008.html,843a5e539f88fd1f67d1c43a1af453f0b5be6f98af9447f62c771a9bec1147f9,3426080,uploaded
S2023-314,0001013871,0001013871-24-000005,2023/sample_500/html/raw/0001013871/0001013871-24-000005.html,5f8cbd56f2f4e3f302eeb1c340c7137a5f02f6b7ddd87942204268c2f0573202,5480182,uploaded
S2023-315,0000906163,0000906163-24-000033,2023/sample_500/html/raw/0000906163/0000906163-24-000033.html,f37e977c7d615bebbdbcc2a841c2d5245654e8ab80a3b93de4af21531cb5afc0,1802532,uploaded
S2023-316,0001413447,0001413447-24-000013,2023/sample_500/html/raw/0001413447/0001413447-24-000013.html,6c516e7c883fdcbd1ebaaba9ef243abffd9af14249b47343070c5e3e0411e477,2345689,uploaded
S2023-317,0001120193,0001120193-24-000006,2023/sample_500/html/raw/0001120193/0001120193-24-000006.html,73c8c475874c54dd98607a3030e89852edb2c8c76f7c07c25dd58ce24fb22bf4,3293453,uploaded
S2023-318,0001002047,0000950170-23-027948,2023/sample_500/html/raw/0001002047/0000950170-23-027948.html,b45d95e1f848d681fef967aca0c38438556db3bab2fd84711a05ad84c9b1968b,6656968,uploaded
S2023-319,0001065280,0001065280-24-000030,2023/sample_500/html/raw/0001065280/0001065280-24-000030.html,58c9eda6c3d3c4caf89811e76085077af4b75a303e45b54a1200aac88f04323e,1793608,uploaded
S2023-320,0001164727,0001164727-24-000016,2023/sample_500/html/raw/0001164727/0001164727-24-000016.html,ef8ad5e311cfc52242214ee261816f069744db8ebfdf652341b1703a6c208b3f,8653026,uploaded
S2023-321,0001564708,0001564708-23-000368,2023/sample_500/html/raw/0001564708/0001564708-23-000368.html,53342683f76e8cc4441d80174089f1363ed9d58f43bc72fbdacc680ecdfa1d9c,3668411,uploaded
S2023-322,0000753308,0000753308-24-000008,2023/sample_500/html/raw/0000753308/0000753308-24-000008.html,a5a5d0a9545c20d324255f37591cff93cc43bb6a66d82cafa08e3e8e246ac192,4550800,uploaded
S2023-323,0001111711,0001111711-24-000011,2023/sample_500/html/raw/0001111711/0001111711-24-000011.html,0a019bd52d276959836035c02c419e136a86a8df5e18535c7e67cb1fe1649801,4302019,uploaded
S2023-324,0000320187,0000320187-23-000039,2023/sample_500/html/raw/0000320187/0000320187-23-000039.html,48cf9851f1b6d1a492b21102ad9fe859fcbcc5fb887fb6649bba12ee3c62eab4,2688110,uploaded
S2023-325,0000072331,0000072331-23-000242,2023/sample_500/html/raw/0000072331/0000072331-23-000242.html,4d6df5dea56e4a7948eca644d9c55a99a8675283da255101eaac7963a8cfc724,2772932,uploaded
S2023-326,0000702165,0000702165-24-000005,2023/sample_500/html/raw/0000702165/0000702165-24-000005.html,b955113ac10cb41562706daec56d19336dad36f8fd1d938cd7da6c09000bb0e1,2275300,uploaded
S2023-327,0000073124,0000073124-24-000073,2023/sample_500/html/raw/0000073124/0000073124-24-000073.html,b5d6806177cd3d540e52bce56dea759d24f06f27467ca7dc622a6896b43df714,7673532,uploaded
S2023-328,0001133421,0001133421-24-000006,2023/sample_500/html/raw/0001133421/0001133421-24-000006.html,777a1977a3aae577242032a48d38e4903a9bf64505a5b22404857ba9e23d0018,3098205,uploaded
S2023-329,0001513761,0001558370-24-001935,2023/sample_500/html/raw/0001513761/0001558370-24-001935.html,a40520e7ca71ff6c1b64f3fcdecc19682695235f8f02f542e224c1fa03b3e5ae,3595006,uploaded
S2023-330,0000073309,0000950170-24-021195,2023/sample_500/html/raw/0000073309/0000950170-24-021195.html,c9d4f67333981143dc906eff554a7b5a30832762339b1ef1ac1c11ba4e245b28,4371466,uploaded
S2023-331,0001045810,0001045810-23-000017,2023/sample_500/html/raw/0001045810/0001045810-23-000017.html,a4c77324eba4a3d88d46428ee097531930b75e46e983816352c76eff927621b7,2669239,uploaded
S2023-332,0001097864,0001628280-24-003201,2023/sample_500/html/raw/0001097864/0001628280-24-003201.html,3a6c9183817e50c30bca2102a1c734c890307f8d82db57ef094a54c0bcb6200e,2803169,uploaded
S2023-333,0000797468,0000797468-24-000034,2023/sample_500/html/raw/0000797468/0000797468-24-000034.html,5ece252b691f33fcae194bc28bbda2a3d31cd5bfc27ff2ba8ed00f89a25f0e24,4263681,uploaded
S2023-334,0000878927,0000950170-24-020176,2023/sample_500/html/raw/0000878927/0000950170-24-020176.html,c1932ae883ae32dea61337876aece6ea630ffbd3c40086af39f8b7f1d59890c9,1926892,uploaded
S2023-335,0000029989,0000029989-24-000007,2023/sample_500/html/raw/0000029989/0000029989-24-000007.html,0577b79b0c1edb5ffdabca50acbfdb32527349a05b2a41b17c066891667c6c18,2044887,uploaded
S2023-336,0001039684,0001039684-24-000015,2023/sample_500/html/raw/0001039684/0001039684-24-000015.html,45f6159bd14ee7dd37cf3a9ab66562e7f269d7a3da5f14b5c89ab30c594f9a44,3274495,uploaded
S2023-337,0001341439,0000950170-23-028914,2023/sample_500/html/raw/0001341439/0000950170-23-028914.html,c118645a9fdbd04cb830255d584d19bebbcea293d73d64615723abfc0dbe50c9,7324983,uploaded
S2023-338,0001781335,0001781335-24-000013,2023/sample_500/html/raw/0001781335/0001781335-24-000013.html,2c806fb0a190cfec9cc4d3fc23dca40a7f632270324b2b26129dfcce5f793fab,2873500,uploaded
S2023-339,0000898173,0000898173-24-000009,2023/sample_500/html/raw/0000898173/0000898173-24-000009.html,0cdd480ef61eb0f86a7dc38bfae6c84d430640ab1c9a115f5a4b381a15ca24be,2998175,uploaded
S2023-340,0001004980,0001004980-24-000014,2023/sample_500/html/raw/0001004980/0001004980-24-000014.html,f4712c1538019620ec663fd863120f9fe8ee3925e5267d56442a58ed945a5ca5,5060894,uploaded
S2023-341,0000713676,0000713676-24-000028,2023/sample_500/html/raw/0000713676/0000713676-24-000028.html,22923e7767866d9930b1b968aba1b00c41816ee25b1aad351e1f6a49e99298dc,8808342,uploaded
S2023-342,0000079879,0000079879-24-000040,2023/sample_500/html/raw/0000079879/0000079879-24-000040.html,9c638f26f291cb7aeb6bfe1e9683ddb33c04ecacadb35ee2638d63515a2d53d8,2792630,uploaded
S2023-343,0000922224,0000922224-24-000008,2023/sample_500/html/raw/0000922224/0000922224-24-000008.html,f8fd1567ba176e883f160386eb9b28dcfc522e21e4337ef587bcf13bb628e1fd,8545810,uploaded
S2023-344,0000857005,0000950123-23-011049,2023/sample_500/html/raw/0000857005/0000950123-23-011049.html,0a89196707873ccfa24550d059ea7d8591f5ca02fd929cb9564f483b71dbc97a,5169039,uploaded
S2023-345,0000075362,0000950170-24-017900,2023/sample_500/html/raw/0000075362/0000950170-24-017900.html,321c3b6e58161d47cea85e77d5f567056fec02acdb8b4b5f78510c529b157b39,6471411,uploaded
S2023-346,0000075677,0000950170-24-022794,2023/sample_500/html/raw/0000075677/0000950170-24-022794.html,f50dc2a3b064ec9f0f112de56e15b00a726bddba232bb09c3facb5b3e42357a1,4243667,uploaded
S2023-347,0001327567,0001327567-23-000024,2023/sample_500/html/raw/0001327567/0001327567-23-000024.html,2c7a848377f312bd1b8726f3f8f591e3a573cbdd3a3cb5b4b5e5d380dbad12ff,2791667,uploaded
S2023-348,0000813828,0000813828-24-000007,2023/sample_500/html/raw/0000813828/0000813828-24-000007.html,31399c21a87da0c0bc3d6513da2f8555f288c9d41e334ead1efd3e99fe099b95,3383874,uploaded
S2023-349,0000076334,0000076334-23-000042,2023/sample_500/html/raw/0000076334/0000076334-23-000042.html,708d2554b589efee03c8d0162efb721ac44db5570d9c274f539f9025e2fb7276,2503751,uploaded
S2023-350,0001633917,0001633917-24-000024,2023/sample_500/html/raw/0001633917/0001633917-24-000024.html,966d8a704647949cbc52f48d8fd4565bcad54fc6f5b2ba2a9c950d3181f6ad3c,3479912,uploaded
S2023-351,0000723531,0000950170-23-032988,2023/sample_500/html/raw/0000723531/0000950170-23-032988.html,67dbcc1e56774bd2f4c66729c77eb22301adb7678c0ead82c1c1d2de542e5c4d,6093229,uploaded
S2023-352,0001590955,0000950170-24-015863,2023/sample_500/html/raw/0001590955/0000950170-24-015863.html,f7d31858c121f122a6d3c018546b0e599b6bd4115f32e3f2881be1f0b49728fc,3038080,uploaded
S2023-353,0000077360,0000077360-24-000007,2023/sample_500/html/raw/0000077360/0000077360-24-000007.html,cbf22c487582d0bd18412f8490f80682f01b4c6e97c4c975fbec5757e3652855,2234438,uploaded
S2023-354,0000077476,0000077476-24-000008,2023/sample_500/html/raw/0000077476/0000077476-24-000008.html,35214aea5d960f28a5f00749c448831b21e1880a56738bcab4babe558e7b960e,3953838,uploaded
S2023-355,0000078003,0000078003-24-000039,2023/sample_500/html/raw/0000078003/0000078003-24-000039.html,6d4ccadf0cb5a1e0f716c8f39c300adbbe5587372bf89459fa8a0ea34cdee15c,5349184,uploaded
S2023-356,0001413329,0001413329-24-000013,2023/sample_500/html/raw/0001413329/0001413329-24-000013.html,70e7040acd97dd0239ff1242cb34619573ada36829bdfe121ebf05e50c450b14,4444159,uploaded
S2023-357,0001534701,0001534701-24-000078,2023/sample_500/html/raw/0001534701/0001534701-24-000078.html,b0ae4bb561efaee32e0af577ed147b60e0037a8a20a972b3c5728a6034439782,4903084,uploaded
S2023-358,0000764622,0000764622-24-000016,2023/sample_500/html/raw/0000764622/0000764622-24-000016.html,b08a38f0ed3c4b2134c1a517c27b2ea7a8c4e9b9500d81444dd91bb5e1fde455,5606815,uploaded
S2023-359,0000945841,0000945841-24-000021,2023/sample_500/html/raw/0000945841/0000945841-24-000021.html,a58d1360b8141b34ef468ec36ea7d8c4dbe91a9513c949aa474e2367ff492641,2128853,uploaded
S2023-360,0001126328,0001104659-24-025516,2023/sample_500/html/raw/0001126328/0001104659-24-025516.html,2d9857a9810d5ffbf030bff1a2512460d9b898b667e63fe26c81bafe12512261,19313757,uploaded
S2023-361,0000080424,0000080424-23-000073,2023/sample_500/html/raw/0000080424/0000080424-23-000073.html,22efb76f101ba62401ca2f5bc1570dd0a41d1072cc06b177006fe0afceed3f89,2425283,uploaded
S2023-362,0000080661,0000080661-24-000007,2023/sample_500/html/raw/0000080661/0000080661-24-000007.html,6adc984f73bbb743625a30be38fd1645bce4c2072f1db60a0711d4679882605d,1474219,uploaded
S2023-363,0001045609,0000950170-24-014539,2023/sample_500/html/raw/0001045609/0000950170-24-014539.html,378feb33dcbe67a97758428c0d1ff687a980cf48e84b7bef1aa4dd5a073dab10,9118636,uploaded
S2023-364,0001137774,0001137774-24-000045,2023/sample_500/html/raw/0001137774/0001137774-24-000045.html,b1ab72bb97a3d9c6baf9cb24574e2590170a0e7603b029cd80eb6a33109e5442,16755446,uploaded
S2023-365,0000788784,0001628280-24-006885,2023/sample_500/html/raw/0000788784/0001628280-24-006885.html,ea8424d99ce3d11facd456dbf81f706df4f489c188720273e804c63dbb49b634,5980855,uploaded
S2023-366,0001393311,0001393311-24-000043,2023/sample_500/html/raw/0001393311/0001393311-24-000043.html,6123fde4a4e0b6b933a9ca2ac39e28117001077e278717464f84797659c27e9f,3365763,uploaded
S2023-367,0000822416,0000822416-24-000010,2023/sample_500/html/raw/0000822416/0000822416-24-000010.html,b40cf7672930361ad56b2c3cb557e1d70056251a6850578287746bd8772f8859,1878184,uploaded
S2023-368,0001604778,0001604778-23-000055,2023/sample_500/html/raw/0001604778/0001604778-23-000055.html,02603e09c046f767741ad4889711f4d4972e8760c8ccaec39db8f20c284194ee,2222044,uploaded
S2023-369,0000804328,0000804328-23-000055,2023/sample_500/html/raw/0000804328/0000804328-23-000055.html,bdf54d2d0a42c6d83b2ac010990f600d80c3759b5397c9f7bdc04efb36f2c3ad,1952791,uploaded
S2023-370,0001050915,0001050915-24-000009,2023/sample_500/html/raw/0001050915/0001050915-24-000009.html,c08c04c47276eea544a38f71ef0aea616206a5b4e620616a6ab109816121c1ea,2905452,uploaded
S2023-371,0001022079,0001022079-24-000041,2023/sample_500/html/raw/0001022079/0001022079-24-000041.html,9b6c77dfa67b2829795ae993438292309eaffa5faba6f02cbcae51764aabf4eb,2437932,uploaded
S2023-372,0000101829,0000101829-24-000008,2023/sample_500/html/raw/0000101829/0000101829-24-000008.html,06c21f18aaecfae04c64d76d2515a7a5dc481cb890696aa29b9861af97672a53,3876208,uploaded
S2023-373,0001037038,0001037038-23-000015,2023/sample_500/html/raw/0001037038/0001037038-23-000015.html,0d4547775cdaa99080c0817692dfbd77777acfb0dafc6cdb86d5b510ede43a7d,3851988,uploaded
S2023-374,0000720005,0000720005-23-000079,2023/sample_500/html/raw/0000720005/0000720005-23-000079.html,3e62496aa43689be45e0d6c906d08782993d3cfdfaaddeae5bc2e5d298d29bdc,7142063,uploaded
S2023-375,0000726728,0000726728-24-000047,2023/sample_500/html/raw/0000726728/0000726728-24-000047.html,4e15a5ad4c14a4fa6a83bfb2b8181ff7c81e69d0f8c042f8a775f15ef44cec20,3780884,uploaded
S2023-376,0000910606,0000950170-24-016260,2023/sample_500/html/raw/0000910606/0000950170-24-016260.html,f80cbe24e368a5340581561db0809e8ba2716516c55395c275375e6ba0eee9ba,15519329,uploaded
S2023-377,0000872589,0001804220-24-000009,2023/sample_500/html/raw/0000872589/0001804220-24-000009.html,a8f017b20a0bcbb257541bea391ccf578e9ea2f91395cca3a73160e3170206f9,3327870,uploaded
S2023-378,0001281761,0001281761-24-000010,2023/sample_500/html/raw/0001281761/0001281761-24-000010.html,a7047e5699adbffa48eb282a18f229d86f1806a65355b38820bae36b1eff9a30,7585188,uploaded
S2023-379,0001060391,0001060391-24-000142,2023/sample_500/html/raw/0001060391/0001060391-24-000142.html,5cfa31dd25111d64b022ff520b0ed133ed9a53fd9778ced482ab5167285f462e,3497189,uploaded
S2023-380,0000943819,0000943819-23-000011,2023/sample_500/html/raw/0000943819/0000943819-23-000011.html,59d88f1595c9b35ade0dc54ea89b8ac02bc023bcf071b5b3581f402a989974d2,2408245,uploaded
S2023-381,0000315213,0000315213-24-000011,2023/sample_500/html/raw/0000315213/0000315213-24-000011.html,cc545cc49a01924291b031ca3221cd0f420b462125b7e999cc245dcd753fac1d,1563984,uploaded
S2023-382,0001024478,0001024478-23-000126,2023/sample_500/html/raw/0001024478/0001024478-23-000126.html,545b14160bc9ac54ff85fbc07a105f69f7fc9a0a4d430cbdf13673ed4c3da9da,3034259,uploaded
S2023-383,0000084839,0000084839-24-000025,2023/sample_500/html/raw/0000084839/0000084839-24-000025.html,acc1f32f5a461f3f5e5c1ab7a9104bb128b4e5f8c53a3e87695c175fed506bf1,1818336,uploaded
S2023-384,0000882835,0000882835-24-000008,2023/sample_500/html/raw/0000882835/0000882835-24-000008.html,e9160afe1128a60cfa754df7c8611fd8acd640882b79d234dcce70064a54cf0b,2179562,uploaded
S2023-385,0000745732,0000745732-23-000013,2023/sample_500/html/raw/0000745732/0000745732-23-000013.html,339c5ddb2952c530ffcdef9251dcd5d5b88d82ecc587e150541f658fdbe0a2f1,1455660,uploaded
S2023-386,0000884887,0000884887-24-000075,2023/sample_500/html/raw/0000884887/0000884887-24-000075.html,c8bc4b70d3cb5ef6bca76c890934bc1b84d603d17a33a2bdf04a1b6652528e61,3075313,uploaded
S2023-387,0000064040,0000064040-24-000071,2023/sample_500/html/raw/0000064040/0000064040-24-000071.html,9023a0336cddabecf1f8850de31e1272880fe6699dff1ce8acb8611dcfd5a435,4089706,uploaded
S2023-388,0001034054,0001034054-24-000002,2023/sample_500/html/raw/0001034054/0001034054-24-000002.html,bad1d0c9373c50e95ae7b9b078fad829e214403aed120117cce270ae69b5392f,10661716,uploaded
S2023-389,0001108524,0001108524-23-000011,2023/sample_500/html/raw/0001108524/0001108524-23-000011.html,d81a2743b45fcc731b56f75c5a034ebcd010974711f56e95f736d67f5d0364b4,3028258,uploaded
S2023-390,0000087347,0000950170-24-006884,2023/sample_500/html/raw/0000087347/0000950170-24-006884.html,93eda986b4054d4bbbec4475ee8a20caef2401b020a93c1b8dffb60212c952d2,4995477,uploaded
S2023-391,0001137789,0001137789-23-000049,2023/sample_500/html/raw/0001137789/0001137789-23-000049.html,93bbd45304005e5a305737435f9836ae67e55000112a24ce027c8330f30abd6b,2929764,uploaded
S2023-392,0001032208,0001032208-24-000007,2023/sample_500/html/raw/0001032208/0001032208-24-000007.html,d43d0151dd36a39611d4163e05ca7931a36083637036b38757592c391f224a6d,9727301,uploaded
S2023-393,0001373715,0001373715-24-000030,2023/sample_500/html/raw/0001373715/0001373715-24-000030.html,4538c9e97f0c76763a90865b6d9937a27fcad97561ad6653ef41480c1600c2c6,1911981,uploaded
S2023-394,0000089800,0000089800-24-000033,2023/sample_500/html/raw/0000089800/0000089800-24-000033.html,97c8d4777bbdb3d571864bc397c358446b71a0caa2eb1e8e84d30eca1b69670a,2921320,uploaded
S2023-395,0001063761,0001558370-24-001532,2023/sample_500/html/raw/0001063761/0001558370-24-001532.html,517ca94e766faca9f432b05e2905980163f7db8ded42f434f33dea8d537ece75,10716918,uploaded
S2023-396,0000004127,0000004127-23-000030,2023/sample_500/html/raw/0000004127/0000004127-23-000030.html,6adaf772064d7da5a8252051c0ba00d6ad2957f873fbce1776569d81e7b4521c,1605920,uploaded
S2023-397,0000091440,0000091440-24-000005,2023/sample_500/html/raw/0000091440/0000091440-24-000005.html,e740fff04441135a320310f06e1350e07ca981ac8dd92330fccb4b2ac56cad48,3922761,uploaded
S2023-398,0000092122,0000092122-24-000009,2023/sample_500/html/raw/0000092122/0000092122-24-000009.html,4972661de64dc72443f7761cedbe2761e8e0386d06aa7d8dac948c4434f513f8,15223021,uploaded
S2023-399,0000092380,0000092380-24-000027,2023/sample_500/html/raw/0000092380/0000092380-24-000027.html,ca2b67cf5fd7d0bb5d62fd6f570016484e685729c1294988ba8bb7bbf809f64e,2921151,uploaded
S2023-400,0000093556,0000093556-24-000032,2023/sample_500/html/raw/0000093556/0000093556-24-000032.html,b281890e3ee4d6e16b260a0d688ae23304a7db9f1563e6e2eb8fe3a0a60b927c,3391063,uploaded
S2023-401,0000829224,0000829224-23-000058,2023/sample_500/html/raw/0000829224/0000829224-23-000058.html,e95131d18e96a7f37721134f77969c1ddb875dbb5216fdfd44472eba56e84e1d,3026735,uploaded
S2023-402,0000093751,0000093751-24-000498,2023/sample_500/html/raw/0000093751/0000093751-24-000498.html,fdc2dc7cc490c3f55a4c944e5080f726c42b40a6f19ae46154e9884b783dc7d4,7944638,uploaded
S2023-403,0001022671,0001558370-24-002152,2023/sample_500/html/raw/0001022671/0001558370-24-002152.html,dbd8fbb772be0f510aba6fe1fe23227c4f0750ce3a9d7606871c67e4f5dc5457,3525538,uploaded
S2023-404,0001757898,0001757898-23-000005,2023/sample_500/html/raw/0001757898/0001757898-23-000005.html,4faeb0ae297a0556761c58a6e2a2f83b45d88bbd19dbee49bb4a4cc390588f2a,4085622,uploaded
S2023-405,0000310764,0000310764-24-000024,2023/sample_500/html/raw/0000310764/0000310764-24-000024.html,8a5ef29be93b8ad09156d6a100dd3ae1b098aa55ae7c351ca4564937f00b4477,2662406,uploaded
S2023-406,0001601712,0001601712-24-000047,2023/sample_500/html/raw/0001601712/0001601712-24-000047.html,c22249e515f66d69f6b7064d25a7fb52ac77ef5a0276db7c83fa93abad0eb5e5,3256270,uploaded
S2023-407,0000883241,0000883241-23-000019,2023/sample_500/html/raw/0000883241/0000883241-23-000019.html,d7bd2a6885187c7cdb08665b9b23703d69d851b8e1a64c9f6c92fc79fe4d7d53,2658552,uploaded
S2023-408,0000096021,0000096021-23-000117,2023/sample_500/html/raw/0000096021/0000096021-23-000117.html,846f5ee0dd33281d15a98d0d83c423458affb3746060d7e49cb1f2dcef33922a,4005343,uploaded
S2023-409,0001283699,0001283699-24-000008,2023/sample_500/html/raw/0001283699/0001283699-24-000008.html,92a8e7c1a413a258b0a983dbfe40fef6115339b040e00e8ea8e044f655abd6f2,3870253,uploaded
S2023-410,0001113169,0001113169-24-000007,2023/sample_500/html/raw/0001113169/0001113169-24-000007.html,49c37536770c7b2840d545763f02040d34f55e6de803f631d94c475775bfeeb0,2785932,uploaded
S2023-411,0001385157,0001558370-23-018833,2023/sample_500/html/raw/0001385157/0001558370-23-018833.html,f5fe061a509d3231ff28144de313eba4304a504fdcfe521dbe8ee961abc550c1,5553726,uploaded
S2023-412,0000109198,0000109198-23-000004,2023/sample_500/html/raw/0000109198/0000109198-23-000004.html,62ffff00f3b87986a3e39970c581afd37d1c425ca1a10454f13c8350c7121c06,2413520,uploaded
S2023-413,0000946581,0001628280-23-019851,2023/sample_500/html/raw/0000946581/0001628280-23-019851.html,7313e2191bb38d1efe176aea59225e6451f67f227bd03684e73195f48ab83207,3603885,uploaded
S2023-414,0001116132,0001116132-23-000020,2023/sample_500/html/raw/0001116132/0001116132-23-000020.html,31019bc45d6f63d7640281ec27a4ad08fc97d4fd7c9efdcd937d97906072fe7e,2831680,uploaded
S2023-415,0001389170,0000950170-24-015841,2023/sample_500/html/raw/0001389170/0000950170-24-015841.html,0c210bc60c68c8c6d2a18940684639f8d39df4d59c758355679f3de9ea64f24b,6775762,uploaded
S2023-416,0000027419,0000027419-23-000015,2023/sample_500/html/raw/0000027419/0000027419-23-000015.html,45a943240591b317708dbaac614d7c178820eaebb14039694fd30eab30975b4a,2370068,uploaded
S2023-417,0000096943,0000096943-24-000036,2023/sample_500/html/raw/0000096943/0000096943-24-000036.html,128738f4f55d08b314b425dd65731d16babe05afff66f320e6b597f4d1aaf2a1,2517904,uploaded
S2023-418,0000097210,0000950170-24-018701,2023/sample_500/html/raw/0000097210/0000950170-24-018701.html,6eedcbcfe99ea09dadef5595ab09f160d920366d2b5370641def360bcc55ccc7,5915660,uploaded
S2023-419,0001318605,0001628280-24-002390,2023/sample_500/html/raw/0001318605/0001628280-24-002390.html,b14dc117f67a9c03d7b22c23c35757c52256c58d82cd38607fbcb590f025a577,2672746,uploaded
S2023-420,0000097476,0000097476-24-000007,2023/sample_500/html/raw/0000097476/0000097476-24-000007.html,b2d10c56edb1683318095f027658914670b2d8d311bef434d8125ae68670a183,2014589,uploaded
S2023-421,0000217346,0000217346-24-000017,2023/sample_500/html/raw/0000217346/0000217346-24-000017.html,43746d8c3805d031b5232f2531115b0d80336fbc4f247ecb0615a2cca194194e,2599116,uploaded
S2023-422,0000097745,0000097745-24-000007,2023/sample_500/html/raw/0000097745/0000097745-24-000007.html,80c765daa59f6857a006b3201673dd14a58d0a707b7754b0a4cd1c6d911c76d7,3013771,uploaded
S2023-423,0000916365,0000916365-24-000046,2023/sample_500/html/raw/0000916365/0000916365-24-000046.html,2871cce892c16fbfb9bd9d5252c31cfdd7433f1aa15319e46a1677ebc7d49091,1838973,uploaded
S2023-424,0001466258,0001466258-24-000047,2023/sample_500/html/raw/0001466258/0001466258-24-000047.html,2e6c6ca8921632727ba3f2e2ccb0437c47e2ea8bb9b468c02befa1c795ec3fab,2962369,uploaded
S2023-425,0001260221,0001260221-23-000081,2023/sample_500/html/raw/0001260221/0001260221-23-000081.html,c84e5a4c4f86fba29a2873db1ead57e8573044eb3e78aebeeb429d9fe3f551dd,3642605,uploaded
S2023-426,0000086312,0000086312-24-000012,2023/sample_500/html/raw/0000086312/0000086312-24-000012.html,0ff3e4e3b17415df612cada6095c83beb842bf5df9a3d598d43da343163f9046,6968688,uploaded
S2023-427,0000864749,0000864749-24-000047,2023/sample_500/html/raw/0000864749/0000864749-24-000047.html,41637f3b8ee2dbee51ac2f4bb4c341e51c74406ceccdb5d35c75b367fc902203,2295277,uploaded
S2023-428,0000092230,0000092230-24-000010,2023/sample_500/html/raw/0000092230/0000092230-24-000010.html,8b37891d063cf11c8a46a428624be7c36cfff182f8a9564de14772c1a0616356,7306700,uploaded
S2023-429,0000860731,0000860731-24-000006,2023/sample_500/html/raw/0000860731/0000860731-24-000006.html,f18f2f07d518b3cf75bc21922f181860765856dcf0f09b716ebdf3f6f7221eea,2295264,uploaded
S2023-430,0000100493,0000100493-23-000105,2023/sample_500/html/raw/0000100493/0000100493-23-000105.html,4c8b9c4575921b194839b6301a83a8388cb1121318ed121268cfb505b4812b8b,3124647,uploaded
S2023-431,0000036104,0000036104-24-000018,2023/sample_500/html/raw/0000036104/0000036104-24-000018.html,1864156255609ab91175633223c3288171c406edb3d3583e9265830debe7945c,964604,uploaded
S2023-432,0000074208,0000074208-24-000011,2023/sample_500/html/raw/0000074208/0000074208-24-000011.html,7b25667343be7fb6789b3e366655467ac0b9f7c1e8e559101b37ad015e9946d0,8971587,uploaded
S2023-433,0001543151,0001543151-24-000012,2023/sample_500/html/raw/0001543151/0001543151-24-000012.html,fa52a3f373b5c3975625c8b1a77befc820cf449d8b25abe0aa16ae15067cedc6,3307718,uploaded
S2023-434,0001403568,0001558370-23-004581,2023/sample_500/html/raw/0001403568/0001558370-23-004581.html,caaf13d29aec33dc9ac47818b0499013aaee3273753ea1d23823367460a18936,2946707,uploaded
S2023-435,0000100885,0001437749-24-003599,2023/sample_500/html/raw/0000100885/0001437749-24-003599.html,9a5a7ecb64de7b47bcc447d9d66e86d7b304535c476200040e1a852c4f10d9b7,2690710,uploaded
S2023-436,0000100517,0000100517-24-000027,2023/sample_500/html/raw/0000100517/0000100517-24-000027.html,049b0d21fb12a69d857fc07c970b876421682fbb97ab61f51e1a220e0f2e6811,3217250,uploaded
S2023-437,0001090727,0001090727-24-000008,2023/sample_500/html/raw/0001090727/0001090727-24-000008.html,7342b4e712214ebeee0185a404abbf13541ce6ac90c6f4abd5ba073c610a58ee,4477796,uploaded
S2023-438,0001067701,0001067701-24-000007,2023/sample_500/html/raw/0001067701/0001067701-24-000007.html,5545b1accae551d972c1209e3bad662089079e10d61d1b02649af2839b73c5be,2675418,uploaded
S2023-439,0000731766,0000731766-24-000081,2023/sample_500/html/raw/0000731766/0000731766-24-000081.html,5a5d68aa5a839be37eb32520c75615d84579d9b4a1be379ae64470d5230af762,2702863,uploaded
S2023-440,0000352915,0000950170-24-021175,2023/sample_500/html/raw/0000352915/0000950170-24-021175.html,dbf25a14e279bf1e59b94a2eab2368561cc183a0d9e5c158789fca69d71527e2,6092110,uploaded
S2023-441,0000103379,0000103379-23-000006,2023/sample_500/html/raw/0000103379/0000103379-23-000006.html,5e3ac13622ade6bcaeeb329a334433becaabd5409d25f89c4d2514dbdaa71406,4456400,uploaded
S2023-442,0001035002,0001035002-24-000007,2023/sample_500/html/raw/0001035002/0001035002-24-000007.html,42b0adbb1f914835fb004721e0a0053db78b0e0333ff9ae8798003059fb0520a,3993105,uploaded
S2023-443,0000740260,0000740260-24-000067,2023/sample_500/html/raw/0000740260/0000740260-24-000067.html,45bcbabe67e70bb655b02ce151c2bf16064607d0995cb731aa7811224458a3c8,4094742,uploaded
S2023-444,0001967680,0001967680-24-000033,2023/sample_500/html/raw/0001967680/0001967680-24-000033.html,7fa1fbdb259f25c54a4cef623b54daf15e82a86a1c171356c6559ffb8ee340b4,2015145,uploaded
S2023-445,0001014473,0001014473-24-000006,2023/sample_500/html/raw/0001014473/0001014473-24-000006.html,7037f276e30fdbaf5bf2e4e7e54df3d6f6f679bcd633e1e1ab861d750fc245f7,1311022,uploaded
S2023-446,0001442145,0001437749-24-004939,2023/sample_500/html/raw/0001442145/0001437749-24-004939.html,5cddd93fccf2f4732ec7cbb8558505294f145877d5259e467dee254d2c3b3ebd,3707560,uploaded
S2023-447,0000732712,0000732712-24-000010,2023/sample_500/html/raw/0000732712/0000732712-24-000010.html,ee8b1d39223f1533a7333a5d75a15550d469db14e52f99f7319aa6850edaec90,3835518,uploaded
S2023-448,0000875320,0000875320-24-000062,2023/sample_500/html/raw/0000875320/0000875320-24-000062.html,2d4002c83f0ffcd218cc4ee9ec8183fbfc376ce1af2c92f5678f7a9880f8a215,2665021,uploaded
S2023-449,0001792044,0001792044-24-000008,2023/sample_500/html/raw/0001792044/0001792044-24-000008.html,4d437ae46eda47449840e450ec83346696ca5ea37aa34d85f67bbf59a6bc2879,3780247,uploaded
S2023-450,0001705696,0001705696-24-000033,2023/sample_500/html/raw/0001705696/0001705696-24-000033.html,f0445afa3373506e8eb467199854d5577015c154b662e4c14b057009b0ff8e72,3510027,uploaded
S2023-451,0001403161,0001403161-23-000099,2023/sample_500/html/raw/0001403161/0001403161-23-000099.html,cdc47d2335bf6bfcc161f48345cacb200567c4eedfbb67b1c2c38f8093035eaa,2871121,uploaded
S2023-452,0001396009,0001396009-24-000006,2023/sample_500/html/raw/0001396009/0001396009-24-000006.html,9c0093442b2be4b06549ed25ab1e71db82f98665cbf96de6d5fc1d33ab0325b0,10954611,uploaded
S2023-453,0000011544,0000011544-24-000005,2023/sample_500/html/raw/0000011544/0000011544-24-000005.html,0fb7344863ab43bf1dac26e57c3a5074ac8266928eacfa5a1336fa195e1bcf65,4924803,uploaded
S2023-454,0000277135,0000277135-24-000011,2023/sample_500/html/raw/0000277135/0000277135-24-000011.html,28ccdb1c04c734cc4149ffbfa1d76c82a549121995bce099c5a4ac78e4d1d097,1816604,uploaded
S2023-455,0000783325,0000107815-24-000095,2023/sample_500/html/raw/0000783325/0000107815-24-000095.html,7925cf1e6e0e289aa7511a3806d9b74a8d8a2ed19c4c0e097f2367587a5ea976,6142637,uploaded
S2023-456,0000943452,0001628280-24-004774,2023/sample_500/html/raw/0000943452/0001628280-24-004774.html,854766f2d86e5c1e49ce59b079bd986e20288f2bd21860cb5225653148a6e888,2723992,uploaded
S2023-457,0000104169,0000104169-23-000020,2023/sample_500/html/raw/0000104169/0000104169-23-000020.html,0b6d784515842edd9b168fa3935d562f0241cc1e3ba7c3f819976c272d7ebf44,2594628,uploaded
S2023-458,0001744489,0001744489-23-000216,2023/sample_500/html/raw/0001744489/0001744489-23-000216.html,3a6b238108101788707eb6e3c373d38b21aded7cf0fb5f631d999ed09223e4ef,4941426,uploaded
S2023-459,0001437107,0001437107-24-000017,2023/sample_500/html/raw/0001437107/0001437107-24-000017.html,a4849334cd503e52f391782dd343b5d0cca86d826a6f2128e7891707e7ed8015,3906058,uploaded
S2023-460,0000823768,0001558370-24-001049,2023/sample_500/html/raw/0000823768/0001558370-24-001049.html,62b384214a6e3ac582662e536af9b42513c1f85ca65a3dba454ecc8c3a65069f,4291720,uploaded
S2023-461,0001000697,0001193125-24-047491,2023/sample_500/html/raw/0001000697/0001193125-24-047491.html,b6acd418486681c3e97215079a1ffdcfdc2f0e729f16754dccefb11bbe35fd0d,3101241,uploaded
S2023-462,0000072971,0000072971-24-000064,2023/sample_500/html/raw/0000072971/0000072971-24-000064.html,1eb8ef23b591de7be84c453e09795fc8341f7df20bfe72fd921440dd8b638ffc,1844351,uploaded
S2023-463,0000766704,0000766704-24-000008,2023/sample_500/html/raw/0000766704/0000766704-24-000008.html,a781f24503fa360eb05b478d5604888a20cd9f93d988e0f688f22020566b2635,15292462,uploaded
S2023-464,0000105770,0000105770-24-000015,2023/sample_500/html/raw/0000105770/0000105770-24-000015.html,dea1d132fad38595cc953ab8c758163e3cee2bd43c80e7894e64a5c8e8822f43,2634931,uploaded
S2023-465,0001732845,0000950170-23-064855,2023/sample_500/html/raw/0001732845/0000950170-23-064855.html,15e711cd338e0020a902cde402d012df50e9238d11721c49e1727b56ed67547d,9135836,uploaded
S2023-466,0000106040,0000106040-23-000024,2023/sample_500/html/raw/0000106040/0000106040-23-000024.html,56b3382f3e1c26eb5d022833a3480501dc494c874d26d18161ad93219d3c7bb7,2621356,uploaded
S2023-467,0000106535,0000950170-24-016434,2023/sample_500/html/raw/0000106535/0000950170-24-016434.html,505de95266e1e0c4fcd9db111153736a200a5d27059c8e0bd6c989d5b5fd4a0f,6227567,uploaded
S2023-468,0000106640,0000106640-24-000020,2023/sample_500/html/raw/0000106640/0000106640-24-000020.html,99ec60e35aee003121abb0ee8e46392bc6372d31b61268fda4e41ff212ac711d,3279568,uploaded
S2023-469,0000107263,0000107263-24-000019,2023/sample_500/html/raw/0000107263/0000107263-24-000019.html,1fc84ded8b314fbf9b4275056a24f07d74ece59f118792193979bdcbb115b7e2,4405134,uploaded
S2023-470,0001140536,0000950170-24-018575,2023/sample_500/html/raw/0001140536/0000950170-24-018575.html,e54bb06fab3b51c640d6cd3ae72415516e1a493bf596d0a48fbde337048f18c9,7425599,uploaded
S2023-471,0001174922,0001174922-24-000046,2023/sample_500/html/raw/0001174922/0001174922-24-000046.html,d15e0e21971789035b0086e349e27c6a8e81eec97e35b6d8d8d45f64c0d7150d,3112285,uploaded
S2023-472,0000072903,0000072903-24-000034,2023/sample_500/html/raw/0000072903/0000072903-24-000034.html,2854416faf5f42c189021350048123a2bfb27c78fef555316655264ce50ec1aa,4977750,uploaded
S2023-473,0001524472,0001524472-24-000006,2023/sample_500/html/raw/0001524472/0001524472-24-000006.html,0377527b110fa897010c641cc46543f74bacce86bbb20f8af756ca9e84acc38a,3453993,uploaded
S2023-474,0001041061,0001041061-24-000011,2023/sample_500/html/raw/0001041061/0001041061-24-000011.html,318bc1ed6efb5e3c56b169e7221248062207b281df4bf765985498341a3e56f0,3095561,uploaded
S2023-475,0000877212,0000877212-24-000029,2023/sample_500/html/raw/0000877212/0000877212-24-000029.html,9cab5f85586ba22c1065ccfbcf5b5cc6506f5d0aaa2082b4fb370f692f398439,2271951,uploaded
S2023-476,0001136869,0000950170-24-019353,2023/sample_500/html/raw/0001136869/0000950170-24-019353.html,dc451661bed618400f91fd0fd5b7ccd6d55135c5a4ff3322809f1e74b1759ebe,5117893,uploaded
S2023-477,0000109380,0000109380-24-000061,2023/sample_500/html/raw/0000109380/0000109380-24-000061.html,99fb8209cb0c842895662659fd41929d2a38b2d9891a870a985135e0a969c0df,6828609,uploaded
S2023-478,0001555280,0001555280-24-000143,2023/sample_500/html/raw/0001555280/0001555280-24-000143.html,e611f40ba20bede3f209b423df21bf1b6b09cdc7d51f58adcaa4f6e9ea57f04f,3288013,uploaded
S2023-479,0001065088,0001065088-24-000036,2023/sample_500/html/raw/0001065088/0001065088-24-000036.html,91df8d3960f2859cc83f464b561731e75c0f5e79955861805eefd57535af84ec,3075061,uploaded
