pilot_id,_company_key,cik,symbol,security,sec_entity_name,sec_tickers,sec_exchanges,sic,sic_description,state_of_incorporation,fiscal_year_end,metadata_source,metadata_status,historical_fragment_count,retrieved_at,selection_status,replacement_status,replacement_for,replaced_by,replacement_reason,original_pilot_id,replacement_pilot_id,sampling_seed,reserve_order,within_sector_random_order,analysis_included,final_sample_status
P2025-001,cik:0001754301,0001754301,FOXA|FOX,Fox Corporation (Class A)|Fox Corporation (Class B),Fox Corp,FOXA|FOX,Nasdaq|Nasdaq,4833,Television Broadcasting Stations,DE,0630,https://data.sec.gov/submissions/CIK0001754301.json,identity_review,0,2026-07-29T10:25:36.907643+00:00,,not_replaced,,,,P2025-001,,20250729,,,1,included
P2025-002,cik:0001973266,0001973266,TKO,TKO Group Holdings,"TKO Group Holdings, Inc.",TKO,NYSE,7900,Services-Amusement & Recreation Services,DE,1231,https://data.sec.gov/submissions/CIK0001973266.json,success,0,2026-07-29T10:25:36.931181+00:00,,not_replaced,,,,P2025-002,,20250729,,,1,included
P2025-003,cik:0001335258,0001335258,LYV,Live Nation Entertainment,"Live Nation Entertainment, Inc.",LYV,NYSE,7900,Services-Amusement & Recreation Services,DE,1231,https://data.sec.gov/submissions/CIK0001335258.json,success,0,2026-07-29T10:25:36.944594+00:00,,not_replaced,,,,P2025-003,,20250729,,,1,included
P2025-004,cik:0001744489,0001744489,DIS,Walt Disney Company (The),Walt Disney Co,DIS,NYSE,7990,Services-Miscellaneous Amusement & Recreation,DE,1003,https://data.sec.gov/submissions/CIK0001744489.json,success,0,2026-07-29T10:25:37.006718+00:00,,not_replaced,,,,P2025-004,,20250729,,,1,included
P2025-005,cik:0001065088,0001065088,EBAY,eBay Inc.,EBAY INC,EBAY,Nasdaq,7389,"Services-Business Services, NEC",DE,1231,https://data.sec.gov/submissions/CIK0001065088.json,success,0,2026-07-29T10:25:37.031611+00:00,,not_replaced,,,,P2025-005,,20250729,,,1,included
P2025-006,cik:0000815097,0000815097,CCL,Carnival Corporation,Carnival Corp Ltd.,CCL,NYSE,4400,Water Transportation,D0,1130,https://data.sec.gov/submissions/CIK0000815097.json,success,0,2026-07-29T10:25:37.055835+00:00,,not_replaced,,,,P2025-006,,20250729,,,1,included
P2025-007,cik:0001121788,0001121788,GRMN,Garmin,GARMIN LTD,GRMN,NYSE,3812,"Search, Detection, Navigation, Guidance, Aeronautical Sys",V8,1226,https://data.sec.gov/submissions/CIK0001121788.json,success,0,2026-07-29T10:25:37.083694+00:00,,not_replaced,,,,P2025-007,,20250729,,,1,included
P2025-008,cik:0001403568,0001403568,ULTA,Ulta Beauty,"Ulta Beauty, Inc.",ULTA,Nasdaq,5990,"Retail-Retail Stores, NEC",,0130,https://data.sec.gov/submissions/CIK0001403568.json,success,0,2026-07-29T10:25:37.110415+00:00,,not_replaced,,,,P2025-008,,20250729,,,1,included
P2025-009,cik:0001286681,0001286681,DPZ,Domino's,DOMINOS PIZZA INC,DPZ,Nasdaq,5140,Wholesale-Groceries & Related Products,DE,0102,https://data.sec.gov/submissions/CIK0001286681.json,success,0,2026-07-29T10:25:37.131695+00:00,,not_replaced,,,,P2025-009,,20250729,,,1,included
P2025-010,cik:0000109198,0000109198,TJX,TJX Companies,TJX COMPANIES INC /DE/,TJX,NYSE,5651,Retail-Family Clothing Stores,DE,0201,https://data.sec.gov/submissions/CIK0000109198.json,success,0,2026-07-29T10:25:37.157825+00:00,,not_replaced,,,,P2025-010,,20250729,,,1,included
P2025-011,cik:0000906163,0000906163,NVR,"NVR, Inc.",NVR INC,NVR,NYSE,1531,Operative Builders,VA,1231,https://data.sec.gov/submissions/CIK0000906163.json,success,0,2026-07-29T10:25:37.184051+00:00,,not_replaced,,,,P2025-011,,20250729,,,1,included
P2025-012,cik:0001792789,0001792789,DASH,DoorDash,"DoorDash, Inc.",DASH,Nasdaq,7389,"Services-Business Services, NEC",DE,1231,https://data.sec.gov/submissions/CIK0001792789.json,success,0,2026-07-29T10:25:37.209387+00:00,,not_replaced,,,,P2025-012,,20250729,,,1,included
P2025-013,cik:0001513761,0001513761,NCLH,Norwegian Cruise Line Holdings,Norwegian Cruise Line Holdings Ltd.,NCLH,NYSE,4400,Water Transportation,D0,1231,https://data.sec.gov/submissions/CIK0001513761.json,success,0,2026-07-29T10:25:37.231150+00:00,,not_replaced,,,,P2025-013,,20250729,,,1,included
P2025-014,cik:0000037996,0000037996,F,Ford Motor Company,FORD MOTOR CO,F|F-PB|F-PC|F-PD,NYSE|NYSE|NYSE|NYSE,3711,Motor Vehicles & Passenger Car Bodies,DE,1231,https://data.sec.gov/submissions/CIK0000037996.json,success,0,2026-07-29T10:25:37.255248+00:00,,not_replaced,,,,P2025-014,,20250729,,,1,included
P2025-015,cik:0000313927,0000313927,CHD,Church & Dwight,CHURCH & DWIGHT CO INC /DE/,CHD,NYSE,2840,"Soap, Detergents, Cleang Preparations, Perfumes, Cosmetics",DE,1231,https://data.sec.gov/submissions/CIK0000313927.json,success,0,2026-07-29T10:25:37.284858+00:00,,not_replaced,,,,P2025-015,,20250729,,,1,included
P2025-016,cik:0000040704,0000040704,GIS,General Mills,GENERAL MILLS INC,GIS,NYSE,2040,Grain Mill Products,DE,0530,https://data.sec.gov/submissions/CIK0000040704.json,success,0,2026-07-29T10:25:37.316316+00:00,,not_replaced,,,,P2025-016,,20250729,,,1,included
P2025-017,cik:0000021665,0000021665,CL,Colgate-Palmolive,COLGATE PALMOLIVE CO,CL,NYSE,2844,"Perfumes, Cosmetics & Other Toilet Preparations",DE,1231,https://data.sec.gov/submissions/CIK0000021665.json,success,0,2026-07-29T10:25:37.341466+00:00,,not_replaced,,,,P2025-017,,20250729,,,1,included
P2025-018,cik:0000016918,0000016918,STZ,Constellation Brands,"CONSTELLATION BRANDS, INC.",STZ,NYSE,2080,Beverages,DE,0228,https://data.sec.gov/submissions/CIK0000016918.json,success,0,2026-07-29T10:25:37.368330+00:00,,not_replaced,,,,P2025-018,,20250729,,,1,included
P2025-019,cik:0000091419,0000091419,SJM,J.M. Smucker Company (The),J M SMUCKER Co,SJM,NYSE,2033,"Canned, Fruits, Veg, Preserves, Jams & Jellies",OH,0430,https://data.sec.gov/submissions/CIK0000091419.json,success,0,2026-07-29T10:25:37.391432+00:00,,not_replaced,,,,P2025-019,,20250729,,,1,included
P2025-020,cik:0000100493,0000100493,TSN,Tyson Foods,"TYSON FOODS, INC.",TSN,NYSE,2015,Poultry Slaughtering and Processing,DE,1003,https://data.sec.gov/submissions/CIK0000100493.json,success,0,2026-07-29T10:25:37.414232+00:00,,not_replaced,,,,P2025-020,,20250729,,,1,included
P2025-021,cik:0000104169,0000104169,WMT,Walmart,Walmart Inc.,WMT,Nasdaq,5331,Retail-Variety Stores,DE,0131,https://data.sec.gov/submissions/CIK0000104169.json,success,0,2026-07-29T10:25:37.438477+00:00,,not_replaced,,,,P2025-021,,20250729,,,1,included
P2025-022,cik:0000034088,0000034088,XOM,ExxonMobil,EXXON MOBIL CORP,XOM,NYSE,2911,Petroleum Refining,NJ,1231,https://data.sec.gov/submissions/CIK0000034088.json,success,0,2026-07-29T10:25:37.463036+00:00,,not_replaced,,,,P2025-022,,20250729,,,1,included
P2025-023,cik:0001539838,0001539838,FANG,Diamondback Energy,"Diamondback Energy, Inc.",FANG,Nasdaq,1311,Crude Petroleum & Natural Gas,DE,1231,https://data.sec.gov/submissions/CIK0001539838.json,success,0,2026-07-29T10:25:37.488965+00:00,,not_replaced,,,,P2025-023,,20250729,,,1,included
P2025-024,cik:0000045012,0000045012,HAL,Halliburton,HALLIBURTON CO,HAL,NYSE,1389,"Oil & Gas Field Services, NEC",DE,1231,https://data.sec.gov/submissions/CIK0000045012.json,success,0,2026-07-29T10:25:37.512226+00:00,,not_replaced,,,,P2025-024,,20250729,,,1,included
P2025-025,cik:0000093410,0000093410,CVX,Chevron Corporation,CHEVRON CORP,CVX,NYSE,2911,Petroleum Refining,DE,1231,https://data.sec.gov/submissions/CIK0000093410.json,success,0,2026-07-29T10:25:37.534532+00:00,,not_replaced,,,,P2025-025,,20250729,,,1,included
P2025-026,cik:0001140536,0001140536,WTW,Willis Towers Watson,WILLIS TOWERS WATSON PLC,WTW,Nasdaq,6411,"Insurance Agents, Brokers & Service",L2,1231,https://data.sec.gov/submissions/CIK0001140536.json,success,0,2026-07-29T10:25:37.558490+00:00,,not_replaced,,,,P2025-026,,20250729,,,1,included
P2025-027,cik:0001141391,0001141391,MA,Mastercard,Mastercard Inc,MA,NYSE,7389,"Services-Business Services, NEC",DE,1231,https://data.sec.gov/submissions/CIK0001141391.json,success,0,2026-07-29T10:25:37.584931+00:00,,not_replaced,,,,P2025-027,,20250729,,,1,included
P2025-028,cik:0000093751,0000093751,STT,State Street Corporation,STATE STREET CORP,STT|STT-PG,NYSE|NYSE,6022,State Commercial Banks,MA,1231,https://data.sec.gov/submissions/CIK0000093751.json,success,0,2026-07-29T10:25:37.610319+00:00,,not_replaced,,,,P2025-028,,20250729,,,1,included
P2025-029,cik:0000070858,0000070858,BAC,Bank of America,BANK OF AMERICA CORP /DE/,BAC|BML-PG|BML-PL|BAC-PB|BAC-PK|BAC-PE|BAC-PL|BAC-PM|BAC-PN|BAC-PO|BAC-PP|BAC-PQ|BAC-PS|BACRP|BML-PH|BML-PJ|MER-PK,NYSE|NYSE|NYSE|NYSE|NYSE|NYSE|NYSE|NYSE|NYSE|NYSE|NYSE|NYSE|NYSE|OTC|NYSE|NYSE|NYSE,6021,National Commercial Banks,DE,1231,https://data.sec.gov/submissions/CIK0000070858.json,success,3,2026-07-29T10:25:37.637736+00:00,,not_replaced,,,,P2025-029,,20250729,,,1,included
P2025-030,cik:0000038777,0000038777,BEN,Franklin Resources,FRANKLIN RESOURCES INC,BEN,NYSE,6282,Investment Advice,DE,1231,https://data.sec.gov/submissions/CIK0000038777.json,success,0,2026-07-29T10:25:40.883393+00:00,,not_replaced,,,,P2025-030,,20250729,,,1,included
P2025-031,cik:0001393818,0001393818,BX,Blackstone Inc.,Blackstone Inc.,BX,NYSE,6282,Investment Advice,DE,1231,https://data.sec.gov/submissions/CIK0001393818.json,success,0,2026-07-29T10:25:40.908771+00:00,,not_replaced,,,,P2025-031,,20250729,,,1,included
P2025-032,cik:0001281761,0001281761,RF,Regions Financial Corporation,REGIONS FINANCIAL CORP,RF|RF-PC|RF-PE|RF-PF,NYSE|NYSE|NYSE|NYSE,6021,National Commercial Banks,DE,1231,https://data.sec.gov/submissions/CIK0001281761.json,success,0,2026-07-29T10:25:40.930245+00:00,,not_replaced,,,,P2025-032,,20250729,,,1,included
P2025-033,cik:0000895421,0000895421,MS,Morgan Stanley,MORGAN STANLEY,MS|MS-PK|MS-PE|MS-PA|MS-PF|MS-PI|MS-PL|MS-PO|MS-PP|MS-PQ,NYSE|NYSE|NYSE|NYSE|NYSE|NYSE|NYSE|NYSE|NYSE|NYSE,6211,"Security Brokers, Dealers & Flotation Companies",DE,1231,https://data.sec.gov/submissions/CIK0000895421.json,success,5,2026-07-29T10:25:40.964018+00:00,,not_replaced,,,,P2025-033,,20250729,,,1,included
P2025-034,cik:0000004977,0000004977,AFL,Aflac,AFLAC INC,AFL,NYSE,6321,Accident & Health Insurance,GA,1231,https://data.sec.gov/submissions/CIK0000004977.json,success,0,2026-07-29T10:25:48.852082+00:00,,not_replaced,,,,P2025-034,,20250729,,,1,included
P2025-035,cik:0001136893,0001136893,FIS,Fidelity National Information Services,"Fidelity National Information Services, Inc.",FIS,NYSE,7389,"Services-Business Services, NEC",,1231,https://data.sec.gov/submissions/CIK0001136893.json,success,0,2026-07-29T10:25:48.979602+00:00,,not_replaced,,,,P2025-035,,20250729,,,1,included
P2025-036,cik:0000036270,0000036270,MTB,M&T Bank,M&T BANK CORP,MTB|MTB-PH|MTB-PJ|MTB-PK,NYSE|NYSE|NYSE|NYSE,6022,State Commercial Banks,NY,1231,https://data.sec.gov/submissions/CIK0000036270.json,success,0,2026-07-29T10:25:49.030804+00:00,,not_replaced,,,,P2025-036,,20250729,,,1,included
P2025-037,cik:0001512673,0001512673,XYZ,"Block, Inc.","Block, Inc.",XYZ|BSQKZ,NYSE|OTC,7372,Services-Prepackaged Software,DE,1231,https://data.sec.gov/submissions/CIK0001512673.json,success,0,2026-07-29T10:25:49.057835+00:00,,not_replaced,,,,P2025-037,,20250729,,,1,included
P2025-038,cik:0002012383,0002012383,BLK,BlackRock,"BlackRock, Inc.",BLK,NYSE,6211,"Security Brokers, Dealers & Flotation Companies",DE,1231,https://data.sec.gov/submissions/CIK0002012383.json,success,2,2026-07-29T10:25:49.082100+00:00,,not_replaced,,,,P2025-038,,20250729,,,1,included
P2025-039,cik:0000072971,0000072971,WFC,Wells Fargo,WELLS FARGO & COMPANY/MN,WFC|WFC-PY|WFC-PL|WFC-PC|WFCNP|WFC-PA|WFC-PD|WFC-PZ,NYSE|NYSE|NYSE|NYSE|OTC|NYSE|NYSE|NYSE,6021,National Commercial Banks,DE,1231,https://data.sec.gov/submissions/CIK0000072971.json,success,1,2026-07-29T10:25:49.307689+00:00,,not_replaced,,,,P2025-039,,20250729,,,1,included
P2025-040,cik:0000315293,0000315293,AON,Aon plc,Aon plc,AON,NYSE,6411,"Insurance Agents, Brokers & Service",L2,1231,https://data.sec.gov/submissions/CIK0000315293.json,success,0,2026-07-29T10:25:49.421630+00:00,,not_replaced,,,,P2025-040,,20250729,,,1,included
P2025-041,cik:0001035267,0001035267,ISRG,Intuitive Surgical,INTUITIVE SURGICAL INC,ISRG,Nasdaq,3842,"Orthopedic, Prosthetic & Surgical Appliances & Supplies",DE,1231,https://data.sec.gov/submissions/CIK0001035267.json,success,0,2026-07-29T10:25:49.465454+00:00,,not_replaced,,,,P2025-041,,20250729,,,1,included
P2025-042,cik:0000313616,0000313616,DHR,Danaher Corporation,DANAHER CORP /DE/,DHR,NYSE,3823,"Industrial Instruments For Measurement, Display, and Control",DE,1231,https://data.sec.gov/submissions/CIK0000313616.json,success,0,2026-07-29T10:25:49.500768+00:00,,not_replaced,,,,P2025-042,,20250729,,,1,included
P2025-043,cik:0000860730,0000860730,HCA,HCA Healthcare,"HCA Healthcare, Inc.",HCA,NYSE,8062,"Services-General Medical & Surgical Hospitals, NEC",,1231,https://data.sec.gov/submissions/CIK0000860730.json,success,0,2026-07-29T10:25:49.523169+00:00,,not_replaced,,,,P2025-043,,20250729,,,1,included
P2025-044,cik:0000872589,0000872589,REGN,Regeneron Pharmaceuticals,"REGENERON PHARMACEUTICALS, INC.",REGN,Nasdaq,2834,Pharmaceutical Preparations,NY,1231,https://data.sec.gov/submissions/CIK0000872589.json,success,0,2026-07-29T10:25:49.552517+00:00,,not_replaced,,,,P2025-044,,20250729,,,1,included
P2025-045,cik:0001071739,0001071739,CNC,Centene Corporation,CENTENE CORP,CNC,NYSE,6324,Hospital & Medical Service Plans,DE,1231,https://data.sec.gov/submissions/CIK0001071739.json,success,0,2026-07-29T10:25:49.577266+00:00,,not_replaced,,,,P2025-045,,20250729,,,1,included
P2025-046,cik:0001000228,0001000228,HSIC,Henry Schein,HENRY SCHEIN INC,HSIC,Nasdaq,5047,"Wholesale-Medical, Dental & Hospital Equipment & Supplies",DE,1226,https://data.sec.gov/submissions/CIK0001000228.json,success,0,2026-07-29T10:25:49.600826+00:00,,not_replaced,,,,P2025-046,,20250729,,,1,included
P2025-047,cik:0001000697,0001000697,WAT,Waters Corporation,WATERS CORP /DE/,WAT,NYSE,3826,Laboratory Analytical Instruments,DE,1231,https://data.sec.gov/submissions/CIK0001000697.json,success,0,2026-07-29T10:25:49.633130+00:00,,not_replaced,,,,P2025-047,,20250729,,,1,included
P2025-048,cik:0000731766,0000731766,UNH,UnitedHealth Group,UNITEDHEALTH GROUP INC,UNH,NYSE,6324,Hospital & Medical Service Plans,DE,1231,https://data.sec.gov/submissions/CIK0000731766.json,success,0,2026-07-29T10:25:49.659417+00:00,,not_replaced,,,,P2025-048,,20250729,,,1,included
P2025-049,cik:0001555280,0001555280,ZTS,Zoetis,Zoetis Inc.,ZTS,NYSE,2834,Pharmaceutical Preparations,,1231,https://data.sec.gov/submissions/CIK0001555280.json,success,0,2026-07-29T10:25:49.682881+00:00,,not_replaced,,,,P2025-049,,20250729,,,1,included
P2025-050,cik:0000010456,0000010456,BAX,Baxter International,BAXTER INTERNATIONAL INC,BAX,NYSE,3841,Surgical & Medical Instruments & Apparatus,DE,1231,https://data.sec.gov/submissions/CIK0000010456.json,success,0,2026-07-29T10:25:49.704491+00:00,,not_replaced,,,,P2025-050,,20250729,,,1,included
P2025-051,cik:0000842023,0000842023,TECH,Bio-Techne,BIO-TECHNE Corp,TECH,Nasdaq,2836,"Biological Products, (No Diagnostic Substances)",MN,0630,https://data.sec.gov/submissions/CIK0000842023.json,success,0,2026-07-29T10:25:49.726861+00:00,,not_replaced,,,,P2025-051,,20250729,,,1,included
P2025-052,cik:0001093557,0001093557,DXCM,Dexcom,DEXCOM INC,DXCM,Nasdaq,3841,Surgical & Medical Instruments & Apparatus,DE,1231,https://data.sec.gov/submissions/CIK0001093557.json,success,0,2026-07-29T10:25:49.753227+00:00,,not_replaced,,,,P2025-052,,20250729,,,1,included
P2025-053,cik:0000936468,0000936468,LMT,Lockheed Martin,LOCKHEED MARTIN CORP,LMT,NYSE,3760,Guided Missiles & Space Vehicles & Parts,MD,1231,https://data.sec.gov/submissions/CIK0000936468.json,success,0,2026-07-29T10:25:49.774433+00:00,,not_replaced,,,,P2025-053,,20250729,,,1,included
P2025-054,cik:0000702165,0000702165,NSC,Norfolk Southern,NORFOLK SOUTHERN CORP,NSC,NYSE,4011,"Railroads, Line-Haul Operating",VA,1231,https://data.sec.gov/submissions/CIK0000702165.json,success,0,2026-07-29T10:25:49.798457+00:00,,not_replaced,,,,P2025-054,,20250729,,,1,included
P2025-055,cik:0000052988,0000052988,J,Jacobs Solutions,JACOBS SOLUTIONS INC.,J,NYSE,1600,Heavy Construction Other Than Bldg Const - Contractors,DE,1002,https://data.sec.gov/submissions/CIK0000052988.json,success,0,2026-07-29T10:25:49.820837+00:00,,not_replaced,,,,P2025-055,,20250729,,,1,included
P2025-056,cik:0000105634,0000105634,EME,Emcor,"EMCOR Group, Inc.",EME,NYSE,1731,Electrical Work,DE,1231,https://data.sec.gov/submissions/CIK0000105634.json,success,0,2026-07-29T10:25:49.848896+00:00,,not_replaced,,,,P2025-056,,20250729,,,1,included
P2025-057,cik:0000076334,0000076334,PH,Parker Hannifin,Parker-Hannifin Corp,PH,NYSE,3490,Miscellaneous Fabricated Metal Products,OH,0630,https://data.sec.gov/submissions/CIK0000076334.json,success,0,2026-07-29T10:25:49.876013+00:00,,not_replaced,,,,P2025-057,,20250729,,,1,included
P2025-058,cik:0000900075,0000900075,CPRT,Copart,COPART INC,CPRT,Nasdaq,5500,Retail-Auto Dealers & Gasoline Stations,DE,0731,https://data.sec.gov/submissions/CIK0000900075.json,success,0,2026-07-29T10:25:49.898892+00:00,,not_replaced,,,,P2025-058,,20250729,,,1,included
P2025-059,cik:0000217346,0000217346,TXT,Textron,TEXTRON INC,TXT,NYSE,3720,Aircraft & Parts,DE,0102,https://data.sec.gov/submissions/CIK0000217346.json,success,0,2026-07-29T10:25:49.921777+00:00,excluded_after_filing_validation,replaced,,P2025-R001,no_eligible_2025_report_date_10k,P2025-059,,,,,0,excluded
P2025-060,cik:0001090727,0001090727,UPS,United Parcel Service,UNITED PARCEL SERVICE INC,UPS,NYSE,4210,Trucking & Courier Services (No Air),DE,1231,https://data.sec.gov/submissions/CIK0001090727.json,success,0,2026-07-29T10:25:49.946852+00:00,,not_replaced,,,,P2025-060,,20250729,,,1,included
P2025-061,cik:0001048911,0001048911,FDX,FedEx,FEDEX CORP,FDX,NYSE,4513,Air Courier Services,DE,0531,https://data.sec.gov/submissions/CIK0001048911.json,success,0,2026-07-29T10:25:49.971177+00:00,,not_replaced,,,,P2025-061,,20250729,,,1,included
P2025-062,cik:0001067701,0001067701,URI,United Rentals,"UNITED RENTALS, INC.",URI,NYSE,7359,"Services-Equipment Rental & Leasing, NEC",DE,1231,https://data.sec.gov/submissions/CIK0001067701.json,success,0,2026-07-29T10:25:50.033835+00:00,,not_replaced,,,,P2025-062,,20250729,,,1,included
P2025-063,cik:0001316835,0001316835,BLDR,Builders FirstSource,"Builders FirstSource, Inc.",BLDR,NYSE,5211,Retail-Lumber & Other Building Materials Dealers,DE,1231,https://data.sec.gov/submissions/CIK0001316835.json,success,0,2026-07-29T10:25:50.070387+00:00,,not_replaced,,,,P2025-063,,20250729,,,1,included
P2025-064,cik:0000040545,0000040545,GE,GE Aerospace,GENERAL ELECTRIC CO,GE,NYSE,3600,Electronic & Other Electrical Equipment (No Computer Equip),NY,1231,https://data.sec.gov/submissions/CIK0000040545.json,identity_review,0,2026-07-29T10:25:50.093293+00:00,,not_replaced,,,,P2025-064,,20250729,,,1,included
P2025-065,cik:0001035983,0001035983,FIX,Comfort Systems USA,COMFORT SYSTEMS USA INC,FIX,NYSE,1731,Electrical Work,,1231,https://data.sec.gov/submissions/CIK0001035983.json,success,0,2026-07-29T10:25:50.121641+00:00,,not_replaced,,,,P2025-065,,20250729,,,1,included
P2025-066,cik:0000062996,0000062996,MAS,Masco,MASCO CORP /DE/,MAS,NYSE,3430,"Heating Equip, Except Elec & Warm Air; & Plumbing Fixtures",DE,1231,https://data.sec.gov/submissions/CIK0000062996.json,success,0,2026-07-29T10:25:50.145760+00:00,,not_replaced,,,,P2025-066,,20250729,,,1,included
P2025-067,cik:0001474735,0001474735,GNRC,Generac,GENERAC HOLDINGS INC.,GNRC,NYSE,3621,Motors & Generators,DE,1231,https://data.sec.gov/submissions/CIK0001474735.json,success,0,2026-07-29T10:25:50.169711+00:00,,not_replaced,,,,P2025-067,,20250729,,,1,included
P2025-068,cik:0000092380,0000092380,LUV,Southwest Airlines,SOUTHWEST AIRLINES CO,LUV,NYSE,4512,"Air Transportation, Scheduled",TX,1231,https://data.sec.gov/submissions/CIK0000092380.json,success,0,2026-07-29T10:25:50.194675+00:00,,not_replaced,,,,P2025-068,,20250729,,,1,included
P2025-069,cik:0001535527,0001535527,CRWD,CrowdStrike,"CrowdStrike Holdings, Inc.",CRWD,Nasdaq,7372,Services-Prepackaged Software,DE,0131,https://data.sec.gov/submissions/CIK0001535527.json,success,0,2026-07-29T10:25:50.226632+00:00,,not_replaced,,,,P2025-069,,20250729,,,1,included
P2025-070,cik:0000864749,0000864749,TRMB,Trimble Inc.,TRIMBLE INC.,TRMB,Nasdaq,3829,"Measuring & Controlling Devices, NEC",DE,0102,https://data.sec.gov/submissions/CIK0000864749.json,success,0,2026-07-29T10:25:50.252197+00:00,,not_replaced,,,,P2025-070,,20250729,,,1,included
P2025-071,cik:0000050863,0000050863,INTC,Intel,INTEL CORP,INTC,Nasdaq,3674,Semiconductors & Related Devices,DE,1227,https://data.sec.gov/submissions/CIK0000050863.json,success,0,2026-07-29T10:25:50.274543+00:00,,not_replaced,,,,P2025-071,,20250729,,,1,included
P2025-072,cik:0001561550,0001561550,DDOG,Datadog,"Datadog, Inc.",DDOG,Nasdaq,7372,Services-Prepackaged Software,NV,1231,https://data.sec.gov/submissions/CIK0001561550.json,success,0,2026-07-29T10:25:50.296837+00:00,,not_replaced,,,,P2025-072,,20250729,,,1,included
P2025-073,cik:0000820313,0000820313,APH,Amphenol,AMPHENOL CORP /DE/,APH,NYSE,3678,Electronic Connectors,DE,1231,https://data.sec.gov/submissions/CIK0000820313.json,success,0,2026-07-29T10:25:50.319052+00:00,,not_replaced,,,,P2025-073,,20250729,,,1,included
P2025-074,cik:0001645590,0001645590,HPE,Hewlett Packard Enterprise,Hewlett Packard Enterprise Co,HPE|HPE-PC,NYSE|NYSE,3570,Computer & office Equipment,DE,1031,https://data.sec.gov/submissions/CIK0001645590.json,success,0,2026-07-29T10:25:50.346499+00:00,,not_replaced,,,,P2025-074,,20250729,,,1,included
P2025-075,cik:0000319201,0000319201,KLAC,KLA Corporation,KLA CORP,KLAC,Nasdaq,3827,Optical Instruments & Lenses,DE,0630,https://data.sec.gov/submissions/CIK0000319201.json,success,0,2026-07-29T10:25:50.371471+00:00,,not_replaced,,,,P2025-075,,20250729,,,1,included
P2025-076,cik:0000068505,0000068505,MSI,Motorola Solutions,"Motorola Solutions, Inc.",MSI,NYSE,3663,Radio & Tv Broadcasting & Communications Equipment,DE,1231,https://data.sec.gov/submissions/CIK0000068505.json,success,0,2026-07-29T10:25:50.396472+00:00,,not_replaced,,,,P2025-076,,20250729,,,1,included
P2025-077,cik:0001045810,0001045810,NVDA,Nvidia,NVIDIA CORP,NVDA,Nasdaq,3674,Semiconductors & Related Devices,DE,0131,https://data.sec.gov/submissions/CIK0001045810.json,success,0,2026-07-29T10:25:50.420956+00:00,,not_replaced,,,,P2025-077,,20250729,,,1,included
P2025-078,cik:0001601046,0001601046,KEYS,Keysight Technologies,"Keysight Technologies, Inc.",KEYS,NYSE,3823,"Industrial Instruments For Measurement, Display, and Control",DE,1031,https://data.sec.gov/submissions/CIK0001601046.json,success,0,2026-07-29T10:25:50.448062+00:00,,not_replaced,,,,P2025-078,,20250729,,,1,included
P2025-079,cik:0001327811,0001327811,WDAY,"Workday, Inc.","Workday, Inc.",WDAY,Nasdaq,7374,Services-Computer Processing & Data Preparation,DE,0131,https://data.sec.gov/submissions/CIK0001327811.json,success,0,2026-07-29T10:25:50.467906+00:00,,not_replaced,,,,P2025-079,,20250729,,,1,included
P2025-080,cik:0001137789,0001137789,STX,Seagate Technology,Seagate Technology Holdings plc,STX,Nasdaq,3572,Computer Storage Devices,,0627,https://data.sec.gov/submissions/CIK0001137789.json,success,0,2026-07-29T10:25:50.494006+00:00,,not_replaced,,,,P2025-080,,20250729,,,1,included
P2025-081,cik:0001262039,0001262039,FTNT,Fortinet,"Fortinet, Inc.",FTNT,Nasdaq,3577,"Computer Peripheral Equipment, NEC",DE,1231,https://data.sec.gov/submissions/CIK0001262039.json,success,0,2026-07-29T10:25:50.518710+00:00,,not_replaced,,,,P2025-081,,20250729,,,1,included
P2025-082,cik:0001467373,0001467373,ACN,Accenture,Accenture plc,ACN,NYSE,7389,"Services-Business Services, NEC",L2,0831,https://data.sec.gov/submissions/CIK0001467373.json,success,0,2026-07-29T10:25:50.541243+00:00,,not_replaced,,,,P2025-082,,20250729,,,1,included
P2025-083,cik:0000916076,0000916076,MLM,Martin Marietta Materials,MARTIN MARIETTA MATERIALS INC,MLM,NYSE,1400,Mining & Quarrying of  Nonmetallic Minerals (No Fuels),NC,1231,https://data.sec.gov/submissions/CIK0000916076.json,success,0,2026-07-29T10:25:50.570388+00:00,,not_replaced,,,,P2025-083,,20250729,,,1,included
P2025-084,cik:0000079879,0000079879,PPG,PPG Industries,PPG INDUSTRIES INC,PPG,NYSE,2851,"Paints, Varnishes, Lacquers, Enamels & Allied Prods",PA,1231,https://data.sec.gov/submissions/CIK0000079879.json,success,0,2026-07-29T10:25:50.592344+00:00,,not_replaced,,,,P2025-084,,20250729,,,1,included
P2025-085,cik:0001396009,0001396009,VMC,Vulcan Materials Company,Vulcan Materials CO,VMC,NYSE,1400,Mining & Quarrying of  Nonmetallic Minerals (No Fuels),NJ,1231,https://data.sec.gov/submissions/CIK0001396009.json,success,0,2026-07-29T10:25:50.661410+00:00,,not_replaced,,,,P2025-085,,20250729,,,1,included
P2025-086,cik:0000009389,0000009389,BALL,Ball Corporation,BALL Corp,BALL,NYSE,3411,Metal Cans,IN,1231,https://data.sec.gov/submissions/CIK0000009389.json,success,0,2026-07-29T10:25:50.710074+00:00,,not_replaced,,,,P2025-086,,20250729,,,1,included
P2025-087,cik:0000849395,0000849395,CRH,CRH plc,CRH PUBLIC LTD CO,CRH,NYSE,3241,"Cement, Hydraulic",L2,1231,https://data.sec.gov/submissions/CIK0000849395.json,success,0,2026-07-29T10:25:50.736930+00:00,,not_replaced,,,,P2025-087,,20250729,,,1,included
P2025-088,cik:0000034903,0000034903,FRT,Federal Realty Investment Trust,FEDERAL REALTY INVESTMENT TRUST,FRT|FRT-PC,NYSE|NYSE,6798,Real Estate Investment Trusts,MD,1231,https://data.sec.gov/submissions/CIK0000034903.json,success,0,2026-07-29T10:25:50.759048+00:00,,not_replaced,,,,P2025-088,,20250729,,,1,included
P2025-089,cik:0001289490,0001289490,EXR,Extra Space Storage,Extra Space Storage Inc.,EXR,NYSE,6798,Real Estate Investment Trusts,MD,1231,https://data.sec.gov/submissions/CIK0001289490.json,success,0,2026-07-29T10:25:50.783789+00:00,,not_replaced,,,,P2025-089,,20250729,,,1,included
P2025-090,cik:0001297996,0001297996,DLR,Digital Realty,"DIGITAL REALTY TRUST, INC.",DLR|DLR-PK|DLR-PJ|DLR-PL,NYSE|NYSE|NYSE|NYSE,6798,Real Estate Investment Trusts,MD,1231,https://data.sec.gov/submissions/CIK0001297996.json,success,0,2026-07-29T10:25:50.807450+00:00,,not_replaced,,,,P2025-090,,20250729,,,1,included
P2025-091,cik:0000920522,0000920522,ESS,Essex Property Trust,"ESSEX PROPERTY TRUST, INC.",ESS,NYSE,6798,Real Estate Investment Trusts,MD,1231,https://data.sec.gov/submissions/CIK0000920522.json,success,0,2026-07-29T10:25:50.828995+00:00,,not_replaced,,,,P2025-091,,20250729,,,1,included
P2025-092,cik:0001705696,0001705696,VICI,Vici Properties,VICI PROPERTIES INC.,VICI,NYSE,6798,Real Estate Investment Trusts,MD,1231,https://data.sec.gov/submissions/CIK0001705696.json,success,0,2026-07-29T10:25:50.858804+00:00,,not_replaced,,,,P2025-092,,20250729,,,1,included
P2025-093,cik:0000074208,0000074208,UDR,"UDR, Inc.","UDR, Inc.",UDR,NYSE,6798,Real Estate Investment Trusts,MD,1231,https://data.sec.gov/submissions/CIK0000074208.json,success,0,2026-07-29T10:25:50.878146+00:00,,not_replaced,,,,P2025-093,,20250729,,,1,included
P2025-094,cik:0001687229,0001687229,INVH,Invitation Homes,Invitation Homes Inc.,INVH,NYSE,6510,Real Estate Operators (No Developers) & Lessors,,1231,https://data.sec.gov/submissions/CIK0001687229.json,success,0,2026-07-29T10:25:50.904780+00:00,,not_replaced,,,,P2025-094,,20250729,,,1,included
P2025-095,cik:0001004980,0001004980,PCG,PG&E Corporation,PG&E Corp,PCG|PCG-PE|PCG-PD|PCG-PC|PCG-PH|PCG-PG|PCG-PI|PCG-PA|PCG-PB|PCG-PX,NYSE|NYSE|NYSE|NYSE|NYSE|NYSE|NYSE|NYSE|NYSE|NYSE,4931,Electric & Other Services Combined,CA,1231,https://data.sec.gov/submissions/CIK0001004980.json,success,0,2026-07-29T10:25:50.918979+00:00,,not_replaced,,,,P2025-095,,20250729,,,1,included
P2025-096,cik:0000715957,0000715957,D,Dominion Energy,"DOMINION ENERGY, INC",D,NYSE,4911,Electric Services,VA,1231,https://data.sec.gov/submissions/CIK0000715957.json,success,0,2026-07-29T10:25:50.941946+00:00,,not_replaced,,,,P2025-096,,20250729,,,1,included
P2025-097,cik:0000764622,0000764622,PNW,Pinnacle West Capital,PINNACLE WEST CAPITAL CORP,PNW,NYSE,4911,Electric Services,AZ,1231,https://data.sec.gov/submissions/CIK0000764622.json,success,0,2026-07-29T10:25:50.969479+00:00,,not_replaced,,,,P2025-097,,20250729,,,1,included
P2025-098,cik:0000065984,0000065984,ETR,Entergy,ENTERGY CORP /DE/,ETR,NYSE,4911,Electric Services,DE,1231,https://data.sec.gov/submissions/CIK0000065984.json,success,0,2026-07-29T10:25:50.991252+00:00,,not_replaced,,,,P2025-098,,20250729,,,1,included
P2025-099,cik:0001013871,0001013871,NRG,NRG Energy,"NRG ENERGY, INC.",NRG,NYSE,4911,Electric Services,DE,1231,https://data.sec.gov/submissions/CIK0001013871.json,success,0,2026-07-29T10:25:51.014279+00:00,,not_replaced,,,,P2025-099,,20250729,,,1,included
P2025-100,cik:0000788784,0000788784,PEG,Public Service Enterprise Group,PUBLIC SERVICE ENTERPRISE GROUP INC,PEG,NYSE,4931,Electric & Other Services Combined,NJ,1231,https://data.sec.gov/submissions/CIK0000788784.json,success,0,2026-07-29T10:25:51.038972+00:00,,not_replaced,,,,P2025-100,,20250729,,,1,included
P2025-R001,cik:0000049826,0000049826,ITW,Illinois Tool Works,ILLINOIS TOOL WORKS INC,ITW,NYSE,3560,General Industrial Machinery & Equipment,DE,1231,https://data.sec.gov/submissions/CIK0000049826.json,success,0,,selected_replacement,replacement,P2025-059,,no_eligible_2025_report_date_10k,P2025-059,P2025-R001,20250729,1,17,1,included
