company_id,cik,ticker,company_name,accession_number,report_year,filing_date,parser_version,language_measurement_version,ai_uncertainty_count,ai_uncertainty_ratio,ai_litigious_count,ai_litigious_ratio,ai_weak_modal_count,ai_weak_modal_ratio,ai_strong_modal_count,ai_strong_modal_ratio,ai_constraining_count,ai_constraining_ratio,ai_total_eligible_word_count,uncertainty_status,ai_positive_count,ai_negative_count,ai_positive_ratio,ai_negative_ratio,ai_net_tone,ai_sentiment_word_coverage,ai_net_tone_by_words,ai_total_lm_matched_word_count,sentiment_status,lm_ai_status
S2020-001,0000066740,MMM,3M,0001558370-21-000737,2020,2021-02-04,1.0.3,0.3.0,0,0.0,0,0.0,0,0.0,0,0.0,0,0.0,74,success,7,1,0.0945945945945946,0.013513513513513514,0.75,0.10810810810810811,0.08108108108108109,8,success,success
S2020-002,0000091142,AOS,A. O. Smith,0000091142-21-000025,2020,2021-02-12,1.0.3,0.3.0,,,,,,,,,,,0,warning_denominator_zero,,,,,,,,,warning_denominator_zero,warning_denominator_zero
S2020-003,0000874761,AES,AES Corporation,0000874761-21-000015,2020,2021-02-25,1.0.3,0.3.0,,,,,,,,,,,0,warning_denominator_zero,,,,,,,,,warning_denominator_zero,warning_denominator_zero
S2020-004,0000732717,T,AT&T,0000732717-21-000012,2020,2021-02-25,1.0.3,0.3.0,,,,,,,,,,,0,warning_denominator_zero,,,,,,,,,warning_denominator_zero,warning_denominator_zero
S2020-005,0001551152,ABBV,AbbVie,0001551152-21-000008,2020,2021-02-19,1.0.3,0.3.0,,,,,,,,,,,0,warning_denominator_zero,,,,,,,,,warning_denominator_zero,warning_denominator_zero
S2020-006,0000001800,ABT,Abbott Laboratories,0001104659-21-025751,2020,2021-02-19,1.0.3,0.3.0,,,,,,,,,,,0,warning_denominator_zero,,,,,,,,,warning_denominator_zero,warning_denominator_zero
S2020-007,0001467373,ACN,Accenture,0001467373-20-000376,2020,2020-10-22,1.0.3,0.3.0,1,0.0035714285714285713,0,0.0,0,0.0,0,0.0,0,0.0,280,success,10,1,0.03571428571428571,0.0035714285714285713,0.8181818181818182,0.039285714285714285,0.03214285714285714,12,success,success
S2020-008,0000796343,ADBE,Adobe Inc.,0000796343-21-000004,2020,2021-01-15,1.0.3,0.3.0,18,0.014516129032258065,5,0.004032258064516129,9,0.007258064516129033,6,0.004838709677419355,0,0.0,1240,success,40,14,0.03225806451612903,0.01129032258064516,0.48148148148148145,0.043548387096774194,0.020967741935483872,79,success,success
S2020-009,0000002488,AMD,Advanced Micro Devices,0001628280-21-001185,2020,2021-01-29,1.0.3,0.3.0,0,0.0,0,0.0,0,0.0,0,0.0,2,0.005970149253731343,335,success,1,0,0.0029850746268656717,0.0,1.0,0.0029850746268656717,0.0029850746268656717,3,success,success
S2020-010,0000004977,AFL,Aflac,0000004977-21-000047,2020,2021-02-23,1.0.3,0.3.0,,,,,,,,,,,0,warning_denominator_zero,,,,,,,,,warning_denominator_zero,warning_denominator_zero
S2020-011,0001090872,A,Agilent Technologies,0001090872-20-000020,2020,2020-12-18,1.0.3,0.3.0,0,0.0,0,0.0,0,0.0,1,0.013888888888888888,0,0.0,72,success,1,0,0.013888888888888888,0.0,1.0,0.013888888888888888,0.013888888888888888,2,success,success
S2020-012,0000002969,APD,Air Products,0000002969-20-000049,2020,2020-11-19,1.0.3,0.3.0,,,,,,,,,,,0,warning_denominator_zero,,,,,,,,,warning_denominator_zero,warning_denominator_zero
S2020-013,0001086222,AKAM,Akamai Technologies,0001086222-21-000075,2020,2021-02-26,1.0.3,0.3.0,,,,,,,,,,,0,warning_denominator_zero,,,,,,,,,warning_denominator_zero,warning_denominator_zero
S2020-014,0000766421,ALK,Alaska Air Group,0000766421-21-000018,2020,2021-02-26,1.0.3,0.3.0,,,,,,,,,,,0,warning_denominator_zero,,,,,,,,,warning_denominator_zero,warning_denominator_zero
S2020-015,0000915913,ALB,Albemarle Corporation,0000915913-21-000018,2020,2021-02-19,1.0.3,0.3.0,,,,,,,,,,,0,warning_denominator_zero,,,,,,,,,warning_denominator_zero,warning_denominator_zero
S2020-016,0001035443,ARE,Alexandria Real Estate Equities,0001035443-21-000044,2020,2021-02-01,1.0.3,0.3.0,,,,,,,,,,,0,warning_denominator_zero,,,,,,,,,warning_denominator_zero,warning_denominator_zero
S2020-017,0001097149,ALGN,Align Technology,0001097149-21-000007,2020,2021-02-26,1.0.3,0.3.0,,,,,,,,,,,0,warning_denominator_zero,,,,,,,,,warning_denominator_zero,warning_denominator_zero
S2020-018,0001579241,ALLE,Allegion,0001579241-21-000020,2020,2021-02-16,1.0.3,0.3.0,,,,,,,,,,,0,warning_denominator_zero,,,,,,,,,warning_denominator_zero,warning_denominator_zero
S2020-019,0000352541,LNT,Alliant Energy,0000352541-21-000022,2020,2021-02-19,1.0.3,0.3.0,,,,,,,,,,,0,warning_denominator_zero,,,,,,,,,warning_denominator_zero,warning_denominator_zero
S2020-020,0000899051,ALL,Allstate,0000899051-21-000011,2020,2021-02-22,1.0.3,0.3.0,,,,,,,,,,,0,warning_denominator_zero,,,,,,,,,warning_denominator_zero,warning_denominator_zero
S2020-021,0001652044,GOOGL|GOOG,Alphabet Inc. (Class A)|Alphabet Inc. (Class C),0001652044-21-000010,2020,2021-02-03,1.0.3,0.3.0,3,0.007853403141361256,2,0.005235602094240838,3,0.007853403141361256,3,0.007853403141361256,1,0.002617801047120419,382,success,14,6,0.03664921465968586,0.015706806282722512,0.4,0.05235602094240838,0.020942408376963352,28,success,success
S2020-022,0000764180,MO,Altria,0000764180-21-000037,2020,2021-02-26,1.0.3,0.3.0,,,,,,,,,,,0,warning_denominator_zero,,,,,,,,,warning_denominator_zero,warning_denominator_zero
S2020-023,0001018724,AMZN,Amazon,0001018724-21-000004,2020,2021-02-03,1.0.3,0.3.0,1,0.005076142131979695,4,0.02030456852791878,0,0.0,2,0.01015228426395939,0,0.0,197,success,6,0,0.030456852791878174,0.0,1.0,0.030456852791878174,0.030456852791878174,12,success,success
S2020-024,0001748790,AMCR,Amcor,0001748790-20-000025,2020,2020-08-27,1.0.3,0.3.0,,,,,,,,,,,0,warning_denominator_zero,,,,,,,,,warning_denominator_zero,warning_denominator_zero
S2020-025,0001002910,AEE,Ameren,0001002910-21-000065,2020,2021-02-22,1.0.3,0.3.0,,,,,,,,,,,0,warning_denominator_zero,,,,,,,,,warning_denominator_zero,warning_denominator_zero
S2020-026,0000006201,AAL,American Airlines Group,0000006201-21-000014,2020,2021-02-17,1.0.3,0.3.0,,,,,,,,,,,0,warning_denominator_zero,,,,,,,,,warning_denominator_zero,warning_denominator_zero
S2020-027,0000004904,AEP,American Electric Power,0000004904-21-000010,2020,2021-02-25,1.0.3,0.3.0,,,,,,,,,,,0,warning_denominator_zero,,,,,,,,,warning_denominator_zero,warning_denominator_zero
S2020-028,0000004962,AXP,American Express,0000004962-21-000013,2020,2021-02-12,1.0.3,0.3.0,7,0.017456359102244388,5,0.012468827930174564,4,0.00997506234413965,2,0.004987531172069825,3,0.007481296758104738,401,success,6,8,0.014962593516209476,0.0199501246882793,-0.14285714285714285,0.034912718204488775,-0.004987531172069825,27,success,success
S2020-029,0000005272,AIG,American International Group,0001104659-21-025742,2020,2021-02-19,1.0.3,0.3.0,,,,,,,,,,,0,warning_denominator_zero,,,,,,,,,warning_denominator_zero,warning_denominator_zero
S2020-030,0001053507,AMT,American Tower,0001053507-21-000026,2020,2021-02-25,1.0.3,0.3.0,,,,,,,,,,,0,warning_denominator_zero,,,,,,,,,warning_denominator_zero,warning_denominator_zero
S2020-031,0001410636,AWK,American Water Works,0001410636-21-000101,2020,2021-02-24,1.0.3,0.3.0,0,0.0,0,0.0,0,0.0,0,0.0,0,0.0,41,success,0,0,0.0,0.0,,0.0,0.0,0,success,success
S2020-032,0000820027,AMP,Ameriprise Financial,0000820027-21-000012,2020,2021-02-24,1.0.3,0.3.0,,,,,,,,,,,0,warning_denominator_zero,,,,,,,,,warning_denominator_zero,warning_denominator_zero
S2020-033,0001140859,ABC,AmerisourceBergen,0001140859-20-000050,2020,2020-11-19,1.0.3,0.3.0,,,,,,,,,,,0,warning_denominator_zero,,,,,,,,,warning_denominator_zero,warning_denominator_zero
S2020-034,0001037868,AME,Ametek,0001037868-21-000007,2020,2021-02-18,1.0.3,0.3.0,,,,,,,,,,,0,warning_denominator_zero,,,,,,,,,warning_denominator_zero,warning_denominator_zero
S2020-035,0000318154,AMGN,Amgen,0000318154-21-000010,2020,2021-02-09,1.0.3,0.3.0,,,,,,,,,,,0,warning_denominator_zero,,,,,,,,,warning_denominator_zero,warning_denominator_zero
S2020-036,0000820313,APH,Amphenol,0001558370-21-000881,2020,2021-02-10,1.0.3,0.3.0,,,,,,,,,,,0,warning_denominator_zero,,,,,,,,,warning_denominator_zero,warning_denominator_zero
S2020-037,0000006281,ADI,Analog Devices,0000006281-20-000156,2020,2020-11-24,1.0.3,0.3.0,,,,,,,,,,,0,warning_denominator_zero,,,,,,,,,warning_denominator_zero,warning_denominator_zero
S2020-038,0001156039,ANTM,Anthem,0001156039-21-000012,2020,2021-02-18,1.0.3,0.3.0,,,,,,,,,,,0,warning_denominator_zero,,,,,,,,,warning_denominator_zero,warning_denominator_zero
S2020-039,0000315293,AON,Aon plc,0001628280-21-002574,2020,2021-02-19,1.0.3,0.3.0,,,,,,,,,,,0,warning_denominator_zero,,,,,,,,,warning_denominator_zero,warning_denominator_zero
S2020-040,0000320193,AAPL,Apple Inc.,0000320193-20-000096,2020,2020-10-30,1.0.3,0.3.0,,,,,,,,,,,0,warning_denominator_zero,,,,,,,,,warning_denominator_zero,warning_denominator_zero
S2020-041,0000006951,AMAT,Applied Materials,0000006951-20-000048,2020,2020-12-11,1.0.3,0.3.0,0,0.0,0,0.0,0,0.0,0,0.0,0,0.0,70,success,0,0,0.0,0.0,,0.0,0.0,0,success,success
S2020-042,0001521332,APTV,Aptiv,0001521332-21-000009,2020,2021-02-08,1.0.3,0.3.0,0,0.0,0,0.0,0,0.0,0,0.0,0,0.0,54,success,0,0,0.0,0.0,,0.0,0.0,0,success,success
S2020-043,0000007084,ADM,Archer Daniels Midland,0000007084-21-000008,2020,2021-02-18,1.0.3,0.3.0,,,,,,,,,,,0,warning_denominator_zero,,,,,,,,,warning_denominator_zero,warning_denominator_zero
S2020-044,0001596532,ANET,Arista Networks,0001596532-21-000049,2020,2021-02-19,1.0.3,0.3.0,1,0.0033003300330033004,0,0.0,0,0.0,0,0.0,0,0.0,303,success,1,5,0.0033003300330033004,0.0165016501650165,-0.6666666666666666,0.019801980198019802,-0.013201320132013201,7,success,success
S2020-045,0000354190,AJG,Arthur J. Gallagher & Co.,0001564590-21-004555,2020,2021-02-08,1.0.3,0.3.0,1,0.01282051282051282,0,0.0,1,0.01282051282051282,0,0.0,0,0.0,78,success,3,1,0.038461538461538464,0.01282051282051282,0.5,0.05128205128205128,0.02564102564102564,5,success,success
S2020-046,0001267238,AIZ,Assurant,0001267238-21-000010,2020,2021-02-19,1.0.3,0.3.0,,,,,,,,,,,0,warning_denominator_zero,,,,,,,,,warning_denominator_zero,warning_denominator_zero
S2020-047,0000731802,ATO,Atmos Energy,0000731802-20-000040,2020,2020-11-13,1.0.3,0.3.0,,,,,,,,,,,0,warning_denominator_zero,,,,,,,,,warning_denominator_zero,warning_denominator_zero
S2020-048,0000866787,AZO,AutoZone,0001558370-20-011748,2020,2020-10-26,1.0.3,0.3.0,,,,,,,,,,,0,warning_denominator_zero,,,,,,,,,warning_denominator_zero,warning_denominator_zero
S2020-049,0000769397,ADSK,Autodesk,0000769397-20-000013,2020,2020-03-19,1.0.3,0.3.0,,,,,,,,,,,0,warning_denominator_zero,,,,,,,,,warning_denominator_zero,warning_denominator_zero
S2020-050,0000008670,ADP,Automatic Data Processing,0000008670-20-000032,2020,2020-08-05,1.0.3,0.3.0,0,0.0,1,0.006993006993006993,0,0.0,0,0.0,0,0.0,143,success,2,2,0.013986013986013986,0.013986013986013986,0.0,0.027972027972027972,0.0,5,success,success
S2020-051,0000915912,AVB,AvalonBay Communities,0000915912-21-000004,2020,2021-02-25,1.0.3,0.3.0,,,,,,,,,,,0,warning_denominator_zero,,,,,,,,,warning_denominator_zero,warning_denominator_zero
S2020-052,0001037540,BXP,"BXP, Inc.",0001656423-21-000006,2020,2021-02-26,1.0.3,0.3.0,,,,,,,,,,,0,warning_denominator_zero,,,,,,,,,warning_denominator_zero,warning_denominator_zero
S2020-053,0001701605,BKR,Baker Hughes,0001701605-21-000026,2020,2021-02-25,1.0.3,0.3.0,4,0.005610098176718092,1,0.001402524544179523,0,0.0,3,0.004207573632538569,8,0.011220196353436185,713,success,11,10,0.015427769985974754,0.014025245441795231,0.047619047619047616,0.029453015427769985,0.001402524544179523,34,success,success
S2020-054,0000009389,BLL,Ball Corporation,0001558370-21-001121,2020,2021-02-17,1.0.3,0.3.0,,,,,,,,,,,0,warning_denominator_zero,,,,,,,,,warning_denominator_zero,warning_denominator_zero
S2020-055,0000070858,BAC,Bank of America,0000070858-21-000023,2020,2021-02-24,1.0.3,0.3.0,5,0.05,0,0.0,0,0.0,0,0.0,0,0.0,100,success,0,5,0.0,0.05,-1.0,0.05,-0.05,10,success,success
S2020-056,0001390777,BK,Bank of New York Mellon,0001390777-21-000037,2020,2021-02-25,1.0.3,0.3.0,,,,,,,,,,,0,warning_denominator_zero,,,,,,,,,warning_denominator_zero,warning_denominator_zero
S2020-057,0000010456,BAX,Baxter International,0001628280-21-001867,2020,2021-02-11,1.0.3,0.3.0,,,,,,,,,,,0,warning_denominator_zero,,,,,,,,,warning_denominator_zero,warning_denominator_zero
S2020-058,0000010795,BDX,Becton Dickinson,0000010795-20-000055,2020,2020-11-25,1.0.3,0.3.0,,,,,,,,,,,0,warning_denominator_zero,,,,,,,,,warning_denominator_zero,warning_denominator_zero
S2020-059,0001067983,BRK-B,Berkshire Hathaway,0001564590-21-009611,2020,2021-03-01,1.0.3,0.3.0,,,,,,,,,,,0,warning_denominator_zero,,,,,,,,,warning_denominator_zero,warning_denominator_zero
S2020-060,0000764478,BBY,Best Buy,0000764478-20-000017,2020,2020-03-23,1.0.3,0.3.0,,,,,,,,,,,0,warning_denominator_zero,,,,,,,,,warning_denominator_zero,warning_denominator_zero
S2020-061,0000012208,BIO,Bio-Rad Laboratories,0000012208-21-000012,2020,2021-02-16,1.0.3,0.3.0,,,,,,,,,,,0,warning_denominator_zero,,,,,,,,,warning_denominator_zero,warning_denominator_zero
S2020-062,0000875045,BIIB,Biogen,0000875045-21-000010,2020,2021-02-03,1.0.3,0.3.0,,,,,,,,,,,0,warning_denominator_zero,,,,,,,,,warning_denominator_zero,warning_denominator_zero
S2020-063,0000012927,BA,Boeing,0000012927-21-000011,2020,2021-02-01,1.0.3,0.3.0,,,,,,,,,,,0,warning_denominator_zero,,,,,,,,,warning_denominator_zero,warning_denominator_zero
S2020-064,0001075531,BKNG,Booking Holdings,0001075531-21-000019,2020,2021-02-24,1.0.3,0.3.0,3,0.014285714285714285,0,0.0,2,0.009523809523809525,1,0.004761904761904762,1,0.004761904761904762,210,success,3,1,0.014285714285714285,0.004761904761904762,0.5,0.01904761904761905,0.009523809523809525,9,success,success
S2020-065,0000908255,BWA,BorgWarner,0000908255-21-000008,2020,2021-02-22,1.0.3,0.3.0,,,,,,,,,,,0,warning_denominator_zero,,,,,,,,,warning_denominator_zero,warning_denominator_zero
S2020-066,0000885725,BSX,Boston Scientific,0000885725-21-000008,2020,2021-02-23,1.0.3,0.3.0,,,,,,,,,,,0,warning_denominator_zero,,,,,,,,,warning_denominator_zero,warning_denominator_zero
S2020-067,0000014272,BMY,Bristol Myers Squibb,0000014272-21-000066,2020,2021-02-10,1.0.3,0.3.0,,,,,,,,,,,0,warning_denominator_zero,,,,,,,,,warning_denominator_zero,warning_denominator_zero
S2020-068,0001730168,AVGO,Broadcom,0001730168-20-000226,2020,2020-12-18,1.0.3,0.3.0,1,0.009433962264150943,1,0.009433962264150943,1,0.009433962264150943,0,0.0,1,0.009433962264150943,106,success,1,4,0.009433962264150943,0.03773584905660377,-0.6,0.04716981132075472,-0.02830188679245283,8,success,success
S2020-069,0001383312,BR,Broadridge Financial Solutions,0001383312-20-000055,2020,2020-08-11,1.0.3,0.3.0,0,0.0,0,0.0,0,0.0,0,0.0,0,0.0,28,success,1,0,0.03571428571428571,0.0,1.0,0.03571428571428571,0.03571428571428571,1,success,success
S2020-070,0000014693,BF-B,Brown–Forman,0000014693-20-000066,2020,2020-06-19,1.0.3,0.3.0,,,,,,,,,,,0,warning_denominator_zero,,,,,,,,,warning_denominator_zero,warning_denominator_zero
S2020-071,0001043277,CHRW,C.H. Robinson,0001043277-21-000009,2020,2021-02-19,1.0.3,0.3.0,0,0.0,0,0.0,0,0.0,0,0.0,0,0.0,34,success,0,1,0.0,0.029411764705882353,-1.0,0.029411764705882353,-0.029411764705882353,1,success,success
S2020-072,0001138118,CBRE,CBRE Group,0001138118-21-000012,2020,2021-02-24,1.0.3,0.3.0,,,,,,,,,,,0,warning_denominator_zero,,,,,,,,,warning_denominator_zero,warning_denominator_zero
S2020-073,0001402057,CDW,CDW Corporation,0001402057-21-000022,2020,2021-02-26,1.0.3,0.3.0,0,0.0,0,0.0,0,0.0,0,0.0,0,0.0,54,success,2,0,0.037037037037037035,0.0,1.0,0.037037037037037035,0.037037037037037035,2,success,success
S2020-074,0001324404,CF,CF Industries,0001324404-21-000008,2020,2021-02-24,1.0.3,0.3.0,,,,,,,,,,,0,warning_denominator_zero,,,,,,,,,warning_denominator_zero,warning_denominator_zero
S2020-075,0001156375,CME,CME Group,0001156375-21-000020,2020,2021-02-26,1.0.3,0.3.0,,,,,,,,,,,0,warning_denominator_zero,,,,,,,,,warning_denominator_zero,warning_denominator_zero
S2020-076,0000811156,CMS,CMS Energy,0000811156-21-000016,2020,2021-02-11,1.0.3,0.3.0,,,,,,,,,,,0,warning_denominator_zero,,,,,,,,,warning_denominator_zero,warning_denominator_zero
S2020-077,0000277948,CSX,CSX Corporation,0000277948-21-000014,2020,2021-02-10,1.0.3,0.3.0,,,,,,,,,,,0,warning_denominator_zero,,,,,,,,,warning_denominator_zero,warning_denominator_zero
S2020-078,0000064803,CVS,CVS Health,0000064803-21-000011,2020,2021-02-16,1.0.3,0.3.0,0,0.0,0,0.0,0,0.0,0,0.0,0,0.0,50,success,1,0,0.02,0.0,1.0,0.02,0.02,1,success,success
S2020-079,0000858470,COG,Cabot Oil & Gas,0000858470-21-000013,2020,2021-02-26,1.0.3,0.3.0,,,,,,,,,,,0,warning_denominator_zero,,,,,,,,,warning_denominator_zero,warning_denominator_zero
S2020-080,0000016732,CPB,Campbell's,0000016732-20-000111,2020,2020-09-24,1.0.3,0.3.0,,,,,,,,,,,0,warning_denominator_zero,,,,,,,,,warning_denominator_zero,warning_denominator_zero
S2020-081,0000927628,COF,Capital One,0000927628-21-000094,2020,2021-02-25,1.0.3,0.3.0,0,0.0,0,0.0,0,0.0,0,0.0,0,0.0,48,success,0,2,0.0,0.041666666666666664,-1.0,0.041666666666666664,-0.041666666666666664,2,success,success
S2020-082,0001170010,KMX,CarMax,0001170010-20-000033,2020,2020-04-21,1.0.3,0.3.0,0,0.0,0,0.0,0,0.0,0,0.0,0,0.0,21,success,0,0,0.0,0.0,,0.0,0.0,0,success,success
S2020-083,0000721371,CAH,Cardinal Health,0000721371-20-000089,2020,2020-08-13,1.0.3,0.3.0,,,,,,,,,,,0,warning_denominator_zero,,,,,,,,,warning_denominator_zero,warning_denominator_zero
S2020-084,0000815097,CCL,Carnival Corporation,0000815097-21-000027,2020,2021-01-26,1.0.3,0.3.0,,,,,,,,,,,0,warning_denominator_zero,,,,,,,,,warning_denominator_zero,warning_denominator_zero
S2020-085,0001783180,CARR,Carrier Global,0001783180-21-000011,2020,2021-02-09,1.0.3,0.3.0,0,0.0,0,0.0,0,0.0,0,0.0,0,0.0,18,success,0,0,0.0,0.0,,0.0,0.0,0,success,success
S2020-086,0000018230,CAT,Caterpillar Inc.,0000018230-21-000063,2020,2021-02-17,1.0.3,0.3.0,,,,,,,,,,,0,warning_denominator_zero,,,,,,,,,warning_denominator_zero,warning_denominator_zero
S2020-087,0001374310,CBOE,Cboe Global Markets,0001558370-21-001286,2020,2021-02-19,1.0.3,0.3.0,,,,,,,,,,,0,warning_denominator_zero,,,,,,,,,warning_denominator_zero,warning_denominator_zero
S2020-088,0001306830,CE,Celanese,0001306830-21-000020,2020,2021-02-11,1.0.3,0.3.0,,,,,,,,,,,0,warning_denominator_zero,,,,,,,,,warning_denominator_zero,warning_denominator_zero
S2020-089,0001071739,CNC,Centene Corporation,0001071739-21-000039,2020,2021-02-22,1.0.3,0.3.0,1,0.018518518518518517,0,0.0,0,0.0,0,0.0,0,0.0,54,success,0,0,0.0,0.0,,0.0,0.0,1,success,success
S2020-090,0001130310,CNP,CenterPoint Energy,0001130310-21-000009,2020,2021-02-25,1.0.3,0.3.0,,,,,,,,,,,0,warning_denominator_zero,,,,,,,,,warning_denominator_zero,warning_denominator_zero
S2020-091,0000316709,SCHW,Charles Schwab Corporation,0000316709-21-000012,2020,2021-02-24,1.0.3,0.3.0,,,,,,,,,,,0,warning_denominator_zero,,,,,,,,,warning_denominator_zero,warning_denominator_zero
S2020-092,0001091667,CHTR,Charter Communications,0001091667-21-000022,2020,2021-01-29,1.0.3,0.3.0,,,,,,,,,,,0,warning_denominator_zero,,,,,,,,,warning_denominator_zero,warning_denominator_zero
S2020-093,0000093410,CVX,Chevron Corporation,0000093410-21-000009,2020,2021-02-25,1.0.3,0.3.0,,,,,,,,,,,0,warning_denominator_zero,,,,,,,,,warning_denominator_zero,warning_denominator_zero
S2020-094,0001058090,CMG,Chipotle Mexican Grill,0001058090-21-000010,2020,2021-02-10,1.0.3,0.3.0,,,,,,,,,,,0,warning_denominator_zero,,,,,,,,,warning_denominator_zero,warning_denominator_zero
S2020-095,0000896159,CB,Chubb Limited,0000896159-21-000003,2020,2021-02-25,1.0.3,0.3.0,,,,,,,,,,,0,warning_denominator_zero,,,,,,,,,warning_denominator_zero,warning_denominator_zero
S2020-096,0000313927,CHD,Church & Dwight,0001564590-21-006669,2020,2021-02-18,1.0.3,0.3.0,,,,,,,,,,,0,warning_denominator_zero,,,,,,,,,warning_denominator_zero,warning_denominator_zero
S2020-097,0001739940,CI,Cigna,0001739940-21-000007,2020,2021-02-25,1.0.3,0.3.0,1,0.010638297872340425,0,0.0,0,0.0,0,0.0,0,0.0,94,success,4,1,0.0425531914893617,0.010638297872340425,0.6,0.05319148936170213,0.031914893617021274,6,success,success
S2020-098,0000020286,CINF,Cincinnati Financial,0000020286-21-000013,2020,2021-02-25,1.0.3,0.3.0,,,,,,,,,,,0,warning_denominator_zero,,,,,,,,,warning_denominator_zero,warning_denominator_zero
S2020-099,0000723254,CTAS,Cintas,0000723254-20-000025,2020,2020-07-29,1.0.3,0.3.0,,,,,,,,,,,0,warning_denominator_zero,,,,,,,,,warning_denominator_zero,warning_denominator_zero
S2020-100,0000858877,CSCO,Cisco,0000858877-20-000010,2020,2020-09-03,1.0.3,0.3.0,0,0.0,0,0.0,0,0.0,0,0.0,0,0.0,80,success,3,0,0.0375,0.0,1.0,0.0375,0.0375,3,success,success
S2020-101,0000831001,C,Citigroup,0000831001-21-000042,2020,2021-02-26,1.0.3,0.3.0,0,0.0,0,0.0,0,0.0,0,0.0,0,0.0,36,success,1,0,0.027777777777777776,0.0,1.0,0.027777777777777776,0.027777777777777776,1,success,success
S2020-102,0000759944,CFG,Citizens Financial Group,0000759944-21-000034,2020,2021-02-23,1.0.3,0.3.0,0,0.0,0,0.0,0,0.0,0,0.0,0,0.0,39,success,1,0,0.02564102564102564,0.0,1.0,0.02564102564102564,0.02564102564102564,1,success,success
S2020-103,0000021076,CLX,Clorox,0000021076-20-000016,2020,2020-08-13,1.0.3,0.3.0,,,,,,,,,,,0,warning_denominator_zero,,,,,,,,,warning_denominator_zero,warning_denominator_zero
S2020-104,0000021344,KO,Coca-Cola Company (The),0000021344-21-000008,2020,2021-02-25,1.0.3,0.3.0,0,0.0,0,0.0,0,0.0,0,0.0,0,0.0,85,success,2,0,0.023529411764705882,0.0,1.0,0.023529411764705882,0.023529411764705882,2,success,success
S2020-105,0001058290,CTSH,Cognizant,0001058290-21-000031,2020,2021-02-12,1.0.3,0.3.0,1,0.0018552875695732839,2,0.0037105751391465678,0,0.0,0,0.0,1,0.0018552875695732839,539,success,6,1,0.011131725417439703,0.0018552875695732839,0.7142857142857143,0.012987012987012988,0.00927643784786642,11,success,success
S2020-106,0000021665,CL,Colgate-Palmolive,0000021665-21-000007,2020,2021-02-18,1.0.3,0.3.0,,,,,,,,,,,0,warning_denominator_zero,,,,,,,,,warning_denominator_zero,warning_denominator_zero
S2020-107,0001166691,CMCSA,Comcast,0001166691-21-000008,2020,2021-02-04,1.0.3,0.3.0,,,,,,,,,,,0,warning_denominator_zero,,,,,,,,,warning_denominator_zero,warning_denominator_zero
S2020-108,0000023217,CAG,Conagra Brands,0001564590-20-033366,2020,2020-07-24,1.0.3,0.3.0,,,,,,,,,,,0,warning_denominator_zero,,,,,,,,,warning_denominator_zero,warning_denominator_zero
S2020-109,0001163165,COP,ConocoPhillips,0001562762-21-000027,2020,2021-02-16,1.0.3,0.3.0,,,,,,,,,,,0,warning_denominator_zero,,,,,,,,,warning_denominator_zero,warning_denominator_zero
S2020-110,0001047862,ED,Consolidated Edison,0001047862-21-000049,2020,2021-02-18,1.0.3,0.3.0,,,,,,,,,,,0,warning_denominator_zero,,,,,,,,,warning_denominator_zero,warning_denominator_zero
S2020-111,0000016918,STZ,Constellation Brands,0000016918-20-000078,2020,2020-04-21,1.0.3,0.3.0,,,,,,,,,,,0,warning_denominator_zero,,,,,,,,,warning_denominator_zero,warning_denominator_zero
S2020-112,0000711404,COO,Cooper Companies (The),0000711404-20-000042,2020,2020-12-11,1.0.3,0.3.0,,,,,,,,,,,0,warning_denominator_zero,,,,,,,,,warning_denominator_zero,warning_denominator_zero
S2020-113,0000900075,CPRT,Copart,0000900075-20-000021,2020,2020-09-28,1.0.3,0.3.0,1,0.02857142857142857,0,0.0,1,0.02857142857142857,0,0.0,0,0.0,35,success,0,0,0.0,0.0,,0.0,0.0,1,success,success
S2020-114,0000024741,GLW,Corning Inc.,0001562762-21-000023,2020,2021-02-12,1.0.3,0.3.0,,,,,,,,,,,0,warning_denominator_zero,,,,,,,,,warning_denominator_zero,warning_denominator_zero
S2020-115,0001755672,CTVA,Corteva,0001755672-21-000008,2020,2021-02-11,1.0.3,0.3.0,,,,,,,,,,,0,warning_denominator_zero,,,,,,,,,warning_denominator_zero,warning_denominator_zero
S2020-116,0000909832,COST,Costco,0000909832-20-000017,2020,2020-10-07,1.0.3,0.3.0,,,,,,,,,,,0,warning_denominator_zero,,,,,,,,,warning_denominator_zero,warning_denominator_zero
S2020-117,0001051470,CCI,Crown Castle,0001051470-21-000031,2020,2021-02-22,1.0.3,0.3.0,,,,,,,,,,,0,warning_denominator_zero,,,,,,,,,warning_denominator_zero,warning_denominator_zero
S2020-118,0000026172,CMI,Cummins,0000026172-21-000012,2020,2021-02-10,1.0.3,0.3.0,,,,,,,,,,,0,warning_denominator_zero,,,,,,,,,warning_denominator_zero,warning_denominator_zero
S2020-119,0000882184,DHI,D. R. Horton,0000882184-20-000143,2020,2020-11-20,1.0.3,0.3.0,,,,,,,,,,,0,warning_denominator_zero,,,,,,,,,warning_denominator_zero,warning_denominator_zero
S2020-120,0000936340,DTE,DTE Energy,0000936340-21-000112,2020,2021-02-19,1.0.3,0.3.0,,,,,,,,,,,0,warning_denominator_zero,,,,,,,,,warning_denominator_zero,warning_denominator_zero
S2020-121,0001688568,DXC,DXC Technology,0001688568-20-000032,2020,2020-06-01,1.0.3,0.3.0,0,0.0,0,0.0,0,0.0,0,0.0,0,0.0,45,success,0,0,0.0,0.0,,0.0,0.0,0,success,success
S2020-122,0000927066,DVA,DaVita,0000927066-21-000008,2020,2021-02-12,1.0.3,0.3.0,1,0.05263157894736842,0,0.0,1,0.05263157894736842,0,0.0,0,0.0,19,success,1,0,0.05263157894736842,0.0,1.0,0.05263157894736842,0.05263157894736842,2,success,success
S2020-123,0000313616,DHR,Danaher Corporation,0000313616-21-000045,2020,2021-02-25,1.0.3,0.3.0,0,0.0,1,0.015384615384615385,0,0.0,0,0.0,0,0.0,65,success,2,1,0.03076923076923077,0.015384615384615385,0.3333333333333333,0.046153846153846156,0.015384615384615385,4,success,success
S2020-124,0000940944,DRI,Darden Restaurants,0000940944-20-000046,2020,2020-07-24,1.0.3,0.3.0,,,,,,,,,,,0,warning_denominator_zero,,,,,,,,,warning_denominator_zero,warning_denominator_zero
S2020-125,0000315189,DE,Deere & Company,0001558370-20-014436,2020,2020-12-17,1.0.3,0.3.0,,,,,,,,,,,0,warning_denominator_zero,,,,,,,,,warning_denominator_zero,warning_denominator_zero
S2020-126,0000027904,DAL,Delta Air Lines,0000027904-21-000003,2020,2021-02-12,1.0.3,0.3.0,,,,,,,,,,,0,warning_denominator_zero,,,,,,,,,warning_denominator_zero,warning_denominator_zero
S2020-127,0000818479,XRAY,Dentsply Sirona,0000818479-21-000007,2020,2021-03-01,1.0.3,0.3.0,,,,,,,,,,,0,warning_denominator_zero,,,,,,,,,warning_denominator_zero,warning_denominator_zero
S2020-128,0001090012,DVN,Devon Energy,0001564590-21-006239,2020,2021-02-17,1.0.3,0.3.0,2,0.06666666666666667,0,0.0,0,0.0,0,0.0,1,0.03333333333333333,30,success,0,0,0.0,0.0,,0.0,0.0,2,success,success
S2020-129,0001093557,DXCM,Dexcom,0001093557-21-000024,2020,2021-02-11,1.0.3,0.3.0,2,0.03278688524590164,0,0.0,0,0.0,0,0.0,0,0.0,61,success,0,0,0.0,0.0,,0.0,0.0,2,success,success
S2020-130,0001539838,FANG,Diamondback Energy,0001539838-21-000015,2020,2021-02-25,1.0.3,0.3.0,,,,,,,,,,,0,warning_denominator_zero,,,,,,,,,warning_denominator_zero,warning_denominator_zero
S2020-131,0001297996,DLR,Digital Realty,0001558370-21-002191,2020,2021-03-01,1.0.3,0.3.0,0,0.0,0,0.0,0,0.0,0,0.0,0,0.0,19,success,1,0,0.05263157894736842,0.0,1.0,0.05263157894736842,0.05263157894736842,1,success,success
S2020-132,0000029534,DG,Dollar General,0001558370-20-002915,2020,2020-03-19,1.0.3,0.3.0,,,,,,,,,,,0,warning_denominator_zero,,,,,,,,,warning_denominator_zero,warning_denominator_zero
S2020-133,0000935703,DLTR,Dollar Tree,0000935703-20-000006,2020,2020-03-20,1.0.3,0.3.0,,,,,,,,,,,0,warning_denominator_zero,,,,,,,,,warning_denominator_zero,warning_denominator_zero
S2020-134,0000715957,D,Dominion Energy,0001564590-21-008442,2020,2021-02-25,1.0.3,0.3.0,,,,,,,,,,,0,warning_denominator_zero,,,,,,,,,warning_denominator_zero,warning_denominator_zero
S2020-135,0000029905,DOV,Dover Corporation,0000029905-21-000010,2020,2021-02-12,1.0.3,0.3.0,0,0.0,0,0.0,0,0.0,0,0.0,0,0.0,110,success,5,0,0.045454545454545456,0.0,1.0,0.045454545454545456,0.045454545454545456,5,success,success
S2020-136,0001751788,DOW,Dow Inc.,0001751788-21-000010,2020,2021-02-05,1.0.3,0.3.0,0,0.0,0,0.0,0,0.0,2,0.046511627906976744,0,0.0,43,success,1,0,0.023255813953488372,0.0,1.0,0.023255813953488372,0.023255813953488372,3,success,success
S2020-137,0001666700,DD,DuPont,0001666700-21-000005,2020,2021-02-12,1.0.3,0.3.0,,,,,,,,,,,0,warning_denominator_zero,,,,,,,,,warning_denominator_zero,warning_denominator_zero
S2020-138,0001326160,DUK,Duke Energy,0001326160-21-000063,2020,2021-02-25,1.0.3,0.3.0,,,,,,,,,,,0,warning_denominator_zero,,,,,,,,,warning_denominator_zero,warning_denominator_zero
S2020-139,0000821189,EOG,EOG Resources,0000821189-21-000017,2020,2021-02-25,1.0.3,0.3.0,,,,,,,,,,,0,warning_denominator_zero,,,,,,,,,warning_denominator_zero,warning_denominator_zero
S2020-140,0000915389,EMN,Eastman Chemical Co.,0000915389-21-000016,2020,2021-02-22,1.0.3,0.3.0,,,,,,,,,,,0,warning_denominator_zero,,,,,,,,,warning_denominator_zero,warning_denominator_zero
S2020-141,0001551182,ETN,Eaton Corporation,0001551182-21-000022,2020,2021-02-24,1.0.3,0.3.0,,,,,,,,,,,0,warning_denominator_zero,,,,,,,,,warning_denominator_zero,warning_denominator_zero
S2020-142,0000031462,ECL,Ecolab,0001558370-21-001916,2020,2021-02-26,1.0.3,0.3.0,0,0.0,0,0.0,0,0.0,0,0.0,0,0.0,30,success,0,0,0.0,0.0,,0.0,0.0,0,success,success
S2020-143,0000827052,EIX,Edison International,0000827052-21-000019,2020,2021-02-25,1.0.3,0.3.0,,,,,,,,,,,0,warning_denominator_zero,,,,,,,,,warning_denominator_zero,warning_denominator_zero
S2020-144,0001099800,EW,Edwards Lifesciences,0001099800-21-000007,2020,2021-02-12,1.0.3,0.3.0,,,,,,,,,,,0,warning_denominator_zero,,,,,,,,,warning_denominator_zero,warning_denominator_zero
S2020-145,0000712515,EA,Electronic Arts,0000712515-20-000019,2020,2020-05-20,1.0.3,0.3.0,,,,,,,,,,,0,warning_denominator_zero,,,,,,,,,warning_denominator_zero,warning_denominator_zero
S2020-146,0000032604,EMR,Emerson Electric,0000032604-20-000041,2020,2020-11-16,1.0.3,0.3.0,,,,,,,,,,,0,warning_denominator_zero,,,,,,,,,warning_denominator_zero,warning_denominator_zero
S2020-147,0000065984,ETR,Entergy,0000065984-21-000096,2020,2021-02-26,1.0.3,0.3.0,,,,,,,,,,,0,warning_denominator_zero,,,,,,,,,warning_denominator_zero,warning_denominator_zero
S2020-148,0000033185,EFX,Equifax,0000033185-21-000025,2020,2021-02-25,1.0.3,0.3.0,5,0.01893939393939394,6,0.022727272727272728,5,0.01893939393939394,0,0.0,4,0.015151515151515152,264,success,4,1,0.015151515151515152,0.003787878787878788,0.6,0.01893939393939394,0.011363636363636364,20,success,success
S2020-149,0001101239,EQIX,Equinix,0001628280-21-002563,2020,2021-02-19,1.0.3,0.3.0,,,,,,,,,,,0,warning_denominator_zero,,,,,,,,,warning_denominator_zero,warning_denominator_zero
S2020-150,0000906107,EQR,Equity Residential,0001564590-21-006679,2020,2021-02-18,1.0.3,0.3.0,,,,,,,,,,,0,warning_denominator_zero,,,,,,,,,warning_denominator_zero,warning_denominator_zero
S2020-151,0000920522,ESS,Essex Property Trust,0000920522-21-000015,2020,2021-02-19,1.0.3,0.3.0,,,,,,,,,,,0,warning_denominator_zero,,,,,,,,,warning_denominator_zero,warning_denominator_zero
S2020-152,0001001250,EL,Estée Lauder Companies (The),0001001250-20-000065,2020,2020-08-28,1.0.3,0.3.0,,,,,,,,,,,0,warning_denominator_zero,,,,,,,,,warning_denominator_zero,warning_denominator_zero
S2020-153,0001370637,ETSY,Etsy,0001370637-21-000012,2020,2021-02-26,1.0.3,0.3.0,4,0.011428571428571429,0,0.0,3,0.008571428571428572,0,0.0,0,0.0,350,success,15,3,0.04285714285714286,0.008571428571428572,0.6666666666666666,0.05142857142857143,0.03428571428571429,22,success,success
S2020-154,0001711269,EVRG,Evergy,0001711269-21-000023,2020,2021-02-26,1.0.3,0.3.0,,,,,,,,,,,0,warning_denominator_zero,,,,,,,,,warning_denominator_zero,warning_denominator_zero
S2020-155,0000072741,ES,Eversource Energy,0000072741-21-000005,2020,2021-02-17,1.0.3,0.3.0,,,,,,,,,,,0,warning_denominator_zero,,,,,,,,,warning_denominator_zero,warning_denominator_zero
S2020-156,0001109357,EXC,Exelon,0001109357-21-000022,2020,2021-02-24,1.0.3,0.3.0,,,,,,,,,,,0,warning_denominator_zero,,,,,,,,,warning_denominator_zero,warning_denominator_zero
S2020-157,0001324424,EXPE,Expedia Group,0001324424-21-000015,2020,2021-02-12,1.0.3,0.3.0,1,0.021739130434782608,0,0.0,1,0.021739130434782608,0,0.0,0,0.0,46,success,0,0,0.0,0.0,,0.0,0.0,1,success,success
S2020-158,0000746515,EXPD,Expeditors International,0001564590-21-006925,2020,2021-02-19,1.0.3,0.3.0,,,,,,,,,,,0,warning_denominator_zero,,,,,,,,,warning_denominator_zero,warning_denominator_zero
S2020-159,0001289490,EXR,Extra Space Storage,0001628280-21-003458,2020,2021-02-26,1.0.3,0.3.0,,,,,,,,,,,0,warning_denominator_zero,,,,,,,,,warning_denominator_zero,warning_denominator_zero
S2020-160,0000034088,XOM,ExxonMobil,0000034088-21-000012,2020,2021-02-24,1.0.3,0.3.0,,,,,,,,,,,0,warning_denominator_zero,,,,,,,,,warning_denominator_zero,warning_denominator_zero
S2020-161,0001048695,FFIV,"F5, Inc.",0001048695-20-000041,2020,2020-11-19,1.0.3,0.3.0,0,0.0,0,0.0,0,0.0,1,0.007407407407407408,0,0.0,135,success,2,4,0.014814814814814815,0.02962962962962963,-0.3333333333333333,0.044444444444444446,-0.014814814814814815,6,success,success
S2020-162,0000037785,FMC,FMC Corporation,0000037785-21-000024,2020,2021-02-25,1.0.3,0.3.0,0,0.0,0,0.0,0,0.0,0,0.0,0,0.0,74,success,3,0,0.04054054054054054,0.0,1.0,0.04054054054054054,0.04054054054054054,3,success,success
S2020-163,0001326801,FB,Facebook,0001326801-21-000014,2020,2021-01-28,1.0.3,0.3.0,8,0.01188707280832095,10,0.014858841010401188,4,0.005943536404160475,0,0.0,2,0.0029717682020802376,673,success,4,6,0.005943536404160475,0.008915304606240713,-0.2,0.014858841010401188,-0.0029717682020802376,30,success,success
S2020-164,0000815556,FAST,Fastenal,0000815556-21-000008,2020,2021-02-08,1.0.3,0.3.0,,,,,,,,,,,0,warning_denominator_zero,,,,,,,,,warning_denominator_zero,warning_denominator_zero
S2020-165,0001048911,FDX,FedEx,0001564590-20-032775,2020,2020-07-20,1.0.3,0.3.0,0,0.0,0,0.0,0,0.0,0,0.0,1,0.043478260869565216,23,success,1,1,0.043478260869565216,0.043478260869565216,0.0,0.08695652173913043,0.0,3,success,success
S2020-166,0000034903,FRT,Federal Realty Investment Trust,0000034903-21-000020,2020,2021-02-11,1.0.3,0.3.0,,,,,,,,,,,0,warning_denominator_zero,,,,,,,,,warning_denominator_zero,warning_denominator_zero
S2020-167,0001136893,FIS,Fidelity National Information Services,0001136893-21-000025,2020,2021-02-18,1.0.3,0.3.0,2,0.020618556701030927,2,0.020618556701030927,0,0.0,0,0.0,0,0.0,97,success,0,1,0.0,0.010309278350515464,-1.0,0.010309278350515464,-0.010309278350515464,5,success,success
S2020-168,0000035527,FITB,Fifth Third Bancorp,0000035527-21-000100,2020,2021-02-26,1.0.3,0.3.0,,,,,,,,,,,0,warning_denominator_zero,,,,,,,,,warning_denominator_zero,warning_denominator_zero
S2020-169,0001031296,FE,FirstEnergy,0001031296-21-000020,2020,2021-02-18,1.0.3,0.3.0,,,,,,,,,,,0,warning_denominator_zero,,,,,,,,,warning_denominator_zero,warning_denominator_zero
S2020-170,0000798354,FISV,Fiserv,0000798354-21-000004,2020,2021-02-26,1.0.3,0.3.0,0,0.0,0,0.0,0,0.0,0,0.0,0,0.0,33,success,0,1,0.0,0.030303030303030304,-1.0,0.030303030303030304,-0.030303030303030304,1,success,success
S2020-171,0000030625,FLS,Flowserve,0000030625-21-000034,2020,2021-02-23,1.0.3,0.3.0,1,0.007407407407407408,0,0.0,0,0.0,0,0.0,1,0.007407407407407408,135,success,4,1,0.02962962962962963,0.007407407407407408,0.6,0.037037037037037035,0.022222222222222223,7,success,success
S2020-172,0000037996,F,Ford Motor Company,0000037996-21-000012,2020,2021-02-05,1.0.3,0.3.0,1,0.00141643059490085,0,0.0,0,0.0,1,0.00141643059490085,2,0.0028328611898017,706,success,5,2,0.007082152974504249,0.0028328611898017,0.42857142857142855,0.009915014164305949,0.00424929178470255,11,success,success
S2020-173,0001262039,FTNT,Fortinet,0001262039-21-000008,2020,2021-02-19,1.0.3,0.3.0,0,0.0,0,0.0,0,0.0,0,0.0,0,0.0,230,success,2,7,0.008695652173913044,0.030434782608695653,-0.5555555555555556,0.0391304347826087,-0.021739130434782608,9,success,success
S2020-174,0001659166,FTV,Fortive,0001659166-21-000062,2020,2021-02-26,1.0.3,0.3.0,,,,,,,,,,,0,warning_denominator_zero,,,,,,,,,warning_denominator_zero,warning_denominator_zero
S2020-175,0001754301,FOXA|FOX,Fox Corporation (Class A)|Fox Corporation (Class B),0001564590-20-038975,2020,2020-08-10,1.0.3,0.3.0,,,,,,,,,,,0,warning_denominator_zero,,,,,,,,,warning_denominator_zero,warning_denominator_zero
S2020-176,0000038777,BEN,Franklin Resources,0000038777-20-000203,2020,2020-11-23,1.0.3,0.3.0,,,,,,,,,,,0,warning_denominator_zero,,,,,,,,,warning_denominator_zero,warning_denominator_zero
S2020-177,0000831259,FCX,Freeport-McMoRan,0000831259-21-000009,2020,2021-02-16,1.0.3,0.3.0,0,0.0,0,0.0,0,0.0,0,0.0,0,0.0,32,success,3,0,0.09375,0.0,1.0,0.09375,0.09375,3,success,success
S2020-178,0000040545,GE,GE Aerospace,0000040545-21-000011,2020,2021-02-12,1.0.3,0.3.0,0,0.0,0,0.0,0,0.0,0,0.0,0,0.0,53,success,3,0,0.05660377358490566,0.0,1.0,0.05660377358490566,0.05660377358490566,3,success,success
S2020-179,0001121788,GRMN,Garmin,0001564590-21-006192,2020,2021-02-17,1.0.3,0.3.0,0,0.0,1,0.043478260869565216,0,0.0,0,0.0,0,0.0,23,success,0,0,0.0,0.0,,0.0,0.0,1,success,success
S2020-180,0000749251,IT,Gartner,0000749251-21-000010,2020,2021-02-24,1.0.3,0.3.0,,,,,,,,,,,0,warning_denominator_zero,,,,,,,,,warning_denominator_zero,warning_denominator_zero
S2020-181,0000040533,GD,General Dynamics,0000040533-21-000010,2020,2021-02-09,1.0.3,0.3.0,0,0.0,1,0.006060606060606061,0,0.0,0,0.0,0,0.0,165,success,4,2,0.024242424242424242,0.012121212121212121,0.3333333333333333,0.03636363636363636,0.012121212121212121,6,success,success
S2020-182,0000040704,GIS,General Mills,0001193125-20-186469,2020,2020-07-02,1.0.3,0.3.0,,,,,,,,,,,0,warning_denominator_zero,,,,,,,,,warning_denominator_zero,warning_denominator_zero
S2020-183,0001467858,GM,General Motors,0001467858-21-000037,2020,2021-02-10,1.0.3,0.3.0,,,,,,,,,,,0,warning_denominator_zero,,,,,,,,,warning_denominator_zero,warning_denominator_zero
S2020-184,0000040987,GPC,Genuine Parts Company,0000040987-21-000009,2020,2021-02-19,1.0.3,0.3.0,,,,,,,,,,,0,warning_denominator_zero,,,,,,,,,warning_denominator_zero,warning_denominator_zero
S2020-185,0000882095,GILD,Gilead Sciences,0000882095-21-000008,2020,2021-02-25,1.0.3,0.3.0,,,,,,,,,,,0,warning_denominator_zero,,,,,,,,,warning_denominator_zero,warning_denominator_zero
S2020-186,0001123360,GPN,Global Payments,0001123360-21-000009,2020,2021-02-19,1.0.3,0.3.0,,,,,,,,,,,0,warning_denominator_zero,,,,,,,,,warning_denominator_zero,warning_denominator_zero
S2020-187,0000320335,GL,Globe Life,0000320335-21-000010,2020,2021-02-25,1.0.3,0.3.0,,,,,,,,,,,0,warning_denominator_zero,,,,,,,,,warning_denominator_zero,warning_denominator_zero
S2020-188,0000886982,GS,Goldman Sachs,0001193125-21-049380,2020,2021-02-22,1.0.3,0.3.0,,,,,,,,,,,0,warning_denominator_zero,,,,,,,,,warning_denominator_zero,warning_denominator_zero
S2020-189,0000860730,HCA,HCA Healthcare,0001193125-21-048994,2020,2021-02-19,1.0.3,0.3.0,,,,,,,,,,,0,warning_denominator_zero,,,,,,,,,warning_denominator_zero,warning_denominator_zero
S2020-190,0000047217,HPQ,HP Inc.,0000047217-20-000045,2020,2020-12-10,1.0.3,0.3.0,,,,,,,,,,,0,warning_denominator_zero,,,,,,,,,warning_denominator_zero,warning_denominator_zero
S2020-191,0000045012,HAL,Halliburton,0000045012-21-000009,2020,2021-02-05,1.0.3,0.3.0,0,0.0,0,0.0,0,0.0,0,0.0,0,0.0,36,success,0,0,0.0,0.0,,0.0,0.0,0,success,success
S2020-192,0000874766,HIG,Hartford (The),0000874766-21-000022,2020,2021-02-19,1.0.3,0.3.0,,,,,,,,,,,0,warning_denominator_zero,,,,,,,,,warning_denominator_zero,warning_denominator_zero
S2020-193,0000046080,HAS,Hasbro,0000046080-21-000035,2020,2021-02-24,1.0.3,0.3.0,,,,,,,,,,,0,warning_denominator_zero,,,,,,,,,warning_denominator_zero,warning_denominator_zero
S2020-194,0000765880,PEAK,Healthpeak Properties,0001628280-21-001804,2020,2021-02-10,1.0.3,0.3.0,,,,,,,,,,,0,warning_denominator_zero,,,,,,,,,warning_denominator_zero,warning_denominator_zero
S2020-195,0001000228,HSIC,Henry Schein,0001000228-21-000019,2020,2021-02-17,1.0.3,0.3.0,,,,,,,,,,,0,warning_denominator_zero,,,,,,,,,warning_denominator_zero,warning_denominator_zero
S2020-196,0000047111,HSY,Hershey Company (The),0000047111-21-000007,2020,2021-02-17,1.0.3,0.3.0,,,,,,,,,,,0,warning_denominator_zero,,,,,,,,,warning_denominator_zero,warning_denominator_zero
S2020-197,0001645590,HPE,Hewlett Packard Enterprise,0001645590-20-000056,2020,2020-12-10,1.0.3,0.3.0,0,0.0,0,0.0,0,0.0,0,0.0,0,0.0,378,success,5,0,0.013227513227513227,0.0,1.0,0.013227513227513227,0.013227513227513227,5,success,success
S2020-198,0001585689,HLT,Hilton Worldwide,0001585689-21-000016,2020,2021-02-17,1.0.3,0.3.0,,,,,,,,,,,0,warning_denominator_zero,,,,,,,,,warning_denominator_zero,warning_denominator_zero
S2020-199,0000354950,HD,Home Depot (The),0000354950-20-000015,2020,2020-03-25,1.0.3,0.3.0,,,,,,,,,,,0,warning_denominator_zero,,,,,,,,,warning_denominator_zero,warning_denominator_zero
S2020-200,0000773840,HON,Honeywell Technologies,0000773840-21-000015,2020,2021-02-12,1.0.3,0.3.0,,,,,,,,,,,0,warning_denominator_zero,,,,,,,,,warning_denominator_zero,warning_denominator_zero
S2020-201,0000048465,HRL,Hormel Foods,0000048465-20-000043,2020,2020-12-04,1.0.3,0.3.0,,,,,,,,,,,0,warning_denominator_zero,,,,,,,,,warning_denominator_zero,warning_denominator_zero
S2020-202,0001070750,HST,Host Hotels & Resorts,0001564590-21-008676,2020,2021-02-25,1.0.3,0.3.0,,,,,,,,,,,0,warning_denominator_zero,,,,,,,,,warning_denominator_zero,warning_denominator_zero
S2020-203,0000004281,HWM,Howmet Aerospace,0000004281-21-000049,2020,2021-02-16,1.0.3,0.3.0,,,,,,,,,,,0,warning_denominator_zero,,,,,,,,,warning_denominator_zero,warning_denominator_zero
S2020-204,0000049071,HUM,Humana,0000049071-21-000039,2020,2021-02-18,1.0.3,0.3.0,,,,,,,,,,,0,warning_denominator_zero,,,,,,,,,warning_denominator_zero,warning_denominator_zero
S2020-205,0000049196,HBAN,Huntington Bancshares,0000049196-21-000018,2020,2021-02-26,1.0.3,0.3.0,,,,,,,,,,,0,warning_denominator_zero,,,,,,,,,warning_denominator_zero,warning_denominator_zero
S2020-206,0001501585,HII,Huntington Ingalls Industries,0001501585-21-000008,2020,2021-02-11,1.0.3,0.3.0,2,0.047619047619047616,0,0.0,1,0.023809523809523808,0,0.0,0,0.0,42,success,0,1,0.0,0.023809523809523808,-1.0,0.023809523809523808,-0.023809523809523808,3,success,success
S2020-207,0000051143,IBM,IBM,0001558370-21-001489,2020,2021-02-23,1.0.3,0.3.0,6,0.012269938650306749,9,0.018404907975460124,5,0.010224948875255624,1,0.002044989775051125,0,0.0,489,success,9,21,0.018404907975460124,0.04294478527607362,-0.4,0.06134969325153374,-0.024539877300613498,45,success,success
S2020-208,0000832101,IEX,IDEX Corporation,0000832101-21-000017,2020,2021-02-25,1.0.3,0.3.0,,,,,,,,,,,0,warning_denominator_zero,,,,,,,,,warning_denominator_zero,warning_denominator_zero
S2020-209,0001111928,IPGP,IPG Photonics,0001111928-21-000026,2020,2021-02-22,1.0.3,0.3.0,,,,,,,,,,,0,warning_denominator_zero,,,,,,,,,warning_denominator_zero,warning_denominator_zero
S2020-210,0001478242,IQV,IQVIA,0001478242-21-000020,2020,2021-02-12,1.0.3,0.3.0,0,0.0,0,0.0,0,0.0,0,0.0,0,0.0,14,success,0,0,0.0,0.0,,0.0,0.0,0,success,success
S2020-211,0000874716,IDXX,Idexx Laboratories,0000874716-21-000008,2020,2021-02-12,1.0.3,0.3.0,,,,,,,,,,,0,warning_denominator_zero,,,,,,,,,warning_denominator_zero,warning_denominator_zero
S2020-212,0000049826,ITW,Illinois Tool Works,0000049826-21-000007,2020,2021-02-12,1.0.3,0.3.0,,,,,,,,,,,0,warning_denominator_zero,,,,,,,,,warning_denominator_zero,warning_denominator_zero
S2020-213,0000879169,INCY,Incyte,0001558370-21-000825,2020,2021-02-09,1.0.3,0.3.0,,,,,,,,,,,0,warning_denominator_zero,,,,,,,,,warning_denominator_zero,warning_denominator_zero
S2020-214,0001699150,IR,Ingersoll Rand,0001628280-21-003454,2020,2021-02-26,1.0.3,0.3.0,,,,,,,,,,,0,warning_denominator_zero,,,,,,,,,warning_denominator_zero,warning_denominator_zero
S2020-215,0000050863,INTC,Intel,0000050863-21-000010,2020,2021-01-22,1.0.3,0.3.0,3,0.003432494279176201,5,0.005720823798627002,3,0.003432494279176201,0,0.0,0,0.0,874,success,18,19,0.020594965675057208,0.021739130434782608,-0.02702702702702703,0.04233409610983982,-0.0011441647597254005,43,success,success
S2020-216,0001571949,ICE,Intercontinental Exchange,0001571949-21-000003,2020,2021-02-04,1.0.3,0.3.0,2,0.011976047904191617,0,0.0,0,0.0,0,0.0,0,0.0,167,success,5,0,0.029940119760479042,0.0,1.0,0.029940119760479042,0.029940119760479042,7,success,success
S2020-217,0000051253,IFF,International Flavors & Fragrances,0000051253-21-000011,2020,2021-02-22,1.0.3,0.3.0,,,,,,,,,,,0,warning_denominator_zero,,,,,,,,,warning_denominator_zero,warning_denominator_zero
S2020-218,0000051434,IP,International Paper,0000051434-21-000012,2020,2021-02-19,1.0.3,0.3.0,,,,,,,,,,,0,warning_denominator_zero,,,,,,,,,warning_denominator_zero,warning_denominator_zero
S2020-219,0000896878,INTU,Intuit,0000896878-20-000148,2020,2020-08-31,1.0.3,0.3.0,0,0.0,0,0.0,0,0.0,0,0.0,0,0.0,172,success,4,3,0.023255813953488372,0.01744186046511628,0.14285714285714285,0.040697674418604654,0.005813953488372093,7,success,success
S2020-220,0001035267,ISRG,Intuitive Surgical,0001035267-21-000028,2020,2021-02-10,1.0.3,0.3.0,,,,,,,,,,,0,warning_denominator_zero,,,,,,,,,warning_denominator_zero,warning_denominator_zero
S2020-221,0000914208,IVZ,Invesco,0000914208-21-000331,2020,2021-02-19,1.0.3,0.3.0,,,,,,,,,,,0,warning_denominator_zero,,,,,,,,,warning_denominator_zero,warning_denominator_zero
S2020-222,0001020569,IRM,Iron Mountain,0001020569-21-000067,2020,2021-02-24,1.0.3,0.3.0,0,0.0,0,0.0,0,0.0,0,0.0,0,0.0,44,success,0,0,0.0,0.0,,0.0,0.0,0,success,success
S2020-223,0000728535,JBHT,J.B. Hunt,0001437749-21-003667,2020,2021-02-23,1.0.3,0.3.0,,,,,,,,,,,0,warning_denominator_zero,,,,,,,,,warning_denominator_zero,warning_denominator_zero
S2020-224,0000091419,SJM,J.M. Smucker Company (The),0000091419-20-000065,2020,2020-06-19,1.0.3,0.3.0,,,,,,,,,,,0,warning_denominator_zero,,,,,,,,,warning_denominator_zero,warning_denominator_zero
S2020-225,0000019617,JPM,JPMorgan Chase,0000019617-21-000236,2020,2021-02-23,1.0.3,0.3.0,0,0.0,2,0.058823529411764705,0,0.0,0,0.0,0,0.0,34,success,1,1,0.029411764705882353,0.029411764705882353,0.0,0.058823529411764705,0.0,4,success,success
S2020-226,0000779152,JKHY,Jack Henry & Associates,0000779152-20-000064,2020,2020-08-25,1.0.3,0.3.0,,,,,,,,,,,0,warning_denominator_zero,,,,,,,,,warning_denominator_zero,warning_denominator_zero
S2020-227,0000052988,J,Jacobs Solutions,0000052988-20-000070,2020,2020-11-24,1.0.3,0.3.0,2,0.013793103448275862,0,0.0,0,0.0,0,0.0,0,0.0,145,success,2,0,0.013793103448275862,0.0,1.0,0.013793103448275862,0.013793103448275862,4,success,success
S2020-228,0000833444,JCI,Johnson Controls,0000833444-20-000048,2020,2020-11-16,1.0.3,0.3.0,2,0.0425531914893617,0,0.0,0,0.0,0,0.0,0,0.0,47,success,0,0,0.0,0.0,,0.0,0.0,2,success,success
S2020-229,0000319201,KLAC,KLA Corporation,0000319201-20-000047,2020,2020-08-07,1.0.3,0.3.0,0,0.0,0,0.0,0,0.0,0,0.0,0,0.0,189,success,5,0,0.026455026455026454,0.0,1.0,0.026455026455026454,0.026455026455026454,5,success,success
S2020-230,0000091576,KEY,KeyCorp,0000091576-21-000044,2020,2021-02-22,1.0.3,0.3.0,,,,,,,,,,,0,warning_denominator_zero,,,,,,,,,warning_denominator_zero,warning_denominator_zero
S2020-231,0001601046,KEYS,Keysight Technologies,0001601046-20-000154,2020,2020-12-17,1.0.3,0.3.0,0,0.0,0,0.0,0,0.0,0,0.0,0,0.0,250,success,9,1,0.036,0.004,0.8,0.04,0.032,10,success,success
S2020-232,0000055785,KMB,Kimberly-Clark,0000055785-21-000016,2020,2021-02-11,1.0.3,0.3.0,,,,,,,,,,,0,warning_denominator_zero,,,,,,,,,warning_denominator_zero,warning_denominator_zero
S2020-233,0000879101,KIM,Kimco Realty,0001437749-21-003766,2020,2021-02-23,1.0.3,0.3.0,,,,,,,,,,,0,warning_denominator_zero,,,,,,,,,warning_denominator_zero,warning_denominator_zero
S2020-234,0001506307,KMI,Kinder Morgan,0001506307-21-000022,2020,2021-02-05,1.0.3,0.3.0,,,,,,,,,,,0,warning_denominator_zero,,,,,,,,,warning_denominator_zero,warning_denominator_zero
S2020-235,0001637459,KHC,Kraft Heinz,0001637459-21-000009,2020,2021-02-17,1.0.3,0.3.0,,,,,,,,,,,0,warning_denominator_zero,,,,,,,,,warning_denominator_zero,warning_denominator_zero
S2020-236,0000056873,KR,Kroger,0001558370-20-003501,2020,2020-04-01,1.0.3,0.3.0,,,,,,,,,,,0,warning_denominator_zero,,,,,,,,,warning_denominator_zero,warning_denominator_zero
S2020-237,0001065696,LKQ,LKQ Corporation,0001065696-21-000010,2020,2021-02-26,1.0.3,0.3.0,0,0.0,0,0.0,0,0.0,0,0.0,0,0.0,31,success,0,1,0.0,0.03225806451612903,-1.0,0.03225806451612903,-0.03225806451612903,1,success,success
S2020-238,0000920148,LH,Labcorp,0000920148-21-000018,2020,2021-02-25,1.0.3,0.3.0,2,0.015748031496062992,0,0.0,0,0.0,2,0.015748031496062992,0,0.0,127,success,6,0,0.047244094488188976,0.0,1.0,0.047244094488188976,0.047244094488188976,10,success,success
S2020-239,0000707549,LRCX,Lam Research,0000707549-20-000138,2020,2020-08-18,1.0.3,0.3.0,2,0.019417475728155338,0,0.0,1,0.009708737864077669,0,0.0,0,0.0,103,success,2,1,0.019417475728155338,0.009708737864077669,0.3333333333333333,0.02912621359223301,0.009708737864077669,5,success,success
S2020-240,0001679273,LW,Lamb Weston,0001558370-20-008501,2020,2020-07-28,1.0.3,0.3.0,,,,,,,,,,,0,warning_denominator_zero,,,,,,,,,warning_denominator_zero,warning_denominator_zero
S2020-241,0001300514,LVS,Las Vegas Sands,0001300514-21-000033,2020,2021-02-05,1.0.3,0.3.0,,,,,,,,,,,0,warning_denominator_zero,,,,,,,,,warning_denominator_zero,warning_denominator_zero
S2020-242,0000058492,LEG,Leggett & Platt,0000058492-21-000005,2020,2021-02-24,1.0.3,0.3.0,,,,,,,,,,,0,warning_denominator_zero,,,,,,,,,warning_denominator_zero,warning_denominator_zero
S2020-243,0001336920,LDOS,Leidos,0001336920-20-000023,2020,2020-02-18,1.0.3,0.3.0,,,,,,,,,,,0,warning_denominator_zero,,,,,,,,,warning_denominator_zero,warning_denominator_zero
S2020-244,0000920760,LEN,Lennar,0001628280-21-000722,2020,2021-01-22,1.0.3,0.3.0,,,,,,,,,,,0,warning_denominator_zero,,,,,,,,,warning_denominator_zero,warning_denominator_zero
S2020-245,0000059478,LLY,Lilly (Eli),0000059478-21-000083,2020,2021-02-17,1.0.3,0.3.0,,,,,,,,,,,0,warning_denominator_zero,,,,,,,,,warning_denominator_zero,warning_denominator_zero
S2020-246,0000059558,LNC,Lincoln National Corporation,0000059558-21-000011,2020,2021-02-18,1.0.3,0.3.0,0,0.0,0,0.0,0,0.0,0,0.0,0,0.0,37,success,0,0,0.0,0.0,,0.0,0.0,0,success,success
S2020-247,0001707925,LIN,Linde plc,0001628280-21-003574,2020,2021-03-01,1.0.3,0.3.0,,,,,,,,,,,0,warning_denominator_zero,,,,,,,,,warning_denominator_zero,warning_denominator_zero
S2020-248,0001335258,LYV,Live Nation Entertainment,0001335258-21-000009,2020,2021-03-01,1.0.3,0.3.0,,,,,,,,,,,0,warning_denominator_zero,,,,,,,,,warning_denominator_zero,warning_denominator_zero
S2020-249,0000936468,LMT,Lockheed Martin,0000936468-21-000013,2020,2021-01-28,1.0.3,0.3.0,0,0.0,0,0.0,0,0.0,0,0.0,0,0.0,40,success,2,0,0.05,0.0,1.0,0.05,0.05,2,success,success
S2020-250,0000060086,L,Loews Corporation,0001140361-21-003906,2020,2021-02-09,1.0.3,0.3.0,,,,,,,,,,,0,warning_denominator_zero,,,,,,,,,warning_denominator_zero,warning_denominator_zero
S2020-251,0000060667,LOW,Lowe's,0000060667-20-000036,2020,2020-03-23,1.0.3,0.3.0,,,,,,,,,,,0,warning_denominator_zero,,,,,,,,,warning_denominator_zero,warning_denominator_zero
S2020-252,0000018926,LUMN,Lumen Technologies,0000018926-21-000017,2020,2021-02-25,1.0.3,0.3.0,,,,,,,,,,,0,warning_denominator_zero,,,,,,,,,warning_denominator_zero,warning_denominator_zero
S2020-253,0001489393,LYB,LyondellBasell,0001489393-21-000007,2020,2021-02-25,1.0.3,0.3.0,,,,,,,,,,,0,warning_denominator_zero,,,,,,,,,warning_denominator_zero,warning_denominator_zero
S2020-254,0000036270,MTB,M&T Bank,0001564590-21-007188,2020,2021-02-22,1.0.3,0.3.0,,,,,,,,,,,0,warning_denominator_zero,,,,,,,,,warning_denominator_zero,warning_denominator_zero
S2020-255,0000789570,MGM,MGM Resorts,0001564590-21-009205,2020,2021-02-26,1.0.3,0.3.0,,,,,,,,,,,0,warning_denominator_zero,,,,,,,,,warning_denominator_zero,warning_denominator_zero
S2020-256,0001408198,MSCI,MSCI Inc.,0001564590-21-005811,2020,2021-02-12,1.0.3,0.3.0,,,,,,,,,,,0,warning_denominator_zero,,,,,,,,,warning_denominator_zero,warning_denominator_zero
S2020-257,0001510295,MPC,Marathon Petroleum,0001510295-21-000027,2020,2021-02-26,1.0.3,0.3.0,,,,,,,,,,,0,warning_denominator_zero,,,,,,,,,warning_denominator_zero,warning_denominator_zero
S2020-258,0001278021,MKTX,MarketAxess,0001564590-21-006981,2020,2021-02-19,1.0.3,0.3.0,0,0.0,0,0.0,0,0.0,1,0.017857142857142856,0,0.0,56,success,2,0,0.03571428571428571,0.0,1.0,0.03571428571428571,0.03571428571428571,2,success,success
S2020-259,0001048286,MAR,Marriott International,0001628280-21-002433,2020,2021-02-18,1.0.3,0.3.0,,,,,,,,,,,0,warning_denominator_zero,,,,,,,,,warning_denominator_zero,warning_denominator_zero
S2020-260,0000062709,MMC,Marsh & McLennan,0000062709-21-000008,2020,2021-02-17,1.0.3,0.3.0,1,0.010309278350515464,1,0.010309278350515464,0,0.0,0,0.0,0,0.0,97,success,3,8,0.030927835051546393,0.08247422680412371,-0.45454545454545453,0.1134020618556701,-0.05154639175257732,12,success,success
S2020-261,0000916076,MLM,Martin Marietta Materials,0001564590-21-006959,2020,2021-02-19,1.0.3,0.3.0,,,,,,,,,,,0,warning_denominator_zero,,,,,,,,,warning_denominator_zero,warning_denominator_zero
S2020-262,0000062996,MAS,Masco,0000062996-21-000008,2020,2021-02-09,1.0.3,0.3.0,,,,,,,,,,,0,warning_denominator_zero,,,,,,,,,warning_denominator_zero,warning_denominator_zero
S2020-263,0001141391,MA,Mastercard,0001141391-21-000018,2020,2021-02-12,1.0.3,0.3.0,4,0.01509433962264151,10,0.03773584905660377,3,0.011320754716981131,0,0.0,1,0.0037735849056603774,265,success,2,6,0.007547169811320755,0.022641509433962263,-0.5,0.03018867924528302,-0.01509433962264151,22,success,success
S2020-264,0000063754,MKC,McCormick & Company,0000063754-21-000020,2020,2021-01-28,1.0.3,0.3.0,,,,,,,,,,,0,warning_denominator_zero,,,,,,,,,warning_denominator_zero,warning_denominator_zero
S2020-265,0000063908,MCD,McDonald's,0000063908-21-000013,2020,2021-02-23,1.0.3,0.3.0,,,,,,,,,,,0,warning_denominator_zero,,,,,,,,,warning_denominator_zero,warning_denominator_zero
S2020-266,0000927653,MCK,McKesson Corporation,0000927653-20-000033,2020,2020-05-22,1.0.3,0.3.0,,,,,,,,,,,0,warning_denominator_zero,,,,,,,,,warning_denominator_zero,warning_denominator_zero
S2020-267,0001613103,MDT,Medtronic,0001613103-20-000021,2020,2020-06-19,1.0.3,0.3.0,0,0.0,0,0.0,0,0.0,0,0.0,0,0.0,35,success,0,0,0.0,0.0,,0.0,0.0,0,success,success
S2020-268,0000310158,MRK,Merck & Co.,0000310158-21-000004,2020,2021-02-25,1.0.3,0.3.0,,,,,,,,,,,0,warning_denominator_zero,,,,,,,,,warning_denominator_zero,warning_denominator_zero
S2020-269,0001099219,MET,MetLife,0001099219-21-000050,2020,2021-02-19,1.0.3,0.3.0,,,,,,,,,,,0,warning_denominator_zero,,,,,,,,,warning_denominator_zero,warning_denominator_zero
S2020-270,0001037646,MTD,Mettler Toledo,0001037646-21-000008,2020,2021-02-08,1.0.3,0.3.0,,,,,,,,,,,0,warning_denominator_zero,,,,,,,,,warning_denominator_zero,warning_denominator_zero
S2020-271,0000827054,MCHP,Microchip Technology,0000827054-20-000119,2020,2020-05-22,1.0.3,0.3.0,,,,,,,,,,,0,warning_denominator_zero,,,,,,,,,warning_denominator_zero,warning_denominator_zero
S2020-272,0000723125,MU,Micron Technology,0000723125-20-000082,2020,2020-10-19,1.0.3,0.3.0,0,0.0,0,0.0,0,0.0,0,0.0,3,0.0084985835694051,353,success,8,2,0.0226628895184136,0.0056657223796034,0.6,0.028328611898016998,0.0169971671388102,13,success,success
S2020-273,0000789019,MSFT,Microsoft,0001564590-20-034944,2020,2020-07-30,1.0.3,0.3.0,10,0.017857142857142856,3,0.005357142857142857,8,0.014285714285714285,0,0.0,4,0.007142857142857143,560,success,13,16,0.023214285714285715,0.02857142857142857,-0.10344827586206896,0.05178571428571429,-0.005357142857142857,45,success,success
S2020-274,0000912595,MAA,Mid-America Apartment Communities,0001564590-21-006666,2020,2021-02-18,1.0.3,0.3.0,,,,,,,,,,,0,warning_denominator_zero,,,,,,,,,warning_denominator_zero,warning_denominator_zero
S2020-275,0000851968,MHK,Mohawk Industries,0000851968-21-000019,2020,2021-02-24,1.0.3,0.3.0,,,,,,,,,,,0,warning_denominator_zero,,,,,,,,,warning_denominator_zero,warning_denominator_zero
S2020-276,0000024545,TAP,Molson Coors Beverage Company,0000024545-21-000004,2020,2021-02-11,1.0.3,0.3.0,,,,,,,,,,,0,warning_denominator_zero,,,,,,,,,warning_denominator_zero,warning_denominator_zero
S2020-277,0001103982,MDLZ,Mondelez International,0001103982-21-000004,2020,2021-02-05,1.0.3,0.3.0,,,,,,,,,,,0,warning_denominator_zero,,,,,,,,,warning_denominator_zero,warning_denominator_zero
S2020-278,0000865752,MNST,Monster Beverage,0001104659-21-029943,2020,2021-03-01,1.0.3,0.3.0,,,,,,,,,,,0,warning_denominator_zero,,,,,,,,,warning_denominator_zero,warning_denominator_zero
S2020-279,0001059556,MCO,Moody's Corporation,0001059556-21-000010,2020,2021-02-22,1.0.3,0.3.0,,,,,,,,,,,0,warning_denominator_zero,,,,,,,,,warning_denominator_zero,warning_denominator_zero
S2020-280,0000895421,MS,Morgan Stanley,0000895421-21-000286,2020,2021-02-26,1.0.3,0.3.0,,,,,,,,,,,0,warning_denominator_zero,,,,,,,,,warning_denominator_zero,warning_denominator_zero
S2020-281,0001285785,MOS,Mosaic Company (The),0001618034-21-000003,2020,2021-02-22,1.0.3,0.3.0,,,,,,,,,,,0,warning_denominator_zero,,,,,,,,,warning_denominator_zero,warning_denominator_zero
S2020-282,0000068505,MSI,Motorola Solutions,0000068505-21-000008,2020,2021-02-12,1.0.3,0.3.0,13,0.02529182879377432,10,0.019455252918287938,11,0.021400778210116732,1,0.0019455252918287938,2,0.0038910505836575876,514,success,5,16,0.009727626459143969,0.0311284046692607,-0.5238095238095238,0.04085603112840467,-0.021400778210116732,47,success,success
S2020-283,0001013871,NRG,NRG Energy,0001013871-21-000005,2020,2021-03-01,1.0.3,0.3.0,,,,,,,,,,,0,warning_denominator_zero,,,,,,,,,warning_denominator_zero,warning_denominator_zero
S2020-284,0000906163,NVR,"NVR, Inc.",0000906163-21-000017,2020,2021-02-12,1.0.3,0.3.0,,,,,,,,,,,0,warning_denominator_zero,,,,,,,,,warning_denominator_zero,warning_denominator_zero
S2020-285,0001120193,NDAQ,"Nasdaq, Inc.",0001120193-21-000011,2020,2021-02-23,1.0.3,0.3.0,0,0.0,1,0.03571428571428571,0,0.0,0,0.0,0,0.0,28,success,1,0,0.03571428571428571,0.0,1.0,0.03571428571428571,0.03571428571428571,2,success,success
S2020-286,0001002047,NTAP,NetApp,0001564590-20-029349,2020,2020-06-15,1.0.3,0.3.0,3,0.03614457831325301,0,0.0,0,0.0,0,0.0,2,0.024096385542168676,83,success,2,1,0.024096385542168676,0.012048192771084338,0.3333333333333333,0.03614457831325301,0.012048192771084338,6,success,success
S2020-287,0001065280,NFLX,Netflix,0001065280-21-000040,2020,2021-01-28,1.0.3,0.3.0,,,,,,,,,,,0,warning_denominator_zero,,,,,,,,,warning_denominator_zero,warning_denominator_zero
S2020-288,0000814453,NWL,Newell Brands,0000814453-21-000050,2020,2021-02-19,1.0.3,0.3.0,,,,,,,,,,,0,warning_denominator_zero,,,,,,,,,warning_denominator_zero,warning_denominator_zero
S2020-289,0001164727,NEM,Newmont,0001164727-21-000027,2020,2021-02-18,1.0.3,0.3.0,,,,,,,,,,,0,warning_denominator_zero,,,,,,,,,warning_denominator_zero,warning_denominator_zero
S2020-290,0001564708,NWSA|NWS,News Corp (Class A)|News Corp (Class B),0001564708-20-000022,2020,2020-08-11,1.0.3,0.3.0,,,,,,,,,,,0,warning_denominator_zero,,,,,,,,,warning_denominator_zero,warning_denominator_zero
S2020-291,0000753308,NEE,NextEra Energy,0000753308-21-000014,2020,2021-02-12,1.0.3,0.3.0,,,,,,,,,,,0,warning_denominator_zero,,,,,,,,,warning_denominator_zero,warning_denominator_zero
S2020-292,0001111711,NI,NiSource,0001111711-21-000010,2020,2021-02-17,1.0.3,0.3.0,,,,,,,,,,,0,warning_denominator_zero,,,,,,,,,warning_denominator_zero,warning_denominator_zero
S2020-293,0000320187,NKE,"Nike, Inc.",0000320187-20-000047,2020,2020-07-24,1.0.3,0.3.0,,,,,,,,,,,0,warning_denominator_zero,,,,,,,,,warning_denominator_zero,warning_denominator_zero
S2020-294,0000702165,NSC,Norfolk Southern,0000702165-21-000006,2020,2021-02-04,1.0.3,0.3.0,,,,,,,,,,,0,warning_denominator_zero,,,,,,,,,warning_denominator_zero,warning_denominator_zero
S2020-295,0000073124,NTRS,Northern Trust,0000073124-21-000071,2020,2021-02-23,1.0.3,0.3.0,0,0.0,0,0.0,0,0.0,0,0.0,1,0.016666666666666666,60,success,2,0,0.03333333333333333,0.0,1.0,0.03333333333333333,0.03333333333333333,3,success,success
S2020-296,0001133421,NOC,Northrop Grumman,0001133421-21-000006,2020,2021-01-28,1.0.3,0.3.0,,,,,,,,,,,0,warning_denominator_zero,,,,,,,,,warning_denominator_zero,warning_denominator_zero
S2020-297,0000849399,NLOK,NortonLifeLock,0000849399-20-000004,2020,2020-05-28,1.0.3,0.3.0,,,,,,,,,,,0,warning_denominator_zero,,,,,,,,,warning_denominator_zero,warning_denominator_zero
S2020-298,0001513761,NCLH,Norwegian Cruise Line Holdings,0001558370-21-001998,2020,2021-02-26,1.0.3,0.3.0,,,,,,,,,,,0,warning_denominator_zero,,,,,,,,,warning_denominator_zero,warning_denominator_zero
S2020-299,0001021860,NOV,Nov,0001564590-21-005708,2020,2021-02-12,1.0.3,0.3.0,0,0.0,0,0.0,0,0.0,0,0.0,0,0.0,31,success,1,0,0.03225806451612903,0.0,1.0,0.03225806451612903,0.03225806451612903,1,success,success
S2020-300,0000073309,NUE,Nucor,0001564590-21-009503,2020,2021-02-26,1.0.3,0.3.0,,,,,,,,,,,0,warning_denominator_zero,,,,,,,,,warning_denominator_zero,warning_denominator_zero
S2020-301,0001045810,NVDA,Nvidia,0001045810-20-000010,2020,2020-02-20,1.0.3,0.3.0,1,0.0005995203836930455,0,0.0,0,0.0,2,0.001199040767386091,2,0.001199040767386091,1668,success,29,3,0.01738609112709832,0.0017985611510791368,0.8125,0.019184652278177457,0.015587529976019185,37,success,success
S2020-302,0000797468,OXY,Occidental Petroleum,0000797468-21-000009,2020,2021-02-26,1.0.3,0.3.0,,,,,,,,,,,0,warning_denominator_zero,,,,,,,,,warning_denominator_zero,warning_denominator_zero
S2020-303,0000878927,ODFL,Old Dominion,0001564590-21-008056,2020,2021-02-24,1.0.3,0.3.0,,,,,,,,,,,0,warning_denominator_zero,,,,,,,,,warning_denominator_zero,warning_denominator_zero
S2020-304,0000029989,OMC,Omnicom Group,0000029989-21-000004,2020,2021-02-18,1.0.3,0.3.0,,,,,,,,,,,0,warning_denominator_zero,,,,,,,,,warning_denominator_zero,warning_denominator_zero
S2020-305,0001039684,OKE,Oneok,0001039684-21-000015,2020,2021-02-23,1.0.3,0.3.0,,,,,,,,,,,0,warning_denominator_zero,,,,,,,,,warning_denominator_zero,warning_denominator_zero
S2020-306,0001341439,ORCL,Oracle Corporation,0001564590-20-030125,2020,2020-06-22,1.0.3,0.3.0,2,0.011494252873563218,0,0.0,1,0.005747126436781609,0,0.0,1,0.005747126436781609,174,success,3,2,0.017241379310344827,0.011494252873563218,0.2,0.028735632183908046,0.005747126436781609,8,success,success
S2020-307,0001781335,OTIS,Otis Worldwide,0001781335-21-000023,2020,2021-02-05,1.0.3,0.3.0,,,,,,,,,,,0,warning_denominator_zero,,,,,,,,,warning_denominator_zero,warning_denominator_zero
S2020-308,0000898173,ORLY,O’Reilly Automotive,0000898173-21-000012,2020,2021-02-26,1.0.3,0.3.0,,,,,,,,,,,0,warning_denominator_zero,,,,,,,,,warning_denominator_zero,warning_denominator_zero
S2020-309,0000713676,PNC,PNC Financial Services,0000713676-21-000025,2020,2021-02-26,1.0.3,0.3.0,1,0.017543859649122806,0,0.0,0,0.0,0,0.0,0,0.0,57,success,1,1,0.017543859649122806,0.017543859649122806,0.0,0.03508771929824561,0.0,3,success,success
S2020-310,0000079879,PPG,PPG Industries,0000079879-21-000008,2020,2021-02-18,1.0.3,0.3.0,,,,,,,,,,,0,warning_denominator_zero,,,,,,,,,warning_denominator_zero,warning_denominator_zero
S2020-311,0000922224,PPL,PPL Corporation,0000922224-21-000006,2020,2021-02-18,1.0.3,0.3.0,,,,,,,,,,,0,warning_denominator_zero,,,,,,,,,warning_denominator_zero,warning_denominator_zero
S2020-312,0000078239,PVH,PVH,0000078239-20-000023,2020,2020-04-01,1.0.3,0.3.0,,,,,,,,,,,0,warning_denominator_zero,,,,,,,,,warning_denominator_zero,warning_denominator_zero
S2020-313,0000075362,PCAR,Paccar,0001564590-21-006370,2020,2021-02-17,1.0.3,0.3.0,,,,,,,,,,,0,warning_denominator_zero,,,,,,,,,warning_denominator_zero,warning_denominator_zero
S2020-314,0000075677,PKG,Packaging Corporation of America,0001564590-21-008051,2020,2021-02-24,1.0.3,0.3.0,,,,,,,,,,,0,warning_denominator_zero,,,,,,,,,warning_denominator_zero,warning_denominator_zero
S2020-315,0000076334,PH,Parker Hannifin,0000076334-20-000099,2020,2020-08-26,1.0.3,0.3.0,,,,,,,,,,,0,warning_denominator_zero,,,,,,,,,warning_denominator_zero,warning_denominator_zero
S2020-316,0001633917,PYPL,PayPal,0001633917-21-000018,2020,2021-02-05,1.0.3,0.3.0,1,0.009259259259259259,2,0.018518518518518517,0,0.0,0,0.0,1,0.009259259259259259,108,success,2,1,0.018518518518518517,0.009259259259259259,0.3333333333333333,0.027777777777777776,0.009259259259259259,7,success,success
S2020-317,0000723531,PAYX,Paychex,0000723531-20-000048,2020,2020-07-17,1.0.3,0.3.0,2,0.02631578947368421,0,0.0,1,0.013157894736842105,0,0.0,0,0.0,76,success,3,1,0.039473684210526314,0.013157894736842105,0.5,0.05263157894736842,0.02631578947368421,6,success,success
S2020-318,0001590955,PAYC,Paycom,0001564590-21-006660,2020,2021-02-18,1.0.3,0.3.0,1,0.05263157894736842,0,0.0,0,0.0,0,0.0,0,0.0,19,success,1,1,0.05263157894736842,0.05263157894736842,0.0,0.10526315789473684,0.0,3,success,success
S2020-319,0000077360,PNR,Pentair,0000077360-21-000005,2020,2021-02-16,1.0.3,0.3.0,,,,,,,,,,,0,warning_denominator_zero,,,,,,,,,warning_denominator_zero,warning_denominator_zero
S2020-320,0000077476,PEP,PepsiCo,0000077476-21-000007,2020,2021-02-11,1.0.3,0.3.0,,,,,,,,,,,0,warning_denominator_zero,,,,,,,,,warning_denominator_zero,warning_denominator_zero
S2020-321,0001585364,PRGO,Perrigo,0001585364-21-000012,2020,2021-03-01,1.0.3,0.3.0,,,,,,,,,,,0,warning_denominator_zero,,,,,,,,,warning_denominator_zero,warning_denominator_zero
S2020-322,0000078003,PFE,Pfizer,0000078003-21-000038,2020,2021-02-25,1.0.3,0.3.0,,,,,,,,,,,0,warning_denominator_zero,,,,,,,,,warning_denominator_zero,warning_denominator_zero
S2020-323,0001413329,PM,Philip Morris International,0001413329-21-000007,2020,2021-02-09,1.0.3,0.3.0,,,,,,,,,,,0,warning_denominator_zero,,,,,,,,,warning_denominator_zero,warning_denominator_zero
S2020-324,0001534701,PSX,Phillips 66,0001534701-21-000074,2020,2021-02-24,1.0.3,0.3.0,,,,,,,,,,,0,warning_denominator_zero,,,,,,,,,warning_denominator_zero,warning_denominator_zero
S2020-325,0000764622,PNW,Pinnacle West Capital,0000764622-21-000013,2020,2021-02-24,1.0.3,0.3.0,,,,,,,,,,,0,warning_denominator_zero,,,,,,,,,warning_denominator_zero,warning_denominator_zero
S2020-326,0000945841,POOL,Pool Corporation,0000945841-21-000022,2020,2021-02-25,1.0.3,0.3.0,,,,,,,,,,,0,warning_denominator_zero,,,,,,,,,warning_denominator_zero,warning_denominator_zero
S2020-327,0001126328,PFG,Principal Financial Group,0001104659-21-022074,2020,2021-02-12,1.0.3,0.3.0,,,,,,,,,,,0,warning_denominator_zero,,,,,,,,,warning_denominator_zero,warning_denominator_zero
S2020-328,0000080424,PG,Procter & Gamble,0000080424-20-000053,2020,2020-08-06,1.0.3,0.3.0,,,,,,,,,,,0,warning_denominator_zero,,,,,,,,,warning_denominator_zero,warning_denominator_zero
S2020-329,0000080661,PGR,Progressive Corporation,0000080661-21-000014,2020,2021-03-01,1.0.3,0.3.0,,,,,,,,,,,0,warning_denominator_zero,,,,,,,,,warning_denominator_zero,warning_denominator_zero
S2020-330,0001045609,PLD,Prologis,0001564590-21-005312,2020,2021-02-11,1.0.3,0.3.0,,,,,,,,,,,0,warning_denominator_zero,,,,,,,,,warning_denominator_zero,warning_denominator_zero
S2020-331,0001137774,PRU,Prudential Financial,0001137774-21-000049,2020,2021-02-19,1.0.3,0.3.0,,,,,,,,,,,0,warning_denominator_zero,,,,,,,,,warning_denominator_zero,warning_denominator_zero
S2020-332,0000788784,PEG,Public Service Enterprise Group,0000788784-21-000007,2020,2021-03-01,1.0.3,0.3.0,,,,,,,,,,,0,warning_denominator_zero,,,,,,,,,warning_denominator_zero,warning_denominator_zero
S2020-333,0001393311,PSA,Public Storage,0001562762-21-000058,2020,2021-02-24,1.0.3,0.3.0,,,,,,,,,,,0,warning_denominator_zero,,,,,,,,,warning_denominator_zero,warning_denominator_zero
S2020-334,0000822416,PHM,PulteGroup,0000822416-21-000007,2020,2021-02-02,1.0.3,0.3.0,,,,,,,,,,,0,warning_denominator_zero,,,,,,,,,warning_denominator_zero,warning_denominator_zero
S2020-335,0001604778,QRVO,Qorvo,0001604778-20-000030,2020,2020-05-20,1.0.3,0.3.0,,,,,,,,,,,0,warning_denominator_zero,,,,,,,,,warning_denominator_zero,warning_denominator_zero
S2020-336,0000804328,QCOM,Qualcomm,0001728949-20-000067,2020,2020-11-04,1.0.3,0.3.0,2,0.0045871559633027525,0,0.0,1,0.0022935779816513763,1,0.0022935779816513763,0,0.0,436,success,2,1,0.0045871559633027525,0.0022935779816513763,0.3333333333333333,0.006880733944954129,0.0022935779816513763,6,success,success
S2020-337,0001050915,PWR,Quanta Services,0001050915-21-000009,2020,2021-03-01,1.0.3,0.3.0,,,,,,,,,,,0,warning_denominator_zero,,,,,,,,,warning_denominator_zero,warning_denominator_zero
S2020-338,0001022079,DGX,Quest Diagnostics,0001022079-21-000029,2020,2021-02-22,1.0.3,0.3.0,3,0.0375,0,0.0,3,0.0375,0,0.0,0,0.0,80,success,0,1,0.0,0.0125,-1.0,0.0125,-0.0125,4,success,success
S2020-339,0000101829,RTX,RTX Corporation,0000101829-21-000008,2020,2021-02-08,1.0.3,0.3.0,,,,,,,,,,,0,warning_denominator_zero,,,,,,,,,warning_denominator_zero,warning_denominator_zero
S2020-340,0001037038,RL,Ralph Lauren Corporation,0001037038-20-000014,2020,2020-05-27,1.0.3,0.3.0,,,,,,,,,,,0,warning_denominator_zero,,,,,,,,,warning_denominator_zero,warning_denominator_zero
S2020-341,0000720005,RJF,Raymond James Financial,0000720005-20-000063,2020,2020-11-24,1.0.3,0.3.0,,,,,,,,,,,0,warning_denominator_zero,,,,,,,,,warning_denominator_zero,warning_denominator_zero
S2020-342,0000726728,O,Realty Income,0000726728-21-000043,2020,2021-02-23,1.0.3,0.3.0,,,,,,,,,,,0,warning_denominator_zero,,,,,,,,,warning_denominator_zero,warning_denominator_zero
S2020-343,0000910606,REG,Regency Centers,0001564590-21-006390,2020,2021-02-17,1.0.3,0.3.0,,,,,,,,,,,0,warning_denominator_zero,,,,,,,,,warning_denominator_zero,warning_denominator_zero
S2020-344,0000872589,REGN,Regeneron Pharmaceuticals,0001804220-21-000008,2020,2021-02-08,1.0.3,0.3.0,,,,,,,,,,,0,warning_denominator_zero,,,,,,,,,warning_denominator_zero,warning_denominator_zero
S2020-345,0001281761,RF,Regions Financial Corporation,0001281761-21-000012,2020,2021-02-24,1.0.3,0.3.0,,,,,,,,,,,0,warning_denominator_zero,,,,,,,,,warning_denominator_zero,warning_denominator_zero
S2020-346,0001060391,RSG,Republic Services,0001060391-21-000014,2020,2021-02-23,1.0.3,0.3.0,,,,,,,,,,,0,warning_denominator_zero,,,,,,,,,warning_denominator_zero,warning_denominator_zero
S2020-347,0000943819,RMD,ResMed,0000943819-20-000013,2020,2020-08-13,1.0.3,0.3.0,,,,,,,,,,,0,warning_denominator_zero,,,,,,,,,warning_denominator_zero,warning_denominator_zero
S2020-348,0000315213,RHI,Robert Half,0000315213-21-000025,2020,2021-02-12,1.0.3,0.3.0,0,0.0,0,0.0,0,0.0,0,0.0,0,0.0,47,success,1,0,0.02127659574468085,0.0,1.0,0.02127659574468085,0.02127659574468085,1,success,success
S2020-349,0001024478,ROK,Rockwell Automation,0001024478-20-000038,2020,2020-11-10,1.0.3,0.3.0,,,,,,,,,,,0,warning_denominator_zero,,,,,,,,,warning_denominator_zero,warning_denominator_zero
S2020-350,0000084839,ROL,"Rollins, Inc.",0001171200-21-000076,2020,2021-02-26,1.0.3,0.3.0,,,,,,,,,,,0,warning_denominator_zero,,,,,,,,,warning_denominator_zero,warning_denominator_zero
S2020-351,0000882835,ROP,Roper Technologies,0000882835-21-000011,2020,2021-02-22,1.0.3,0.3.0,,,,,,,,,,,0,warning_denominator_zero,,,,,,,,,warning_denominator_zero,warning_denominator_zero
S2020-352,0000745732,ROST,Ross Stores,0000745732-20-000016,2020,2020-03-31,1.0.3,0.3.0,,,,,,,,,,,0,warning_denominator_zero,,,,,,,,,warning_denominator_zero,warning_denominator_zero
S2020-353,0000884887,RCL,Royal Caribbean Group,0000884887-21-000006,2020,2021-02-26,1.0.3,0.3.0,0,0.0,0,0.0,0,0.0,0,0.0,0,0.0,60,success,4,0,0.06666666666666667,0.0,1.0,0.06666666666666667,0.06666666666666667,4,success,success
S2020-354,0000064040,SPGI,S&P Global,0000064040-21-000063,2020,2021-02-09,1.0.3,0.3.0,0,0.0,0,0.0,0,0.0,0,0.0,0,0.0,58,success,2,0,0.034482758620689655,0.0,1.0,0.034482758620689655,0.034482758620689655,2,success,success
S2020-355,0001034054,SBAC,SBA Communications,0001034054-21-000003,2020,2021-02-25,1.0.3,0.3.0,,,,,,,,,,,0,warning_denominator_zero,,,,,,,,,warning_denominator_zero,warning_denominator_zero
S2020-356,0001040971,SLG,SL Green Realty,0001040971-21-000007,2020,2021-02-26,1.0.3,0.3.0,,,,,,,,,,,0,warning_denominator_zero,,,,,,,,,warning_denominator_zero,warning_denominator_zero
S2020-357,0001108524,CRM,Salesforce,0001108524-20-000014,2020,2020-03-05,1.0.3,0.3.0,9,0.024793388429752067,2,0.005509641873278237,7,0.01928374655647383,0,0.0,2,0.005509641873278237,363,success,6,12,0.01652892561983471,0.03305785123966942,-0.3333333333333333,0.049586776859504134,-0.01652892561983471,30,success,success
S2020-358,0000087347,SLB,Schlumberger,0001564590-21-002477,2020,2021-01-27,1.0.3,0.3.0,1,0.04,0,0.0,1,0.04,0,0.0,0,0.0,25,success,0,0,0.0,0.0,,0.0,0.0,1,success,success
S2020-359,0001137789,STX,Seagate Technology,0001137789-20-000057,2020,2020-08-07,1.0.3,0.3.0,1,0.008064516129032258,0,0.0,0,0.0,1,0.008064516129032258,0,0.0,124,success,1,1,0.008064516129032258,0.008064516129032258,0.0,0.016129032258064516,0.0,4,success,success
S2020-360,0001032208,SRE,Sempra,0001032208-21-000007,2020,2021-02-25,1.0.3,0.3.0,,,,,,,,,,,0,warning_denominator_zero,,,,,,,,,warning_denominator_zero,warning_denominator_zero
S2020-361,0001373715,NOW,ServiceNow,0001373715-21-000061,2020,2021-02-12,1.0.3,0.3.0,7,0.01545253863134658,3,0.006622516556291391,3,0.006622516556291391,0,0.0,2,0.004415011037527594,453,success,9,0,0.019867549668874173,0.0,1.0,0.019867549668874173,0.019867549668874173,21,success,success
S2020-362,0000089800,SHW,Sherwin-Williams,0000089800-21-000010,2020,2021-02-19,1.0.3,0.3.0,,,,,,,,,,,0,warning_denominator_zero,,,,,,,,,warning_denominator_zero,warning_denominator_zero
S2020-363,0001063761,SPG,Simon Property Group,0001558370-21-001700,2020,2021-02-25,1.0.3,0.3.0,,,,,,,,,,,0,warning_denominator_zero,,,,,,,,,warning_denominator_zero,warning_denominator_zero
S2020-364,0000004127,SWKS,Skyworks Solutions,0000004127-20-000058,2020,2020-11-17,1.0.3,0.3.0,,,,,,,,,,,0,warning_denominator_zero,,,,,,,,,warning_denominator_zero,warning_denominator_zero
S2020-365,0000092122,SO,Southern Company,0000092122-21-000006,2020,2021-02-18,1.0.3,0.3.0,,,,,,,,,,,0,warning_denominator_zero,,,,,,,,,warning_denominator_zero,warning_denominator_zero
S2020-366,0000092380,LUV,Southwest Airlines,0000092380-21-000033,2020,2021-02-08,1.0.3,0.3.0,,,,,,,,,,,0,warning_denominator_zero,,,,,,,,,warning_denominator_zero,warning_denominator_zero
S2020-367,0000829224,SBUX,Starbucks,0000829224-20-000078,2020,2020-11-12,1.0.3,0.3.0,,,,,,,,,,,0,warning_denominator_zero,,,,,,,,,warning_denominator_zero,warning_denominator_zero
S2020-368,0000093751,STT,State Street Corporation,0000093751-21-000476,2020,2021-02-19,1.0.3,0.3.0,1,0.041666666666666664,1,0.041666666666666664,0,0.0,1,0.041666666666666664,1,0.041666666666666664,24,success,0,0,0.0,0.0,,0.0,0.0,4,success,success
S2020-369,0001757898,STE,Steris,0001757898-20-000012,2020,2020-05-29,1.0.3,0.3.0,,,,,,,,,,,0,warning_denominator_zero,,,,,,,,,warning_denominator_zero,warning_denominator_zero
S2020-370,0000310764,SYK,Stryker Corporation,0000310764-21-000027,2020,2021-02-11,1.0.3,0.3.0,,,,,,,,,,,0,warning_denominator_zero,,,,,,,,,warning_denominator_zero,warning_denominator_zero
S2020-371,0001601712,SYF,Synchrony Financial,0001601712-21-000057,2020,2021-02-11,1.0.3,0.3.0,0,0.0,0,0.0,0,0.0,0,0.0,0,0.0,28,success,0,0,0.0,0.0,,0.0,0.0,0,success,success
S2020-372,0000883241,SNPS,Synopsys,0000883241-20-000015,2020,2020-12-15,1.0.3,0.3.0,1,0.007246376811594203,0,0.0,0,0.0,0,0.0,0,0.0,138,success,2,2,0.014492753623188406,0.014492753623188406,0.0,0.028985507246376812,0.0,5,success,success
S2020-373,0000096021,SYY,Sysco,0000096021-20-000100,2020,2020-08-26,1.0.3,0.3.0,,,,,,,,,,,0,warning_denominator_zero,,,,,,,,,warning_denominator_zero,warning_denominator_zero
S2020-374,0001283699,TMUS,T-Mobile US,0001283699-21-000039,2020,2021-02-23,1.0.3,0.3.0,,,,,,,,,,,0,warning_denominator_zero,,,,,,,,,warning_denominator_zero,warning_denominator_zero
S2020-375,0001113169,TROW,T. Rowe Price,0001113169-21-000006,2020,2021-02-11,1.0.3,0.3.0,,,,,,,,,,,0,warning_denominator_zero,,,,,,,,,warning_denominator_zero,warning_denominator_zero
S2020-376,0001385157,TEL,TE Connectivity,0001558370-20-013511,2020,2020-11-10,1.0.3,0.3.0,,,,,,,,,,,0,warning_denominator_zero,,,,,,,,,warning_denominator_zero,warning_denominator_zero
S2020-377,0000109198,TJX,TJX Companies,0000109198-20-000004,2020,2020-03-27,1.0.3,0.3.0,,,,,,,,,,,0,warning_denominator_zero,,,,,,,,,warning_denominator_zero,warning_denominator_zero
S2020-378,0000946581,TTWO,Take-Two Interactive,0001628280-20-008291,2020,2020-05-22,1.0.3,0.3.0,,,,,,,,,,,0,warning_denominator_zero,,,,,,,,,warning_denominator_zero,warning_denominator_zero
S2020-379,0001116132,TPR,"Tapestry, Inc.",0001116132-20-000022,2020,2020-08-13,1.0.3,0.3.0,,,,,,,,,,,0,warning_denominator_zero,,,,,,,,,warning_denominator_zero,warning_denominator_zero
S2020-380,0000027419,TGT,Target Corporation,0000027419-20-000008,2020,2020-03-11,1.0.3,0.3.0,,,,,,,,,,,0,warning_denominator_zero,,,,,,,,,warning_denominator_zero,warning_denominator_zero
S2020-381,0001681459,FTI,TechnipFMC,0001681459-21-000043,2020,2021-03-05,1.0.3,0.3.0,0,0.0,0,0.0,0,0.0,0,0.0,0,0.0,35,success,1,0,0.02857142857142857,0.0,1.0,0.02857142857142857,0.02857142857142857,1,success,success
S2020-382,0000096943,TFX,Teleflex,0000096943-21-000013,2020,2021-02-25,1.0.3,0.3.0,,,,,,,,,,,0,warning_denominator_zero,,,,,,,,,warning_denominator_zero,warning_denominator_zero
S2020-383,0000097210,TER,Teradyne,0001193125-21-050735,2020,2021-02-22,1.0.3,0.3.0,,,,,,,,,,,0,warning_denominator_zero,,,,,,,,,warning_denominator_zero,warning_denominator_zero
S2020-384,0001318605,TSLA,"Tesla, Inc.",0001564590-21-004599,2020,2021-02-08,1.0.3,0.3.0,1,0.010869565217391304,0,0.0,0,0.0,0,0.0,0,0.0,92,success,4,0,0.043478260869565216,0.0,1.0,0.043478260869565216,0.043478260869565216,5,success,success
S2020-385,0000097476,TXN,Texas Instruments,0000097476-21-000006,2020,2021-02-05,1.0.3,0.3.0,,,,,,,,,,,0,warning_denominator_zero,,,,,,,,,warning_denominator_zero,warning_denominator_zero
S2020-386,0000217346,TXT,Textron,0001104659-20-024773,2020,2020-02-25,1.0.3,0.3.0,,,,,,,,,,,0,warning_denominator_zero,,,,,,,,,warning_denominator_zero,warning_denominator_zero
S2020-387,0000097745,TMO,Thermo Fisher Scientific,0000097745-21-000011,2020,2021-02-25,1.0.3,0.3.0,,,,,,,,,,,0,warning_denominator_zero,,,,,,,,,warning_denominator_zero,warning_denominator_zero
S2020-388,0000916365,TSCO,Tractor Supply,0000916365-21-000052,2020,2021-02-18,1.0.3,0.3.0,0,0.0,0,0.0,0,0.0,1,0.043478260869565216,0,0.0,23,success,1,0,0.043478260869565216,0.0,1.0,0.043478260869565216,0.043478260869565216,2,success,success
S2020-389,0001466258,TT,Trane Technologies,0001466258-21-000027,2020,2021-02-09,1.0.3,0.3.0,,,,,,,,,,,0,warning_denominator_zero,,,,,,,,,warning_denominator_zero,warning_denominator_zero
S2020-390,0001260221,TDG,TransDigm Group,0001260221-20-000099,2020,2020-11-12,1.0.3,0.3.0,,,,,,,,,,,0,warning_denominator_zero,,,,,,,,,warning_denominator_zero,warning_denominator_zero
S2020-391,0000086312,TRV,Travelers Companies (The),0000086312-21-000011,2020,2021-02-11,1.0.3,0.3.0,1,0.014925373134328358,0,0.0,1,0.014925373134328358,0,0.0,0,0.0,67,success,0,1,0.0,0.014925373134328358,-1.0,0.014925373134328358,-0.014925373134328358,2,success,success
S2020-392,0000092230,TFC,Truist Financial,0000092230-21-000032,2020,2021-02-24,1.0.3,0.3.0,,,,,,,,,,,0,warning_denominator_zero,,,,,,,,,warning_denominator_zero,warning_denominator_zero
S2020-393,0000860731,TYL,Tyler Technologies,0000860731-21-000014,2020,2021-02-19,1.0.3,0.3.0,,,,,,,,,,,0,warning_denominator_zero,,,,,,,,,warning_denominator_zero,warning_denominator_zero
S2020-394,0000100493,TSN,Tyson Foods,0000100493-20-000132,2020,2020-11-16,1.0.3,0.3.0,12,0.023076923076923078,14,0.026923076923076925,2,0.0038461538461538464,0,0.0,2,0.0038461538461538464,520,success,3,16,0.0057692307692307696,0.03076923076923077,-0.6842105263157895,0.03653846153846154,-0.025,41,success,success
S2020-395,0000036104,USB,U.S. Bancorp,0001193125-21-052547,2020,2021-02-23,1.0.3,0.3.0,,,,,,,,,,,0,warning_denominator_zero,,,,,,,,,warning_denominator_zero,warning_denominator_zero
S2020-396,0000074208,UDR,"UDR, Inc.",0000074208-21-000025,2020,2021-02-18,1.0.3,0.3.0,,,,,,,,,,,0,warning_denominator_zero,,,,,,,,,warning_denominator_zero,warning_denominator_zero
S2020-397,0001403568,ULTA,Ulta Beauty,0001558370-20-003272,2020,2020-03-27,1.0.3,0.3.0,0,0.0,0,0.0,0,0.0,0,0.0,0,0.0,70,success,1,0,0.014285714285714285,0.0,1.0,0.014285714285714285,0.014285714285714285,1,success,success
S2020-398,0001336917,UAA|UA,Under Armour (Class A)|Under Armour (Class C),0001336917-21-000009,2020,2021-02-24,1.0.3,0.3.0,,,,,,,,,,,0,warning_denominator_zero,,,,,,,,,warning_denominator_zero,warning_denominator_zero
S2020-399,0000100885,UNP,Union Pacific Corporation,0000100885-21-000068,2020,2021-02-05,1.0.3,0.3.0,,,,,,,,,,,0,warning_denominator_zero,,,,,,,,,warning_denominator_zero,warning_denominator_zero
S2020-400,0000100517,UAL,United Airlines Holdings,0000100517-21-000016,2020,2021-03-01,1.0.3,0.3.0,,,,,,,,,,,0,warning_denominator_zero,,,,,,,,,warning_denominator_zero,warning_denominator_zero
S2020-401,0001090727,UPS,United Parcel Service,0001090727-21-000013,2020,2021-02-22,1.0.3,0.3.0,,,,,,,,,,,0,warning_denominator_zero,,,,,,,,,warning_denominator_zero,warning_denominator_zero
S2020-402,0001067701,URI,United Rentals,0001067701-21-000008,2020,2021-01-27,1.0.3,0.3.0,,,,,,,,,,,0,warning_denominator_zero,,,,,,,,,warning_denominator_zero,warning_denominator_zero
S2020-403,0000731766,UNH,UnitedHealth Group,0000731766-21-000013,2020,2021-03-01,1.0.3,0.3.0,,,,,,,,,,,0,warning_denominator_zero,,,,,,,,,warning_denominator_zero,warning_denominator_zero
S2020-404,0000352915,UHS,Universal Health Services,0001564590-21-008851,2020,2021-02-25,1.0.3,0.3.0,,,,,,,,,,,0,warning_denominator_zero,,,,,,,,,warning_denominator_zero,warning_denominator_zero
S2020-405,0000005513,UNM,Unum,0000005513-21-000015,2020,2021-02-17,1.0.3,0.3.0,0,0.0,0,0.0,0,0.0,0,0.0,0,0.0,18,success,0,0,0.0,0.0,,0.0,0.0,0,success,success
S2020-406,0000103379,VFC,VF Corporation,0000103379-20-000006,2020,2020-05-27,1.0.3,0.3.0,,,,,,,,,,,0,warning_denominator_zero,,,,,,,,,warning_denominator_zero,warning_denominator_zero
S2020-407,0001035002,VLO,Valero Energy,0001035002-21-000051,2020,2021-02-23,1.0.3,0.3.0,,,,,,,,,,,0,warning_denominator_zero,,,,,,,,,warning_denominator_zero,warning_denominator_zero
S2020-408,0000740260,VTR,Ventas,0000740260-21-000048,2020,2021-02-23,1.0.3,0.3.0,,,,,,,,,,,0,warning_denominator_zero,,,,,,,,,warning_denominator_zero,warning_denominator_zero
S2020-409,0001014473,VRSN,Verisign,0001014473-21-000005,2020,2021-02-19,1.0.3,0.3.0,,,,,,,,,,,0,warning_denominator_zero,,,,,,,,,warning_denominator_zero,warning_denominator_zero
S2020-410,0001442145,VRSK,Verisk Analytics,0001437749-21-003789,2020,2021-02-23,1.0.3,0.3.0,1,0.007246376811594203,2,0.014492753623188406,0,0.0,0,0.0,0,0.0,138,success,1,2,0.007246376811594203,0.014492753623188406,-0.3333333333333333,0.021739130434782608,-0.007246376811594203,4,success,success
S2020-411,0000732712,VZ,Verizon,0000732712-21-000012,2020,2021-02-25,1.0.3,0.3.0,,,,,,,,,,,0,warning_denominator_zero,,,,,,,,,warning_denominator_zero,warning_denominator_zero
S2020-412,0000875320,VRTX,Vertex Pharmaceuticals,0000875320-21-000006,2020,2021-02-11,1.0.3,0.3.0,,,,,,,,,,,0,warning_denominator_zero,,,,,,,,,warning_denominator_zero,warning_denominator_zero
S2020-413,0000813828,VIAC,ViacomCBS,0000813828-21-000005,2020,2021-02-24,1.0.3,0.3.0,,,,,,,,,,,0,warning_denominator_zero,,,,,,,,,warning_denominator_zero,warning_denominator_zero
S2020-414,0001792044,VTRS,Viatris,0001792044-21-000009,2020,2021-03-01,1.0.3,0.3.0,,,,,,,,,,,0,warning_denominator_zero,,,,,,,,,warning_denominator_zero,warning_denominator_zero
S2020-415,0001403161,V,Visa Inc.,0001403161-20-000070,2020,2020-11-19,1.0.3,0.3.0,6,0.05714285714285714,1,0.009523809523809525,1,0.009523809523809525,0,0.0,2,0.01904761904761905,105,success,1,4,0.009523809523809525,0.0380952380952381,-0.6,0.047619047619047616,-0.02857142857142857,14,success,success
S2020-416,0001786842,VNT,Vontier,0001786842-21-000013,2020,2021-02-25,1.0.3,0.3.0,,,,,,,,,,,0,warning_denominator_zero,,,,,,,,,warning_denominator_zero,warning_denominator_zero
S2020-417,0000899689,VNO,Vornado Realty Trust,0000899689-21-000009,2020,2021-02-16,1.0.3,0.3.0,,,,,,,,,,,0,warning_denominator_zero,,,,,,,,,warning_denominator_zero,warning_denominator_zero
S2020-418,0001396009,VMC,Vulcan Materials Company,0001396009-21-000009,2020,2021-02-25,1.0.3,0.3.0,,,,,,,,,,,0,warning_denominator_zero,,,,,,,,,warning_denominator_zero,warning_denominator_zero
S2020-419,0000011544,WRB,W. R. Berkley Corporation,0000011544-21-000013,2020,2021-02-18,1.0.3,0.3.0,,,,,,,,,,,0,warning_denominator_zero,,,,,,,,,warning_denominator_zero,warning_denominator_zero
S2020-420,0000277135,GWW,W. W. Grainger,0000277135-21-000007,2020,2021-02-24,1.0.3,0.3.0,,,,,,,,,,,0,warning_denominator_zero,,,,,,,,,warning_denominator_zero,warning_denominator_zero
S2020-421,0000783325,WEC,WEC Energy Group,0000107815-21-000079,2020,2021-02-25,1.0.3,0.3.0,,,,,,,,,,,0,warning_denominator_zero,,,,,,,,,warning_denominator_zero,warning_denominator_zero
S2020-422,0000943452,WAB,Wabtec,0001628280-21-002557,2020,2021-02-19,1.0.3,0.3.0,1,0.03333333333333333,0,0.0,0,0.0,0,0.0,0,0.0,30,success,2,0,0.06666666666666667,0.0,1.0,0.06666666666666667,0.06666666666666667,3,success,success
S2020-423,0000104169,WMT,Walmart,0000104169-20-000011,2020,2020-03-20,1.0.3,0.3.0,,,,,,,,,,,0,warning_denominator_zero,,,,,,,,,warning_denominator_zero,warning_denominator_zero
S2020-424,0001744489,DIS,Walt Disney Company (The),0001744489-20-000197,2020,2020-11-25,1.0.3,0.3.0,,,,,,,,,,,0,warning_denominator_zero,,,,,,,,,warning_denominator_zero,warning_denominator_zero
S2020-425,0000823768,WM,Waste Management,0001558370-21-001348,2020,2021-02-22,1.0.3,0.3.0,,,,,,,,,,,0,warning_denominator_zero,,,,,,,,,warning_denominator_zero,warning_denominator_zero
S2020-426,0001000697,WAT,Waters Corporation,0001193125-21-054385,2020,2021-02-24,1.0.3,0.3.0,,,,,,,,,,,0,warning_denominator_zero,,,,,,,,,warning_denominator_zero,warning_denominator_zero
S2020-427,0000072971,WFC,Wells Fargo,0000072971-21-000197,2020,2021-02-23,1.0.3,0.3.0,,,,,,,,,,,0,warning_denominator_zero,,,,,,,,,warning_denominator_zero,warning_denominator_zero
S2020-428,0000766704,WELL,Welltower,0000766704-21-000018,2020,2021-02-10,1.0.3,0.3.0,,,,,,,,,,,0,warning_denominator_zero,,,,,,,,,warning_denominator_zero,warning_denominator_zero
S2020-429,0000105770,WST,West Pharmaceutical Services,0000105770-21-000008,2020,2021-02-23,1.0.3,0.3.0,,,,,,,,,,,0,warning_denominator_zero,,,,,,,,,warning_denominator_zero,warning_denominator_zero
S2020-430,0001732845,WRK,WestRock,0001564590-20-054816,2020,2020-11-23,1.0.3,0.3.0,,,,,,,,,,,0,warning_denominator_zero,,,,,,,,,warning_denominator_zero,warning_denominator_zero
S2020-431,0000106040,WDC,Western Digital,0000106040-20-000049,2020,2020-08-28,1.0.3,0.3.0,,,,,,,,,,,0,warning_denominator_zero,,,,,,,,,warning_denominator_zero,warning_denominator_zero
S2020-432,0001365135,WU,Western Union,0001558370-21-001284,2020,2021-02-19,1.0.3,0.3.0,0,0.0,0,0.0,0,0.0,0,0.0,0,0.0,35,success,1,0,0.02857142857142857,0.0,1.0,0.02857142857142857,0.02857142857142857,1,success,success
S2020-433,0000106535,WY,Weyerhaeuser,0001564590-21-006960,2020,2021-02-19,1.0.3,0.3.0,,,,,,,,,,,0,warning_denominator_zero,,,,,,,,,warning_denominator_zero,warning_denominator_zero
S2020-434,0000106640,WHR,Whirlpool Corporation,0000106640-21-000022,2020,2021-02-11,1.0.3,0.3.0,,,,,,,,,,,0,warning_denominator_zero,,,,,,,,,warning_denominator_zero,warning_denominator_zero
S2020-435,0000107263,WMB,Williams Companies,0000107263-21-000006,2020,2021-02-24,1.0.3,0.3.0,,,,,,,,,,,0,warning_denominator_zero,,,,,,,,,warning_denominator_zero,warning_denominator_zero
S2020-436,0001174922,WYNN,Wynn Resorts,0001174922-21-000029,2020,2021-02-26,1.0.3,0.3.0,,,,,,,,,,,0,warning_denominator_zero,,,,,,,,,warning_denominator_zero,warning_denominator_zero
S2020-437,0000072903,XEL,Xcel Energy,0000072903-21-000012,2020,2021-02-17,1.0.3,0.3.0,,,,,,,,,,,0,warning_denominator_zero,,,,,,,,,warning_denominator_zero,warning_denominator_zero
S2020-438,0001770450,XRX,Xerox,0001770450-21-000013,2020,2021-02-25,1.0.3,0.3.0,0,0.0,0,0.0,0,0.0,3,0.007481296758104738,1,0.0024937655860349127,401,success,8,3,0.0199501246882793,0.007481296758104738,0.45454545454545453,0.02743142144638404,0.012468827930174564,15,success,success
S2020-439,0001524472,XYL,Xylem Inc.,0001524472-21-000008,2020,2021-02-26,1.0.3,0.3.0,,,,,,,,,,,0,warning_denominator_zero,,,,,,,,,warning_denominator_zero,warning_denominator_zero
S2020-440,0001041061,YUM,Yum! Brands,0001041061-21-000012,2020,2021-02-22,1.0.3,0.3.0,,,,,,,,,,,0,warning_denominator_zero,,,,,,,,,warning_denominator_zero,warning_denominator_zero
S2020-441,0000877212,ZBRA,Zebra Technologies,0000877212-21-000008,2020,2021-02-11,1.0.3,0.3.0,0,0.0,0,0.0,0,0.0,1,0.005235602094240838,0,0.0,191,success,4,0,0.020942408376963352,0.0,1.0,0.020942408376963352,0.020942408376963352,5,success,success
S2020-442,0001136869,ZBH,Zimmer Biomet,0001564590-21-007163,2020,2021-02-22,1.0.3,0.3.0,2,0.024390243902439025,0,0.0,1,0.012195121951219513,2,0.024390243902439025,1,0.012195121951219513,82,success,1,0,0.012195121951219513,0.0,1.0,0.012195121951219513,0.012195121951219513,6,success,success
S2020-443,0000109380,ZION,Zions Bancorporation,0000109380-21-000082,2020,2021-02-25,1.0.3,0.3.0,,,,,,,,,,,0,warning_denominator_zero,,,,,,,,,warning_denominator_zero,warning_denominator_zero
S2020-444,0001555280,ZTS,Zoetis,0001555280-21-000098,2020,2021-02-16,1.0.3,0.3.0,0,0.0,0,0.0,0,0.0,0,0.0,0,0.0,38,success,0,0,0.0,0.0,,0.0,0.0,0,success,success
S2020-445,0001065088,EBAY,eBay Inc.,0001065088-21-000006,2020,2021-02-04,1.0.3,0.3.0,1,0.011764705882352941,0,0.0,0,0.0,0,0.0,0,0.0,85,success,2,0,0.023529411764705882,0.0,1.0,0.023529411764705882,0.023529411764705882,3,success,success
