company_id,cik,ticker,company_name,accession_number,report_year,filing_date,ai_disclosure_binary,ai_term_count,ai_terms_per_1000_words,ai_sentence_count,ai_sentence_ratio,total_analysis_word_count,total_analysis_sentence_count,ai_detection_status
S2020-001,0000066740,MMM,3M,0001558370-21-000737,2020,2021-02-04,1,3,0.03179919866019376,3,0.0006827492034592626,94342,4394,success
S2020-002,0000091142,AOS,A. O. Smith,0000091142-21-000025,2020,2021-02-12,0,0,0.0,0,0.0,26738,1535,success
S2020-003,0000874761,AES,AES Corporation,0000874761-21-000015,2020,2021-02-25,0,0,0.0,0,0.0,100462,4800,success
S2020-004,0000732717,T,AT&T,0000732717-21-000012,2020,2021-02-25,0,0,0.0,0,0.0,56052,3016,success
S2020-005,0001551152,ABBV,AbbVie,0001551152-21-000008,2020,2021-02-19,0,0,0.0,0,0.0,48413,2592,success
S2020-006,0000001800,ABT,Abbott Laboratories,0001104659-21-025751,2020,2021-02-19,0,0,0.0,0,0.0,37825,2188,success
S2020-007,0001467373,ACN,Accenture,0001467373-20-000376,2020,2020-10-22,1,6,0.15669069257286117,6,0.0030472320975114273,38292,1969,success
S2020-008,0000796343,ADBE,Adobe Inc.,0000796343-21-000004,2020,2021-01-15,1,49,0.8519072290413435,33,0.012035010940919038,57518,2742,success
S2020-009,0000002488,AMD,Advanced Micro Devices,0001628280-21-001185,2020,2021-01-29,1,15,0.30604125436108787,13,0.0058664259927797835,49013,2216,success
S2020-010,0000004977,AFL,Aflac,0000004977-21-000047,2020,2021-02-23,0,0,0.0,0,0.0,77912,4151,success
S2020-011,0001090872,A,Agilent Technologies,0001090872-20-000020,2020,2020-12-18,1,3,0.05016722408026756,2,0.000691085003455425,59800,2894,success
S2020-012,0000002969,APD,Air Products,0000002969-20-000049,2020,2020-11-19,0,0,0.0,0,0.0,50003,2621,success
S2020-013,0001086222,AKAM,Akamai Technologies,0001086222-21-000075,2020,2021-02-26,0,0,0.0,0,0.0,44420,2020,success
S2020-014,0000766421,ALK,Alaska Air Group,0000766421-21-000018,2020,2021-02-26,0,0,0.0,0,0.0,43817,2251,success
S2020-015,0000915913,ALB,Albemarle Corporation,0000915913-21-000018,2020,2021-02-19,0,0,0.0,0,0.0,62845,2894,success
S2020-016,0001035443,ARE,Alexandria Real Estate Equities,0001035443-21-000044,2020,2021-02-01,0,0,0.0,0,0.0,99569,4249,success
S2020-017,0001097149,ALGN,Align Technology,0001097149-21-000007,2020,2021-02-26,0,0,0.0,0,0.0,54698,2397,success
S2020-018,0001579241,ALLE,Allegion,0001579241-21-000020,2020,2021-02-16,0,0,0.0,0,0.0,43439,2113,success
S2020-019,0000352541,LNT,Alliant Energy,0000352541-21-000022,2020,2021-02-19,0,0,0.0,0,0.0,50591,2582,success
S2020-020,0000899051,ALL,Allstate,0000899051-21-000011,2020,2021-02-22,0,0,0.0,0,0.0,122251,6003,success
S2020-021,0001652044,GOOGL|GOOG,Alphabet Inc. (Class A)|Alphabet Inc. (Class C),0001652044-21-000010,2020,2021-02-03,1,17,0.38216846885326977,14,0.006183745583038869,44483,2264,success
S2020-022,0000764180,MO,Altria,0000764180-21-000037,2020,2021-02-26,0,0,0.0,0,0.0,70880,3180,success
S2020-023,0001018724,AMZN,Amazon,0001018724-21-000004,2020,2021-02-03,1,7,0.2208271554307707,5,0.003107520198881293,31699,1609,success
S2020-024,0001748790,AMCR,Amcor,0001748790-20-000025,2020,2020-08-27,0,0,0.0,0,0.0,43794,2087,success
S2020-025,0001002910,AEE,Ameren,0001002910-21-000065,2020,2021-02-22,0,0,0.0,0,0.0,81751,3783,success
S2020-026,0000006201,AAL,American Airlines Group,0000006201-21-000014,2020,2021-02-17,0,0,0.0,0,0.0,106653,4681,success
S2020-027,0000004904,AEP,American Electric Power,0000004904-21-000010,2020,2021-02-25,0,0,0.0,0,0.0,123640,7402,success
S2020-028,0000004962,AXP,American Express,0000004962-21-000013,2020,2021-02-12,1,11,0.15331651497623594,7,0.0022920759659463,71747,3054,success
S2020-029,0000005272,AIG,American International Group,0001104659-21-025742,2020,2021-02-19,0,0,0.0,0,0.0,173060,8054,success
S2020-030,0001053507,AMT,American Tower,0001053507-21-000026,2020,2021-02-25,0,0,0.0,0,0.0,65009,2798,success
S2020-031,0001410636,AWK,American Water Works,0001410636-21-000101,2020,2021-02-24,1,1,0.013683634373289545,1,0.000315059861373661,73080,3174,success
S2020-032,0000820027,AMP,Ameriprise Financial,0000820027-21-000012,2020,2021-02-24,0,0,0.0,0,0.0,92897,4231,success
S2020-033,0001140859,ABC,AmerisourceBergen,0001140859-20-000050,2020,2020-11-19,0,0,0.0,0,0.0,50019,2157,success
S2020-034,0001037868,AME,Ametek,0001037868-21-000007,2020,2021-02-18,0,0,0.0,0,0.0,32387,1805,success
S2020-035,0000318154,AMGN,Amgen,0000318154-21-000010,2020,2021-02-09,0,0,0.0,0,0.0,76876,3536,success
S2020-036,0000820313,APH,Amphenol,0001558370-21-000881,2020,2021-02-10,0,0,0.0,0,0.0,60363,2582,success
S2020-037,0000006281,ADI,Analog Devices,0000006281-20-000156,2020,2020-11-24,0,0,0.0,0,0.0,49764,2377,success
S2020-038,0001156039,ANTM,Anthem,0001156039-21-000012,2020,2021-02-18,0,0,0.0,0,0.0,79592,3557,success
S2020-039,0000315293,AON,Aon plc,0001628280-21-002574,2020,2021-02-19,0,0,0.0,0,0.0,53293,2512,success
S2020-040,0000320193,AAPL,Apple Inc.,0000320193-20-000096,2020,2020-10-30,0,0,0.0,0,0.0,30294,1496,success
S2020-041,0000006951,AMAT,Applied Materials,0000006951-20-000048,2020,2020-12-11,1,2,0.04924895345973898,2,0.0010075566750629723,40610,1985,success
S2020-042,0001521332,APTV,Aptiv,0001521332-21-000009,2020,2021-02-08,1,2,0.0299356383774884,2,0.000667334000667334,66810,2997,success
S2020-043,0000007084,ADM,Archer Daniels Midland,0000007084-21-000008,2020,2021-02-18,0,0,0.0,0,0.0,47488,2461,success
S2020-044,0001596532,ANET,Arista Networks,0001596532-21-000049,2020,2021-02-19,1,10,0.18067826621135744,8,0.003296250515039143,55347,2427,success
S2020-045,0000354190,AJG,Arthur J. Gallagher & Co.,0001564590-21-004555,2020,2021-02-08,1,4,0.07068261737732148,3,0.0010779734099892202,56591,2783,success
S2020-046,0001267238,AIZ,Assurant,0001267238-21-000010,2020,2021-02-19,0,0,0.0,0,0.0,90877,4040,success
S2020-047,0000731802,ATO,Atmos Energy,0000731802-20-000040,2020,2020-11-13,0,0,0.0,0,0.0,32007,1848,success
S2020-048,0000866787,AZO,AutoZone,0001558370-20-011748,2020,2020-10-26,0,0,0.0,0,0.0,43600,2109,success
S2020-049,0000769397,ADSK,Autodesk,0000769397-20-000013,2020,2020-03-19,0,0,0.0,0,0.0,49656,2569,success
S2020-050,0000008670,ADP,Automatic Data Processing,0000008670-20-000032,2020,2020-08-05,1,4,0.10537963011749829,3,0.001651073197578426,37958,1817,success
S2020-051,0000915912,AVB,AvalonBay Communities,0000915912-21-000004,2020,2021-02-25,0,0,0.0,0,0.0,47851,2201,success
S2020-052,0001037540,BXP,"BXP, Inc.",0001656423-21-000006,2020,2021-02-26,0,0,0.0,0,0.0,90937,3828,success
S2020-053,0001701605,BKR,Baker Hughes,0001701605-21-000026,2020,2021-02-25,1,45,0.9069106592232814,26,0.0101364522417154,49619,2565,success
S2020-054,0000009389,BLL,Ball Corporation,0001558370-21-001121,2020,2021-02-17,0,0,0.0,0,0.0,52988,2626,success
S2020-055,0000070858,BAC,Bank of America,0000070858-21-000023,2020,2021-02-24,1,4,0.031145856043853365,3,0.0005249343832020997,128428,5715,success
S2020-056,0001390777,BK,Bank of New York Mellon,0001390777-21-000037,2020,2021-02-25,0,0,0.0,0,0.0,5915,621,success
S2020-057,0000010456,BAX,Baxter International,0001628280-21-001867,2020,2021-02-11,0,0,0.0,0,0.0,52241,2517,success
S2020-058,0000010795,BDX,Becton Dickinson,0000010795-20-000055,2020,2020-11-25,0,0,0.0,0,0.0,45173,2404,success
S2020-059,0001067983,BRK-B,Berkshire Hathaway,0001564590-21-009611,2020,2021-03-01,0,0,0.0,0,0.0,57274,3183,success
S2020-060,0000764478,BBY,Best Buy,0000764478-20-000017,2020,2020-03-23,0,0,0.0,0,0.0,37931,1998,success
S2020-061,0000012208,BIO,Bio-Rad Laboratories,0000012208-21-000012,2020,2021-02-16,0,0,0.0,0,0.0,37427,1767,success
S2020-062,0000875045,BIIB,Biogen,0000875045-21-000010,2020,2021-02-03,0,0,0.0,0,0.0,85773,4382,success
S2020-063,0000012927,BA,Boeing,0000012927-21-000011,2020,2021-02-01,0,0,0.0,0,0.0,58387,2834,success
S2020-064,0001075531,BKNG,Booking Holdings,0001075531-21-000019,2020,2021-02-24,1,3,0.03758691975192633,3,0.0009943652635067948,79815,3017,success
S2020-065,0000908255,BWA,BorgWarner,0000908255-21-000008,2020,2021-02-22,0,0,0.0,0,0.0,46598,2295,success
S2020-066,0000885725,BSX,Boston Scientific,0000885725-21-000008,2020,2021-02-23,0,0,0.0,0,0.0,72477,3185,success
S2020-067,0000014272,BMY,Bristol Myers Squibb,0000014272-21-000066,2020,2021-02-10,0,0,0.0,0,0.0,63653,3208,success
S2020-068,0001730168,AVGO,Broadcom,0001730168-20-000226,2020,2020-12-18,1,5,0.0839095119822783,3,0.0010344827586206897,59588,2900,success
S2020-069,0001383312,BR,Broadridge Financial Solutions,0001383312-20-000055,2020,2020-08-11,1,1,0.019922303018228907,1,0.0004246284501061571,50195,2355,success
S2020-070,0000014693,BF-B,Brown–Forman,0000014693-20-000066,2020,2020-06-19,0,0,0.0,0,0.0,31058,1894,success
S2020-071,0001043277,CHRW,C.H. Robinson,0001043277-21-000009,2020,2021-02-19,1,1,0.03139224611520954,1,0.0005640157924421884,31855,1773,success
S2020-072,0001138118,CBRE,CBRE Group,0001138118-21-000012,2020,2021-02-24,0,0,0.0,0,0.0,60759,2604,success
S2020-073,0001402057,CDW,CDW Corporation,0001402057-21-000022,2020,2021-02-26,1,1,0.02667520273154076,1,0.0005254860746190226,37488,1903,success
S2020-074,0001324404,CF,CF Industries,0001324404-21-000008,2020,2021-02-24,0,0,0.0,0,0.0,63436,2973,success
S2020-075,0001156375,CME,CME Group,0001156375-21-000020,2020,2021-02-26,0,0,0.0,0,0.0,46363,2464,success
S2020-076,0000811156,CMS,CMS Energy,0000811156-21-000016,2020,2021-02-11,0,0,0.0,0,0.0,72851,3816,success
S2020-077,0000277948,CSX,CSX Corporation,0000277948-21-000014,2020,2021-02-10,0,0,0.0,0,0.0,34281,2309,success
S2020-078,0000064803,CVS,CVS Health,0000064803-21-000011,2020,2021-02-16,1,2,0.019344979010697774,2,0.0004751722499406035,103386,4209,success
S2020-079,0000858470,COG,Cabot Oil & Gas,0000858470-21-000013,2020,2021-02-26,0,0,0.0,0,0.0,49730,2421,success
S2020-080,0000016732,CPB,Campbell's,0000016732-20-000111,2020,2020-09-24,0,0,0.0,0,0.0,43533,2342,success
S2020-081,0000927628,COF,Capital One,0000927628-21-000094,2020,2021-02-25,1,3,0.03337226764558652,2,0.00043047783039173483,89895,4646,success
S2020-082,0001170010,KMX,CarMax,0001170010-20-000033,2020,2020-04-21,1,1,0.026398458330033524,1,0.00045955882352941176,37881,2176,success
S2020-083,0000721371,CAH,Cardinal Health,0000721371-20-000089,2020,2020-08-13,0,0,0.0,0,0.0,50933,2670,success
S2020-084,0000815097,CCL,Carnival Corporation,0000815097-21-000027,2020,2021-01-26,0,0,0.0,0,0.0,52361,2803,success
S2020-085,0001783180,CARR,Carrier Global,0001783180-21-000011,2020,2021-02-09,1,2,0.03636363636363636,1,0.00041649312786339027,55000,2401,success
S2020-086,0000018230,CAT,Caterpillar Inc.,0000018230-21-000063,2020,2021-02-17,0,0,0.0,0,0.0,50119,2632,success
S2020-087,0001374310,CBOE,Cboe Global Markets,0001558370-21-001286,2020,2021-02-19,0,0,0.0,0,0.0,77929,3761,success
S2020-088,0001306830,CE,Celanese,0001306830-21-000020,2020,2021-02-11,0,0,0.0,0,0.0,45951,2452,success
S2020-089,0001071739,CNC,Centene Corporation,0001071739-21-000039,2020,2021-02-22,1,4,0.066057833633346,3,0.001064207165661582,60553,2819,success
S2020-090,0001130310,CNP,CenterPoint Energy,0001130310-21-000009,2020,2021-02-25,0,0,0.0,0,0.0,98455,4428,success
S2020-091,0000316709,SCHW,Charles Schwab Corporation,0000316709-21-000012,2020,2021-02-24,0,0,0.0,0,0.0,62317,3468,success
S2020-092,0001091667,CHTR,Charter Communications,0001091667-21-000022,2020,2021-01-29,0,0,0.0,0,0.0,51966,2726,success
S2020-093,0000093410,CVX,Chevron Corporation,0000093410-21-000009,2020,2021-02-25,0,0,0.0,0,0.0,48233,2579,success
S2020-094,0001058090,CMG,Chipotle Mexican Grill,0001058090-21-000010,2020,2021-02-10,0,0,0.0,0,0.0,29495,1426,success
S2020-095,0000896159,CB,Chubb Limited,0000896159-21-000003,2020,2021-02-25,0,0,0.0,0,0.0,86201,4326,success
S2020-096,0000313927,CHD,Church & Dwight,0001564590-21-006669,2020,2021-02-18,0,0,0.0,0,0.0,44644,2224,success
S2020-097,0001739940,CI,Cigna,0001739940-21-000007,2020,2021-02-25,1,2,0.0262422421371682,2,0.0005254860746190226,76213,3806,success
S2020-098,0000020286,CINF,Cincinnati Financial,0000020286-21-000013,2020,2021-02-25,0,0,0.0,0,0.0,71439,3782,success
S2020-099,0000723254,CTAS,Cintas,0000723254-20-000025,2020,2020-07-29,0,0,0.0,0,0.0,31087,1544,success
S2020-100,0000858877,CSCO,Cisco,0000858877-20-000010,2020,2020-09-03,1,5,0.09798157946306095,3,0.001178318931657502,51030,2546,success
S2020-101,0000831001,C,Citigroup,0000831001-21-000042,2020,2021-02-26,1,1,0.005687440992799699,1,0.00012481278082875687,175826,8012,success
S2020-102,0000759944,CFG,Citizens Financial Group,0000759944-21-000034,2020,2021-02-23,1,2,0.02761744317711066,1,0.0002961208172934557,72418,3377,success
S2020-103,0000021076,CLX,Clorox,0000021076-20-000016,2020,2020-08-13,0,0,0.0,0,0.0,20795,849,success
S2020-104,0000021344,KO,Coca-Cola Company (The),0000021344-21-000008,2020,2021-02-25,1,1,0.012282145445166362,1,0.00027917364600781687,81419,3582,success
S2020-105,0001058290,CTSH,Cognizant,0001058290-21-000031,2020,2021-02-12,1,19,0.4513921885393899,16,0.008359456635318705,42092,1914,success
S2020-106,0000021665,CL,Colgate-Palmolive,0000021665-21-000007,2020,2021-02-18,0,0,0.0,0,0.0,46718,2194,success
S2020-107,0001166691,CMCSA,Comcast,0001166691-21-000008,2020,2021-02-04,0,0,0.0,0,0.0,54439,2626,success
S2020-108,0000023217,CAG,Conagra Brands,0001564590-20-033366,2020,2020-07-24,0,0,0.0,0,0.0,52388,2576,success
S2020-109,0001163165,COP,ConocoPhillips,0001562762-21-000027,2020,2021-02-16,0,0,0.0,0,0.0,53063,9226,success
S2020-110,0001047862,ED,Consolidated Edison,0001047862-21-000049,2020,2021-02-18,0,0,0.0,0,0.0,78415,4141,success
S2020-111,0000016918,STZ,Constellation Brands,0000016918-20-000078,2020,2020-04-21,0,0,0.0,0,0.0,45654,3011,success
S2020-112,0000711404,COO,Cooper Companies (The),0000711404-20-000042,2020,2020-12-11,0,0,0.0,0,0.0,50765,2814,success
S2020-113,0000900075,CPRT,Copart,0000900075-20-000021,2020,2020-09-28,1,1,0.020404415515517558,1,0.0004675081813931744,49009,2139,success
S2020-114,0000024741,GLW,Corning Inc.,0001562762-21-000023,2020,2021-02-12,0,0,0.0,0,0.0,46649,2721,success
S2020-115,0001755672,CTVA,Corteva,0001755672-21-000008,2020,2021-02-11,0,0,0.0,0,0.0,83854,4231,success
S2020-116,0000909832,COST,Costco,0000909832-20-000017,2020,2020-10-07,0,0,0.0,0,0.0,27679,1487,success
S2020-117,0001051470,CCI,Crown Castle,0001051470-21-000031,2020,2021-02-22,0,0,0.0,0,0.0,48095,2244,success
S2020-118,0000026172,CMI,Cummins,0000026172-21-000012,2020,2021-02-10,0,0,0.0,0,0.0,50434,2664,success
S2020-119,0000882184,DHI,D. R. Horton,0000882184-20-000143,2020,2020-11-20,0,0,0.0,0,0.0,47761,2535,success
S2020-120,0000936340,DTE,DTE Energy,0000936340-21-000112,2020,2021-02-19,0,0,0.0,0,0.0,65401,3534,success
S2020-121,0001688568,DXC,DXC Technology,0001688568-20-000032,2020,2020-06-01,1,1,0.01792950120127658,1,0.0003486750348675035,55774,2868,success
S2020-122,0000927066,DVA,DaVita,0000927066-21-000008,2020,2021-02-12,1,2,0.02504539477803519,1,0.00032206119162640903,79855,3105,success
S2020-123,0000313616,DHR,Danaher Corporation,0000313616-21-000045,2020,2021-02-25,1,1,0.014365752047119667,1,0.0003694126339120798,69610,2707,success
S2020-124,0000940944,DRI,Darden Restaurants,0000940944-20-000046,2020,2020-07-24,0,0,0.0,0,0.0,43168,2180,success
S2020-125,0000315189,DE,Deere & Company,0001558370-20-014436,2020,2020-12-17,0,0,0.0,0,0.0,66124,3077,success
S2020-126,0000027904,DAL,Delta Air Lines,0000027904-21-000003,2020,2021-02-12,0,0,0.0,0,0.0,61266,3135,success
S2020-127,0000818479,XRAY,Dentsply Sirona,0000818479-21-000007,2020,2021-03-01,0,0,0.0,0,0.0,56667,2610,success
S2020-128,0001090012,DVN,Devon Energy,0001564590-21-006239,2020,2021-02-17,1,1,0.024703557312252964,1,0.0004086636697997548,40480,2447,success
S2020-129,0001093557,DXCM,Dexcom,0001093557-21-000024,2020,2021-02-11,1,2,0.02594673136051686,2,0.00062015503875969,77081,3225,success
S2020-130,0001539838,FANG,Diamondback Energy,0001539838-21-000015,2020,2021-02-25,0,0,0.0,0,0.0,74545,3258,success
S2020-131,0001297996,DLR,Digital Realty,0001558370-21-002191,2020,2021-03-01,1,1,0.01072570092455542,1,0.00020742584526031943,93234,4821,success
S2020-132,0000029534,DG,Dollar General,0001558370-20-002915,2020,2020-03-19,0,0,0.0,0,0.0,38966,1792,success
S2020-133,0000935703,DLTR,Dollar Tree,0000935703-20-000006,2020,2020-03-20,0,0,0.0,0,0.0,31752,1738,success
S2020-134,0000715957,D,Dominion Energy,0001564590-21-008442,2020,2021-02-25,0,0,0.0,0,0.0,92471,5167,success
S2020-135,0000029905,DOV,Dover Corporation,0000029905-21-000010,2020,2021-02-12,1,2,0.04233879503789322,2,0.0008329862557267805,47238,2401,success
S2020-136,0001751788,DOW,Dow Inc.,0001751788-21-000010,2020,2021-02-05,1,3,0.03821802107086895,2,0.0005277044854881266,78497,3790,success
S2020-137,0001666700,DD,DuPont,0001666700-21-000005,2020,2021-02-12,0,0,0.0,0,0.0,68949,3373,success
S2020-138,0001326160,DUK,Duke Energy,0001326160-21-000063,2020,2021-02-25,0,0,0.0,0,0.0,107632,6310,success
S2020-139,0000821189,EOG,EOG Resources,0000821189-21-000017,2020,2021-02-25,0,0,0.0,0,0.0,54009,2455,success
S2020-140,0000915389,EMN,Eastman Chemical Co.,0000915389-21-000016,2020,2021-02-22,0,0,0.0,0,0.0,47461,2302,success
S2020-141,0001551182,ETN,Eaton Corporation,0001551182-21-000022,2020,2021-02-24,0,0,0.0,0,0.0,33101,1801,success
S2020-142,0000031462,ECL,Ecolab,0001558370-21-001916,2020,2021-02-26,1,1,0.016399357145199907,1,0.0003020235578375113,60978,3311,success
S2020-143,0000827052,EIX,Edison International,0000827052-21-000019,2020,2021-02-25,0,0,0.0,0,0.0,78277,3514,success
S2020-144,0001099800,EW,Edwards Lifesciences,0001099800-21-000007,2020,2021-02-12,0,0,0.0,0,0.0,39801,2040,success
S2020-145,0000712515,EA,Electronic Arts,0000712515-20-000019,2020,2020-05-20,0,0,0.0,0,0.0,41755,1848,success
S2020-146,0000032604,EMR,Emerson Electric,0000032604-20-000041,2020,2020-11-16,0,0,0.0,0,0.0,33115,1601,success
S2020-147,0000065984,ETR,Entergy,0000065984-21-000096,2020,2021-02-26,0,0,0.0,0,0.0,211345,10482,success
S2020-148,0000033185,EFX,Equifax,0000033185-21-000025,2020,2021-02-25,1,11,0.17916184829877682,7,0.002396439575487847,61397,2921,success
S2020-149,0001101239,EQIX,Equinix,0001628280-21-002563,2020,2021-02-19,0,0,0.0,0,0.0,69652,3463,success
S2020-150,0000906107,EQR,Equity Residential,0001564590-21-006679,2020,2021-02-18,0,0,0.0,0,0.0,36113,2467,success
S2020-151,0000920522,ESS,Essex Property Trust,0000920522-21-000015,2020,2021-02-19,0,0,0.0,0,0.0,63548,2965,success
S2020-152,0001001250,EL,Estée Lauder Companies (The),0001001250-20-000065,2020,2020-08-28,0,0,0.0,0,0.0,55119,2754,success
S2020-153,0001370637,ETSY,Etsy,0001370637-21-000012,2020,2021-02-26,1,12,0.17199122844734918,11,0.0035358405657344907,69771,3111,success
S2020-154,0001711269,EVRG,Evergy,0001711269-21-000023,2020,2021-02-26,0,0,0.0,0,0.0,58535,3014,success
S2020-155,0000072741,ES,Eversource Energy,0000072741-21-000005,2020,2021-02-17,0,0,0.0,0,0.0,106949,4636,success
S2020-156,0001109357,EXC,Exelon,0001109357-21-000022,2020,2021-02-24,0,0,0.0,0,0.0,126789,7482,success
S2020-157,0001324424,EXPE,Expedia Group,0001324424-21-000015,2020,2021-02-12,1,2,0.0321310948670576,2,0.0007388252678241596,62245,2707,success
S2020-158,0000746515,EXPD,Expeditors International,0001564590-21-006925,2020,2021-02-19,0,0,0.0,0,0.0,30422,1688,success
S2020-159,0001289490,EXR,Extra Space Storage,0001628280-21-003458,2020,2021-02-26,0,0,0.0,0,0.0,36083,1824,success
S2020-160,0000034088,XOM,ExxonMobil,0000034088-21-000012,2020,2021-02-24,0,0,0.0,0,0.0,42318,2323,success
S2020-161,0001048695,FFIV,"F5, Inc.",0001048695-20-000041,2020,2020-11-19,1,5,0.1193545306979853,5,0.0025,41892,2000,success
S2020-162,0000037785,FMC,FMC Corporation,0000037785-21-000024,2020,2021-02-25,1,3,0.05457125186451777,2,0.0007097232079489,54974,2818,success
S2020-163,0001326801,FB,Facebook,0001326801-21-000014,2020,2021-01-28,1,12,0.20569782988789467,12,0.004977187888842804,58338,2411,success
S2020-164,0000815556,FAST,Fastenal,0000815556-21-000008,2020,2021-02-08,0,0,0.0,0,0.0,36232,1812,success
S2020-165,0001048911,FDX,FedEx,0001564590-20-032775,2020,2020-07-20,1,1,0.01681265656786429,1,0.00028392958546280523,59479,3522,success
S2020-166,0000034903,FRT,Federal Realty Investment Trust,0000034903-21-000020,2020,2021-02-11,0,0,0.0,0,0.0,42639,2053,success
S2020-167,0001136893,FIS,Fidelity National Information Services,0001136893-21-000025,2020,2021-02-18,1,5,0.09112945850875755,3,0.0011542901115813775,54867,2599,success
S2020-168,0000035527,FITB,Fifth Third Bancorp,0000035527-21-000100,2020,2021-02-26,0,0,0.0,0,0.0,122719,5676,success
S2020-169,0001031296,FE,FirstEnergy,0001031296-21-000020,2020,2021-02-18,0,0,0.0,0,0.0,82040,3624,success
S2020-170,0000798354,FISV,Fiserv,0000798354-21-000004,2020,2021-02-26,1,1,0.015550406643133717,1,0.00037993920972644377,64307,2632,success
S2020-171,0000030625,FLS,Flowserve,0000030625-21-000034,2020,2021-02-23,1,1,0.01768471686768295,1,0.0003977724741447892,56546,2514,success
S2020-172,0000037996,F,Ford Motor Company,0000037996-21-000012,2020,2021-02-05,1,32,0.46219397703473675,22,0.00582010582010582,69235,3780,success
S2020-173,0001262039,FTNT,Fortinet,0001262039-21-000008,2020,2021-02-19,1,11,0.18731375053214133,6,0.0023612750885478157,58725,2541,success
S2020-174,0001659166,FTV,Fortive,0001659166-21-000062,2020,2021-02-26,0,0,0.0,0,0.0,60094,2537,success
S2020-175,0001754301,FOXA|FOX,Fox Corporation (Class A)|Fox Corporation (Class B),0001564590-20-038975,2020,2020-08-10,0,0,0.0,0,0.0,50316,2374,success
S2020-176,0000038777,BEN,Franklin Resources,0000038777-20-000203,2020,2020-11-23,0,0,0.0,0,0.0,50741,2203,success
S2020-177,0000831259,FCX,Freeport-McMoRan,0000831259-21-000009,2020,2021-02-16,1,1,0.011310170104958378,1,0.00023952095808383233,88416,4175,success
S2020-178,0000040545,GE,GE Aerospace,0000040545-21-000011,2020,2021-02-12,1,2,0.030510594804045704,2,0.000724112961622013,65551,2762,success
S2020-179,0001121788,GRMN,Garmin,0001564590-21-006192,2020,2021-02-17,1,1,0.028894218266924787,1,0.0005546311702717693,34609,1803,success
S2020-180,0000749251,IT,Gartner,0000749251-21-000010,2020,2021-02-24,0,0,0.0,0,0.0,43334,2088,success
S2020-181,0000040533,GD,General Dynamics,0000040533-21-000010,2020,2021-02-09,1,7,0.18654230512991338,5,0.0023775558725630053,37525,2103,success
S2020-182,0000040704,GIS,General Mills,0001193125-20-186469,2020,2020-07-02,0,0,0.0,0,0.0,42188,2267,success
S2020-183,0001467858,GM,General Motors,0001467858-21-000037,2020,2021-02-10,0,0,0.0,0,0.0,51758,2433,success
S2020-184,0000040987,GPC,Genuine Parts Company,0000040987-21-000009,2020,2021-02-19,0,0,0.0,0,0.0,38546,2005,success
S2020-185,0000882095,GILD,Gilead Sciences,0000882095-21-000008,2020,2021-02-25,0,0,0.0,0,0.0,57874,2682,success
S2020-186,0001123360,GPN,Global Payments,0001123360-21-000009,2020,2021-02-19,0,0,0.0,0,0.0,52005,2207,success
S2020-187,0000320335,GL,Globe Life,0000320335-21-000010,2020,2021-02-25,0,0,0.0,0,0.0,41804,2662,success
S2020-188,0000886982,GS,Goldman Sachs,0001193125-21-049380,2020,2021-02-22,0,0,0.0,0,0.0,112053,7315,success
S2020-189,0000860730,HCA,HCA Healthcare,0001193125-21-048994,2020,2021-02-19,0,0,0.0,0,0.0,36815,2633,success
S2020-190,0000047217,HPQ,HP Inc.,0000047217-20-000045,2020,2020-12-10,0,0,0.0,0,0.0,61540,3092,success
S2020-191,0000045012,HAL,Halliburton,0000045012-21-000009,2020,2021-02-05,1,1,0.03150201612903226,1,0.0005509641873278236,31744,1815,success
S2020-192,0000874766,HIG,Hartford (The),0000874766-21-000022,2020,2021-02-19,0,0,0.0,0,0.0,144539,6813,success
S2020-193,0000046080,HAS,Hasbro,0000046080-21-000035,2020,2021-02-24,0,0,0.0,0,0.0,69342,3277,success
S2020-194,0000765880,PEAK,Healthpeak Properties,0001628280-21-001804,2020,2021-02-10,0,0,0.0,0,0.0,74545,3157,success
S2020-195,0001000228,HSIC,Henry Schein,0001000228-21-000019,2020,2021-02-17,0,0,0.0,0,0.0,42621,6551,success
S2020-196,0000047111,HSY,Hershey Company (The),0000047111-21-000007,2020,2021-02-17,0,0,0.0,0,0.0,41729,2370,success
S2020-197,0001645590,HPE,Hewlett Packard Enterprise,0001645590-20-000056,2020,2020-12-10,1,16,0.22223148186730002,13,0.003902731912338637,71997,3331,success
S2020-198,0001585689,HLT,Hilton Worldwide,0001585689-21-000016,2020,2021-02-17,0,0,0.0,0,0.0,60935,2639,success
S2020-199,0000354950,HD,Home Depot (The),0000354950-20-000015,2020,2020-03-25,0,0,0.0,0,0.0,30809,1733,success
S2020-200,0000773840,HON,Honeywell Technologies,0000773840-21-000015,2020,2021-02-12,0,0,0.0,0,0.0,42607,2252,success
S2020-201,0000048465,HRL,Hormel Foods,0000048465-20-000043,2020,2020-12-04,0,0,0.0,0,0.0,31071,1761,success
S2020-202,0001070750,HST,Host Hotels & Resorts,0001564590-21-008676,2020,2021-02-25,0,0,0.0,0,0.0,49870,2813,success
S2020-203,0000004281,HWM,Howmet Aerospace,0000004281-21-000049,2020,2021-02-16,0,0,0.0,0,0.0,59999,2676,success
S2020-204,0000049071,HUM,Humana,0000049071-21-000039,2020,2021-02-18,0,0,0.0,0,0.0,59970,2656,success
S2020-205,0000049196,HBAN,Huntington Bancshares,0000049196-21-000018,2020,2021-02-26,0,0,0.0,0,0.0,74825,3687,success
S2020-206,0001501585,HII,Huntington Ingalls Industries,0001501585-21-000008,2020,2021-02-11,1,1,0.0168245369046217,1,0.00035739814152966406,59437,2798,success
S2020-207,0000051143,IBM,IBM,0001558370-21-001489,2020,2021-02-23,1,10,1.0123506782749545,9,0.016574585635359115,9878,543,success
S2020-208,0000832101,IEX,IDEX Corporation,0000832101-21-000017,2020,2021-02-25,0,0,0.0,0,0.0,39225,1819,success
S2020-209,0001111928,IPGP,IPG Photonics,0001111928-21-000026,2020,2021-02-22,0,0,0.0,0,0.0,43711,2163,success
S2020-210,0001478242,IQV,IQVIA,0001478242-21-000020,2020,2021-02-12,1,1,0.01714001679721646,1,0.0003675119441381845,58343,2721,success
S2020-211,0000874716,IDXX,Idexx Laboratories,0000874716-21-000008,2020,2021-02-12,0,0,0.0,0,0.0,58240,2596,success
S2020-212,0000049826,ITW,Illinois Tool Works,0000049826-21-000007,2020,2021-02-12,0,0,0.0,0,0.0,33110,1794,success
S2020-213,0000879169,INCY,Incyte,0001558370-21-000825,2020,2021-02-09,0,0,0.0,0,0.0,84820,3603,success
S2020-214,0001699150,IR,Ingersoll Rand,0001628280-21-003454,2020,2021-02-26,0,0,0.0,0,0.0,61304,2688,success
S2020-215,0000050863,INTC,Intel,0000050863-21-000010,2020,2021-01-22,1,43,0.8843915180683244,31,0.011155091759625764,48621,2779,success
S2020-216,0001571949,ICE,Intercontinental Exchange,0001571949-21-000003,2020,2021-02-04,1,11,0.13603086664028494,5,0.0013877324451845685,80864,3603,success
S2020-217,0000051253,IFF,International Flavors & Fragrances,0000051253-21-000011,2020,2021-02-22,0,0,0.0,0,0.0,56521,2591,success
S2020-218,0000051434,IP,International Paper,0000051434-21-000012,2020,2021-02-19,0,0,0.0,0,0.0,55434,2783,success
S2020-219,0000896878,INTU,Intuit,0000896878-20-000148,2020,2020-08-31,1,9,0.19097332739194092,7,0.0027799841143764893,47127,2518,success
S2020-220,0001035267,ISRG,Intuitive Surgical,0001035267-21-000028,2020,2021-02-10,0,0,0.0,0,0.0,74420,3259,success
S2020-221,0000914208,IVZ,Invesco,0000914208-21-000331,2020,2021-02-19,0,0,0.0,0,0.0,58279,2662,success
S2020-222,0001020569,IRM,Iron Mountain,0001020569-21-000067,2020,2021-02-24,1,2,0.03583073560500197,2,0.000641025641025641,55818,3120,success
S2020-223,0000728535,JBHT,J.B. Hunt,0001437749-21-003667,2020,2021-02-23,0,0,0.0,0,0.0,24189,1316,success
S2020-224,0000091419,SJM,J.M. Smucker Company (The),0000091419-20-000065,2020,2020-06-19,0,0,0.0,0,0.0,37460,1797,success
S2020-225,0000019617,JPM,JPMorgan Chase,0000019617-21-000236,2020,2021-02-23,1,1,0.005634850422895524,1,0.00011349449551696743,177467,8811,success
S2020-226,0000779152,JKHY,Jack Henry & Associates,0000779152-20-000064,2020,2020-08-25,0,0,0.0,0,0.0,34003,1688,success
S2020-227,0000052988,J,Jacobs Solutions,0000052988-20-000070,2020,2020-11-24,1,3,0.045650983017834317,3,0.000974342318934719,65716,3079,success
S2020-228,0000833444,JCI,Johnson Controls,0000833444-20-000048,2020,2020-11-16,1,1,0.017008538286219683,1,0.000407000407000407,58794,2457,success
S2020-229,0000319201,KLAC,KLA Corporation,0000319201-20-000047,2020,2020-08-07,1,8,0.12354639939462264,6,0.002206693637366679,64753,2719,success
S2020-230,0000091576,KEY,KeyCorp,0000091576-21-000044,2020,2021-02-22,0,0,0.0,0,0.0,81865,4200,success
S2020-231,0001601046,KEYS,Keysight Technologies,0001601046-20-000154,2020,2020-12-17,1,10,0.19768706138183256,6,0.00228310502283105,50585,2628,success
S2020-232,0000055785,KMB,Kimberly-Clark,0000055785-21-000016,2020,2021-02-11,0,0,0.0,0,0.0,28192,1637,success
S2020-233,0000879101,KIM,Kimco Realty,0001437749-21-003766,2020,2021-02-23,0,0,0.0,0,0.0,46238,2370,success
S2020-234,0001506307,KMI,Kinder Morgan,0001506307-21-000022,2020,2021-02-05,0,0,0.0,0,0.0,64821,2800,success
S2020-235,0001637459,KHC,Kraft Heinz,0001637459-21-000009,2020,2021-02-17,0,0,0.0,0,0.0,63003,2962,success
S2020-236,0000056873,KR,Kroger,0001558370-20-003501,2020,2020-04-01,0,0,0.0,0,0.0,48045,2499,success
S2020-237,0001065696,LKQ,LKQ Corporation,0001065696-21-000010,2020,2021-02-26,1,1,0.015110761884614222,1,0.00034638032559750607,66178,2887,success
S2020-238,0000920148,LH,Labcorp,0000920148-21-000018,2020,2021-02-25,1,4,0.06019020103527146,4,0.001228878648233487,66456,3255,success
S2020-239,0000707549,LRCX,Lam Research,0000707549-20-000138,2020,2020-08-18,1,4,0.09173049580332981,2,0.0008791208791208791,43606,2275,success
S2020-240,0001679273,LW,Lamb Weston,0001558370-20-008501,2020,2020-07-28,0,0,0.0,0,0.0,43433,2227,success
S2020-241,0001300514,LVS,Las Vegas Sands,0001300514-21-000033,2020,2021-02-05,0,0,0.0,0,0.0,61150,2685,success
S2020-242,0000058492,LEG,Leggett & Platt,0000058492-21-000005,2020,2021-02-24,0,0,0.0,0,0.0,50398,2841,success
S2020-243,0001336920,LDOS,Leidos,0001336920-20-000023,2020,2020-02-18,0,0,0.0,0,0.0,43212,2639,success
S2020-244,0000920760,LEN,Lennar,0001628280-21-000722,2020,2021-01-22,0,0,0.0,0,0.0,46018,2147,success
S2020-245,0000059478,LLY,Lilly (Eli),0000059478-21-000083,2020,2021-02-17,0,0,0.0,0,0.0,52437,2539,success
S2020-246,0000059558,LNC,Lincoln National Corporation,0000059558-21-000011,2020,2021-02-18,1,2,0.020867895785728445,1,0.0002190100744634253,95841,4566,success
S2020-247,0001707925,LIN,Linde plc,0001628280-21-003574,2020,2021-03-01,0,0,0.0,0,0.0,40627,2169,success
S2020-248,0001335258,LYV,Live Nation Entertainment,0001335258-21-000009,2020,2021-03-01,0,0,0.0,0,0.0,55490,2446,success
S2020-249,0000936468,LMT,Lockheed Martin,0000936468-21-000013,2020,2021-01-28,1,1,0.015229044834307991,1,0.0003598416696653472,65664,2779,success
S2020-250,0000060086,L,Loews Corporation,0001140361-21-003906,2020,2021-02-09,0,0,0.0,0,0.0,88668,3948,success
S2020-251,0000060667,LOW,Lowe's,0000060667-20-000036,2020,2020-03-23,0,0,0.0,0,0.0,34286,1784,success
S2020-252,0000018926,LUMN,Lumen Technologies,0000018926-21-000017,2020,2021-02-25,0,0,0.0,0,0.0,58983,2821,success
S2020-253,0001489393,LYB,LyondellBasell,0001489393-21-000007,2020,2021-02-25,0,0,0.0,0,0.0,54757,2756,success
S2020-254,0000036270,MTB,M&T Bank,0001564590-21-007188,2020,2021-02-22,0,0,0.0,0,0.0,75503,3616,success
S2020-255,0000789570,MGM,MGM Resorts,0001564590-21-009205,2020,2021-02-26,0,0,0.0,0,0.0,59033,2572,success
S2020-256,0001408198,MSCI,MSCI Inc.,0001564590-21-005811,2020,2021-02-12,0,0,0.0,0,0.0,41136,2035,success
S2020-257,0001510295,MPC,Marathon Petroleum,0001510295-21-000027,2020,2021-02-26,0,0,0.0,0,0.0,73216,3578,success
S2020-258,0001278021,MKTX,MarketAxess,0001564590-21-006981,2020,2021-02-19,1,2,0.043701518627772315,2,0.0009319664492078285,45765,2146,success
S2020-259,0001048286,MAR,Marriott International,0001628280-21-002433,2020,2021-02-18,0,0,0.0,0,0.0,40028,1958,success
S2020-260,0000062709,MMC,Marsh & McLennan,0000062709-21-000008,2020,2021-02-17,1,3,0.04508363013389838,2,0.0006731740154830024,66543,2971,success
S2020-261,0000916076,MLM,Martin Marietta Materials,0001564590-21-006959,2020,2021-02-19,0,0,0.0,0,0.0,52444,2880,success
S2020-262,0000062996,MAS,Masco,0000062996-21-000008,2020,2021-02-09,0,0,0.0,0,0.0,33811,1807,success
S2020-263,0001141391,MA,Mastercard,0001141391-21-000018,2020,2021-02-12,1,10,0.1982514224539561,8,0.0027981811822315496,50441,2859,success
S2020-264,0000063754,MKC,McCormick & Company,0000063754-21-000020,2020,2021-01-28,0,0,0.0,0,0.0,47860,2199,success
S2020-265,0000063908,MCD,McDonald's,0000063908-21-000013,2020,2021-02-23,0,0,0.0,0,0.0,32868,1645,success
S2020-266,0000927653,MCK,McKesson Corporation,0000927653-20-000033,2020,2020-05-22,0,0,0.0,0,0.0,59337,3155,success
S2020-267,0001613103,MDT,Medtronic,0001613103-20-000021,2020,2020-06-19,1,2,0.03256215300955699,1,0.00035688793718772306,61421,2802,success
S2020-268,0000310158,MRK,Merck & Co.,0000310158-21-000004,2020,2021-02-25,0,0,0.0,0,0.0,75342,3411,success
S2020-269,0001099219,MET,MetLife,0001099219-21-000050,2020,2021-02-19,0,0,0.0,0,0.0,139462,7037,success
S2020-270,0001037646,MTD,Mettler Toledo,0001037646-21-000008,2020,2021-02-08,0,0,0.0,0,0.0,38566,2132,success
S2020-271,0000827054,MCHP,Microchip Technology,0000827054-20-000119,2020,2020-05-22,0,0,0.0,0,0.0,57227,2808,success
S2020-272,0000723125,MU,Micron Technology,0000723125-20-000082,2020,2020-10-19,1,14,0.33379428734919653,11,0.0055,41942,2000,success
S2020-273,0000789019,MSFT,Microsoft,0001564590-20-034944,2020,2020-07-30,1,34,0.9036785030831385,26,0.010855949895615866,37624,2395,success
S2020-274,0000912595,MAA,Mid-America Apartment Communities,0001564590-21-006666,2020,2021-02-18,0,0,0.0,0,0.0,38633,2126,success
S2020-275,0000851968,MHK,Mohawk Industries,0000851968-21-000019,2020,2021-02-24,0,0,0.0,0,0.0,36471,1879,success
S2020-276,0000024545,TAP,Molson Coors Beverage Company,0000024545-21-000004,2020,2021-02-11,0,0,0.0,0,0.0,79822,3413,success
S2020-277,0001103982,MDLZ,Mondelez International,0001103982-21-000004,2020,2021-02-05,0,0,0.0,0,0.0,58991,2687,success
S2020-278,0000865752,MNST,Monster Beverage,0001104659-21-029943,2020,2021-03-01,0,0,0.0,0,0.0,57601,2710,success
S2020-279,0001059556,MCO,Moody's Corporation,0001059556-21-000010,2020,2021-02-22,0,0,0.0,0,0.0,49419,2490,success
S2020-280,0000895421,MS,Morgan Stanley,0000895421-21-000286,2020,2021-02-26,0,0,0.0,0,0.0,126539,6618,success
S2020-281,0001285785,MOS,Mosaic Company (The),0001618034-21-000003,2020,2021-02-22,0,0,0.0,0,0.0,74554,3491,success
S2020-282,0000068505,MSI,Motorola Solutions,0000068505-21-000008,2020,2021-02-12,1,18,0.33258194449576883,14,0.005390835579514825,54122,2597,success
S2020-283,0001013871,NRG,NRG Energy,0001013871-21-000005,2020,2021-03-01,0,0,0.0,0,0.0,83357,3873,success
S2020-284,0000906163,NVR,"NVR, Inc.",0000906163-21-000017,2020,2021-02-12,0,0,0.0,0,0.0,31921,1702,success
S2020-285,0001120193,NDAQ,"Nasdaq, Inc.",0001120193-21-000011,2020,2021-02-23,1,1,0.011862255489258728,1,0.0002376990729736154,84301,4207,success
S2020-286,0001002047,NTAP,NetApp,0001564590-20-029349,2020,2020-06-15,1,4,0.08857003675656526,3,0.0013599274705349048,45162,2206,success
S2020-287,0001065280,NFLX,Netflix,0001065280-21-000040,2020,2021-01-28,0,0,0.0,0,0.0,28060,1354,success
S2020-288,0000814453,NWL,Newell Brands,0000814453-21-000050,2020,2021-02-19,0,0,0.0,0,0.0,60793,2677,success
S2020-289,0001164727,NEM,Newmont,0001164727-21-000027,2020,2021-02-18,0,0,0.0,0,0.0,99426,4710,success
S2020-290,0001564708,NWSA|NWS,News Corp (Class A)|News Corp (Class B),0001564708-20-000022,2020,2020-08-11,0,0,0.0,0,0.0,79210,3350,success
S2020-291,0000753308,NEE,NextEra Energy,0000753308-21-000014,2020,2021-02-12,0,0,0.0,0,0.0,64484,2868,success
S2020-292,0001111711,NI,NiSource,0001111711-21-000010,2020,2021-02-17,0,0,0.0,0,0.0,56347,3248,success
S2020-293,0000320187,NKE,"Nike, Inc.",0000320187-20-000047,2020,2020-07-24,0,0,0.0,0,0.0,46827,2277,success
S2020-294,0000702165,NSC,Norfolk Southern,0000702165-21-000006,2020,2021-02-04,0,0,0.0,0,0.0,25655,1688,success
S2020-295,0000073124,NTRS,Northern Trust,0000073124-21-000071,2020,2021-02-23,1,2,0.02275908371928946,1,0.00023866348448687351,87877,4190,success
S2020-296,0001133421,NOC,Northrop Grumman,0001133421-21-000006,2020,2021-01-28,0,0,0.0,0,0.0,45374,2369,success
S2020-297,0000849399,NLOK,NortonLifeLock,0000849399-20-000004,2020,2020-05-28,0,0,0.0,0,0.0,38690,2143,success
S2020-298,0001513761,NCLH,Norwegian Cruise Line Holdings,0001558370-21-001998,2020,2021-02-26,0,0,0.0,0,0.0,74922,3235,success
S2020-299,0001021860,NOV,Nov,0001564590-21-005708,2020,2021-02-12,1,1,0.030664499708687253,1,0.000500751126690035,32611,1997,success
S2020-300,0000073309,NUE,Nucor,0001564590-21-009503,2020,2021-02-26,0,0,0.0,0,0.0,36966,1887,success
S2020-301,0001045810,NVDA,Nvidia,0001045810-20-000010,2020,2020-02-20,1,81,2.5341008634714055,60,0.03508771929824561,31964,1710,success
S2020-302,0000797468,OXY,Occidental Petroleum,0000797468-21-000009,2020,2021-02-26,0,0,0.0,0,0.0,72089,3621,success
S2020-303,0000878927,ODFL,Old Dominion,0001564590-21-008056,2020,2021-02-24,0,0,0.0,0,0.0,25357,1318,success
S2020-304,0000029989,OMC,Omnicom Group,0000029989-21-000004,2020,2021-02-18,0,0,0.0,0,0.0,35453,1847,success
S2020-305,0001039684,OKE,Oneok,0001039684-21-000015,2020,2021-02-23,0,0,0.0,0,0.0,52688,2483,success
S2020-306,0001341439,ORCL,Oracle Corporation,0001564590-20-030125,2020,2020-06-22,1,7,0.13648949030924618,5,0.0019091256204658267,51286,2619,success
S2020-307,0001781335,OTIS,Otis Worldwide,0001781335-21-000023,2020,2021-02-05,0,0,0.0,0,0.0,47925,2205,success
S2020-308,0000898173,ORLY,O’Reilly Automotive,0000898173-21-000012,2020,2021-02-26,0,0,0.0,0,0.0,40230,1959,success
S2020-309,0000713676,PNC,PNC Financial Services,0000713676-21-000025,2020,2021-02-26,1,4,0.03676909924899115,2,0.00039308176100628933,108787,5088,success
S2020-310,0000079879,PPG,PPG Industries,0000079879-21-000008,2020,2021-02-18,0,0,0.0,0,0.0,39234,2085,success
S2020-311,0000922224,PPL,PPL Corporation,0000922224-21-000006,2020,2021-02-18,0,0,0.0,0,0.0,96710,5301,success
S2020-312,0000078239,PVH,PVH,0000078239-20-000023,2020,2020-04-01,0,0,0.0,0,0.0,59468,2879,success
S2020-313,0000075362,PCAR,Paccar,0001564590-21-006370,2020,2021-02-17,0,0,0.0,0,0.0,28404,1753,success
S2020-314,0000075677,PKG,Packaging Corporation of America,0001564590-21-008051,2020,2021-02-24,0,0,0.0,0,0.0,34067,2014,success
S2020-315,0000076334,PH,Parker Hannifin,0000076334-20-000099,2020,2020-08-26,0,0,0.0,0,0.0,26688,1522,success
S2020-316,0001633917,PYPL,PayPal,0001633917-21-000018,2020,2021-02-05,1,3,0.05133558069097691,2,0.0007668711656441718,58439,2608,success
S2020-317,0000723531,PAYX,Paychex,0000723531-20-000048,2020,2020-07-17,1,5,0.12975554056158198,2,0.0010845986984815619,38534,1844,success
S2020-318,0001590955,PAYC,Paycom,0001564590-21-006660,2020,2021-02-18,1,2,0.05086599354001882,1,0.0004880429477794046,39319,2049,success
S2020-319,0000077360,PNR,Pentair,0000077360-21-000005,2020,2021-02-16,0,0,0.0,0,0.0,41818,2155,success
S2020-320,0000077476,PEP,PepsiCo,0000077476-21-000007,2020,2021-02-11,0,0,0.0,0,0.0,48500,2314,success
S2020-321,0001585364,PRGO,Perrigo,0001585364-21-000012,2020,2021-03-01,0,0,0.0,0,0.0,86612,4391,success
S2020-322,0000078003,PFE,Pfizer,0000078003-21-000038,2020,2021-02-25,0,0,0.0,0,0.0,72251,3787,success
S2020-323,0001413329,PM,Philip Morris International,0001413329-21-000007,2020,2021-02-09,0,0,0.0,0,0.0,56037,2685,success
S2020-324,0001534701,PSX,Phillips 66,0001534701-21-000074,2020,2021-02-24,0,0,0.0,0,0.0,54105,2909,success
S2020-325,0000764622,PNW,Pinnacle West Capital,0000764622-21-000013,2020,2021-02-24,0,0,0.0,0,0.0,77356,3936,success
S2020-326,0000945841,POOL,Pool Corporation,0000945841-21-000022,2020,2021-02-25,0,0,0.0,0,0.0,36704,1922,success
S2020-327,0001126328,PFG,Principal Financial Group,0001104659-21-022074,2020,2021-02-12,0,0,0.0,0,0.0,122644,6670,success
S2020-328,0000080424,PG,Procter & Gamble,0000080424-20-000053,2020,2020-08-06,0,0,0.0,0,0.0,43960,2279,success
S2020-329,0000080661,PGR,Progressive Corporation,0000080661-21-000014,2020,2021-03-01,0,0,0.0,0,0.0,21315,1060,success
S2020-330,0001045609,PLD,Prologis,0001564590-21-005312,2020,2021-02-11,0,0,0.0,0,0.0,41540,2689,success
S2020-331,0001137774,PRU,Prudential Financial,0001137774-21-000049,2020,2021-02-19,0,0,0.0,0,0.0,147886,7075,success
S2020-332,0000788784,PEG,Public Service Enterprise Group,0000788784-21-000007,2020,2021-03-01,0,0,0.0,0,0.0,90845,4757,success
S2020-333,0001393311,PSA,Public Storage,0001562762-21-000058,2020,2021-02-24,0,0,0.0,0,0.0,36820,1829,success
S2020-334,0000822416,PHM,PulteGroup,0000822416-21-000007,2020,2021-02-02,0,0,0.0,0,0.0,37025,1814,success
S2020-335,0001604778,QRVO,Qorvo,0001604778-20-000030,2020,2020-05-20,0,0,0.0,0,0.0,43011,2146,success
S2020-336,0000804328,QCOM,Qualcomm,0001728949-20-000067,2020,2020-11-04,1,18,0.2861958215410055,13,0.004954268292682927,62894,2624,success
S2020-337,0001050915,PWR,Quanta Services,0001050915-21-000009,2020,2021-03-01,0,0,0.0,0,0.0,79954,3113,success
S2020-338,0001022079,DGX,Quest Diagnostics,0001022079-21-000029,2020,2021-02-22,1,3,0.05389382915656157,3,0.0010298661174047373,55665,2913,success
S2020-339,0000101829,RTX,RTX Corporation,0000101829-21-000008,2020,2021-02-08,0,0,0.0,0,0.0,78060,3432,success
S2020-340,0001037038,RL,Ralph Lauren Corporation,0001037038-20-000014,2020,2020-05-27,0,0,0.0,0,0.0,60807,3234,success
S2020-341,0000720005,RJF,Raymond James Financial,0000720005-20-000063,2020,2020-11-24,0,0,0.0,0,0.0,74218,3697,success
S2020-342,0000726728,O,Realty Income,0000726728-21-000043,2020,2021-02-23,0,0,0.0,0,0.0,51057,2464,success
S2020-343,0000910606,REG,Regency Centers,0001564590-21-006390,2020,2021-02-17,0,0,0.0,0,0.0,40687,2495,success
S2020-344,0000872589,REGN,Regeneron Pharmaceuticals,0001804220-21-000008,2020,2021-02-08,0,0,0.0,0,0.0,81557,3389,success
S2020-345,0001281761,RF,Regions Financial Corporation,0001281761-21-000012,2020,2021-02-24,0,0,0.0,0,0.0,89992,4509,success
S2020-346,0001060391,RSG,Republic Services,0001060391-21-000014,2020,2021-02-23,0,0,0.0,0,0.0,62775,3221,success
S2020-347,0000943819,RMD,ResMed,0000943819-20-000013,2020,2020-08-13,0,0,0.0,0,0.0,51668,2528,success
S2020-348,0000315213,RHI,Robert Half,0000315213-21-000025,2020,2021-02-12,1,3,0.10966515572452112,2,0.0015048908954100827,27356,1329,success
S2020-349,0001024478,ROK,Rockwell Automation,0001024478-20-000038,2020,2020-11-10,0,0,0.0,0,0.0,34071,2079,success
S2020-350,0000084839,ROL,"Rollins, Inc.",0001171200-21-000076,2020,2021-02-26,0,0,0.0,0,0.0,28310,1589,success
S2020-351,0000882835,ROP,Roper Technologies,0000882835-21-000011,2020,2021-02-22,0,0,0.0,0,0.0,30586,1502,success
S2020-352,0000745732,ROST,Ross Stores,0000745732-20-000016,2020,2020-03-31,0,0,0.0,0,0.0,27940,1418,success
S2020-353,0000884887,RCL,Royal Caribbean Group,0000884887-21-000006,2020,2021-02-26,1,2,0.02424418745605741,2,0.000543773790103317,82494,3678,success
S2020-354,0000064040,SPGI,S&P Global,0000064040-21-000063,2020,2021-02-09,1,4,0.06998512816026595,2,0.0007530120481927711,57155,2656,success
S2020-355,0001034054,SBAC,SBA Communications,0001034054-21-000003,2020,2021-02-25,0,0,0.0,0,0.0,51113,2343,success
S2020-356,0001040971,SLG,SL Green Realty,0001040971-21-000007,2020,2021-02-26,0,0,0.0,0,0.0,61111,3026,success
S2020-357,0001108524,CRM,Salesforce,0001108524-20-000014,2020,2020-03-05,1,18,0.3499358450950659,15,0.006252605252188412,51438,2399,success
S2020-358,0000087347,SLB,Schlumberger,0001564590-21-002477,2020,2021-01-27,1,1,0.042711314227138766,1,0.0006693440428380187,23413,1494,success
S2020-359,0001137789,STX,Seagate Technology,0001137789-20-000057,2020,2020-08-07,1,7,0.1415800331701792,5,0.0020781379883624274,49442,2406,success
S2020-360,0001032208,SRE,Sempra,0001032208-21-000007,2020,2021-02-25,0,0,0.0,0,0.0,123217,5807,success
S2020-361,0001373715,NOW,ServiceNow,0001373715-21-000061,2020,2021-02-12,1,27,0.5841753391462385,15,0.007481296758104738,46219,2005,success
S2020-362,0000089800,SHW,Sherwin-Williams,0000089800-21-000010,2020,2021-02-19,0,0,0.0,0,0.0,44581,2062,success
S2020-363,0001063761,SPG,Simon Property Group,0001558370-21-001700,2020,2021-02-25,0,0,0.0,0,0.0,67779,3801,success
S2020-364,0000004127,SWKS,Skyworks Solutions,0000004127-20-000058,2020,2020-11-17,0,0,0.0,0,0.0,31881,1515,success
S2020-365,0000092122,SO,Southern Company,0000092122-21-000006,2020,2021-02-18,0,0,0.0,0,0.0,145360,7630,success
S2020-366,0000092380,LUV,Southwest Airlines,0000092380-21-000033,2020,2021-02-08,0,0,0.0,0,0.0,71071,2960,success
S2020-367,0000829224,SBUX,Starbucks,0000829224-20-000078,2020,2020-11-12,0,0,0.0,0,0.0,45622,2049,success
S2020-368,0000093751,STT,State Street Corporation,0000093751-21-000476,2020,2021-02-19,1,2,0.01625963383304608,1,0.00018331805682859762,123004,5455,success
S2020-369,0001757898,STE,Steris,0001757898-20-000012,2020,2020-05-29,0,0,0.0,0,0.0,31560,2179,success
S2020-370,0000310764,SYK,Stryker Corporation,0000310764-21-000027,2020,2021-02-11,0,0,0.0,0,0.0,30161,1647,success
S2020-371,0001601712,SYF,Synchrony Financial,0001601712-21-000057,2020,2021-02-11,1,1,0.013877131874384203,1,0.0003337783711615487,72061,2996,success
S2020-372,0000883241,SNPS,Synopsys,0000883241-20-000015,2020,2020-12-15,1,6,0.15620932048945588,5,0.002335357309668379,38410,2141,success
S2020-373,0000096021,SYY,Sysco,0000096021-20-000100,2020,2020-08-26,0,0,0.0,0,0.0,54115,2683,success
S2020-374,0001283699,TMUS,T-Mobile US,0001283699-21-000039,2020,2021-02-23,0,0,0.0,0,0.0,70260,3290,success
S2020-375,0001113169,TROW,T. Rowe Price,0001113169-21-000006,2020,2021-02-11,0,0,0.0,0,0.0,34636,2058,success
S2020-376,0001385157,TEL,TE Connectivity,0001558370-20-013511,2020,2020-11-10,0,0,0.0,0,0.0,46873,2567,success
S2020-377,0000109198,TJX,TJX Companies,0000109198-20-000004,2020,2020-03-27,0,0,0.0,0,0.0,35494,1745,success
S2020-378,0000946581,TTWO,Take-Two Interactive,0001628280-20-008291,2020,2020-05-22,0,0,0.0,0,0.0,46256,2043,success
S2020-379,0001116132,TPR,"Tapestry, Inc.",0001116132-20-000022,2020,2020-08-13,0,0,0.0,0,0.0,45499,2416,success
S2020-380,0000027419,TGT,Target Corporation,0000027419-20-000008,2020,2020-03-11,0,0,0.0,0,0.0,21937,1441,success
S2020-381,0001681459,FTI,TechnipFMC,0001681459-21-000043,2020,2021-03-05,1,2,0.03020326799359691,1,0.000328515111695138,66218,3044,success
S2020-382,0000096943,TFX,Teleflex,0000096943-21-000013,2020,2021-02-25,0,0,0.0,0,0.0,47941,2165,success
S2020-383,0000097210,TER,Teradyne,0001193125-21-050735,2020,2021-02-22,0,0,0.0,0,0.0,34028,2171,success
S2020-384,0001318605,TSLA,"Tesla, Inc.",0001564590-21-004599,2020,2021-02-08,1,3,0.04537136461940987,2,0.0006863417982155113,66121,2914,success
S2020-385,0000097476,TXN,Texas Instruments,0000097476-21-000006,2020,2021-02-05,0,0,0.0,0,0.0,23212,1323,success
S2020-386,0000217346,TXT,Textron,0001104659-20-024773,2020,2020-02-25,0,0,0.0,0,0.0,41684,2129,success
S2020-387,0000097745,TMO,Thermo Fisher Scientific,0000097745-21-000011,2020,2021-02-25,0,0,0.0,0,0.0,41632,2187,success
S2020-388,0000916365,TSCO,Tractor Supply,0000916365-21-000052,2020,2021-02-18,1,1,0.023813492724977972,1,0.000496031746031746,41993,2016,success
S2020-389,0001466258,TT,Trane Technologies,0001466258-21-000027,2020,2021-02-09,0,0,0.0,0,0.0,46694,2438,success
S2020-390,0001260221,TDG,TransDigm Group,0001260221-20-000099,2020,2020-11-12,0,0,0.0,0,0.0,49303,2314,success
S2020-391,0000086312,TRV,Travelers Companies (The),0000086312-21-000011,2020,2021-02-11,1,2,0.019771637585883052,1,0.00019398642095053346,101155,5155,success
S2020-392,0000092230,TFC,Truist Financial,0000092230-21-000032,2020,2021-02-24,0,0,0.0,0,0.0,73330,3932,success
S2020-393,0000860731,TYL,Tyler Technologies,0000860731-21-000014,2020,2021-02-19,0,0,0.0,0,0.0,37668,1922,success
S2020-394,0000100493,TSN,Tyson Foods,0000100493-20-000132,2020,2020-11-16,1,1,0.020953817785600536,1,0.00038387715930902113,47724,2605,success
S2020-395,0000036104,USB,U.S. Bancorp,0001193125-21-052547,2020,2021-02-23,0,0,0.0,0,0.0,7432,644,success
S2020-396,0000074208,UDR,"UDR, Inc.",0000074208-21-000025,2020,2021-02-18,0,0,0.0,0,0.0,99155,4805,success
S2020-397,0001403568,ULTA,Ulta Beauty,0001558370-20-003272,2020,2020-03-27,1,2,0.053883665166904654,2,0.0010314595152140279,37117,1939,success
S2020-398,0001336917,UAA|UA,Under Armour (Class A)|Under Armour (Class C),0001336917-21-000009,2020,2021-02-24,0,0,0.0,0,0.0,59161,2549,success
S2020-399,0000100885,UNP,Union Pacific Corporation,0000100885-21-000068,2020,2021-02-05,0,0,0.0,0,0.0,38699,1996,success
S2020-400,0000100517,UAL,United Airlines Holdings,0000100517-21-000016,2020,2021-03-01,0,0,0.0,0,0.0,63035,2779,success
S2020-401,0001090727,UPS,United Parcel Service,0001090727-21-000013,2020,2021-02-22,0,0,0.0,0,0.0,54930,3051,success
S2020-402,0001067701,URI,United Rentals,0001067701-21-000008,2020,2021-01-27,0,0,0.0,0,0.0,50948,2485,success
S2020-403,0000731766,UNH,UnitedHealth Group,0000731766-21-000013,2020,2021-03-01,0,0,0.0,0,0.0,38371,1840,success
S2020-404,0000352915,UHS,Universal Health Services,0001564590-21-008851,2020,2021-02-25,0,0,0.0,0,0.0,70018,3290,success
S2020-405,0000005513,UNM,Unum,0000005513-21-000015,2020,2021-02-17,1,1,0.010783531390859878,1,0.00022624434389140272,92734,4420,success
S2020-406,0000103379,VFC,VF Corporation,0000103379-20-000006,2020,2020-05-27,0,0,0.0,0,0.0,80142,3861,success
S2020-407,0001035002,VLO,Valero Energy,0001035002-21-000051,2020,2021-02-23,0,0,0.0,0,0.0,47235,2441,success
S2020-408,0000740260,VTR,Ventas,0000740260-21-000048,2020,2021-02-23,0,0,0.0,0,0.0,65348,2934,success
S2020-409,0001014473,VRSN,Verisign,0001014473-21-000005,2020,2021-02-19,0,0,0.0,0,0.0,31001,1516,success
S2020-410,0001442145,VRSK,Verisk Analytics,0001437749-21-003789,2020,2021-02-23,1,4,0.08559811684142948,4,0.0017174753112924003,46730,2329,success
S2020-411,0000732712,VZ,Verizon,0000732712-21-000012,2020,2021-02-25,0,0,0.0,0,0.0,61656,3072,success
S2020-412,0000875320,VRTX,Vertex Pharmaceuticals,0000875320-21-000006,2020,2021-02-11,0,0,0.0,0,0.0,69097,3143,success
S2020-413,0000813828,VIAC,ViacomCBS,0000813828-21-000005,2020,2021-02-24,0,0,0.0,0,0.0,66684,3489,success
S2020-414,0001792044,VTRS,Viatris,0001792044-21-000009,2020,2021-03-01,0,0,0.0,0,0.0,81584,3570,success
S2020-415,0001403161,V,Visa Inc.,0001403161-20-000070,2020,2020-11-19,1,7,0.12901561088891755,4,0.0014727540500736377,54257,2716,success
S2020-416,0001786842,VNT,Vontier,0001786842-21-000013,2020,2021-02-25,0,0,0.0,0,0.0,50803,2195,success
S2020-417,0000899689,VNO,Vornado Realty Trust,0000899689-21-000009,2020,2021-02-16,0,0,0.0,0,0.0,52546,2672,success
S2020-418,0001396009,VMC,Vulcan Materials Company,0001396009-21-000009,2020,2021-02-25,0,0,0.0,0,0.0,45804,2620,success
S2020-419,0000011544,WRB,W. R. Berkley Corporation,0000011544-21-000013,2020,2021-02-18,0,0,0.0,0,0.0,49204,2384,success
S2020-420,0000277135,GWW,W. W. Grainger,0000277135-21-000007,2020,2021-02-24,0,0,0.0,0,0.0,27220,1474,success
S2020-421,0000783325,WEC,WEC Energy Group,0000107815-21-000079,2020,2021-02-25,0,0,0.0,0,0.0,78456,4328,success
S2020-422,0000943452,WAB,Wabtec,0001628280-21-002557,2020,2021-02-19,1,1,0.027419797093501508,1,0.0005373455131649651,36470,1861,success
S2020-423,0000104169,WMT,Walmart,0000104169-20-000011,2020,2020-03-20,0,0,0.0,0,0.0,38406,1919,success
S2020-424,0001744489,DIS,Walt Disney Company (The),0001744489-20-000197,2020,2020-11-25,0,0,0.0,0,0.0,62340,3158,success
S2020-425,0000823768,WM,Waste Management,0001558370-21-001348,2020,2021-02-22,0,0,0.0,0,0.0,78839,3728,success
S2020-426,0001000697,WAT,Waters Corporation,0001193125-21-054385,2020,2021-02-24,0,0,0.0,0,0.0,30839,1937,success
S2020-427,0000072971,WFC,Wells Fargo,0000072971-21-000197,2020,2021-02-23,0,0,0.0,0,0.0,9752,776,success
S2020-428,0000766704,WELL,Welltower,0000766704-21-000018,2020,2021-02-10,0,0,0.0,0,0.0,66247,3160,success
S2020-429,0000105770,WST,West Pharmaceutical Services,0000105770-21-000008,2020,2021-02-23,0,0,0.0,0,0.0,35622,1796,success
S2020-430,0001732845,WRK,WestRock,0001564590-20-054816,2020,2020-11-23,0,0,0.0,0,0.0,59935,3300,success
S2020-431,0000106040,WDC,Western Digital,0000106040-20-000049,2020,2020-08-28,0,0,0.0,0,0.0,48433,2271,success
S2020-432,0001365135,WU,Western Union,0001558370-21-001284,2020,2021-02-19,1,2,0.02486108866707273,1,0.0002801905295601009,80447,3569,success
S2020-433,0000106535,WY,Weyerhaeuser,0001564590-21-006960,2020,2021-02-19,0,0,0.0,0,0.0,35247,2397,success
S2020-434,0000106640,WHR,Whirlpool Corporation,0000106640-21-000022,2020,2021-02-11,0,0,0.0,0,0.0,46328,2461,success
S2020-435,0000107263,WMB,Williams Companies,0000107263-21-000006,2020,2021-02-24,0,0,0.0,0,0.0,57933,2989,success
S2020-436,0001174922,WYNN,Wynn Resorts,0001174922-21-000029,2020,2021-02-26,0,0,0.0,0,0.0,57787,2594,success
S2020-437,0000072903,XEL,Xcel Energy,0000072903-21-000012,2020,2021-02-17,0,0,0.0,0,0.0,55056,3796,success
S2020-438,0001770450,XRX,Xerox,0001770450-21-000013,2020,2021-02-25,1,13,0.16375683369863703,11,0.002777777777777778,79386,3960,success
S2020-439,0001524472,XYL,Xylem Inc.,0001524472-21-000008,2020,2021-02-26,0,0,0.0,0,0.0,49585,2383,success
S2020-440,0001041061,YUM,Yum! Brands,0001041061-21-000012,2020,2021-02-22,0,0,0.0,0,0.0,54522,2443,success
S2020-441,0000877212,ZBRA,Zebra Technologies,0000877212-21-000008,2020,2021-02-11,1,10,0.2589935510605786,7,0.0035623409669211198,38611,1965,success
S2020-442,0001136869,ZBH,Zimmer Biomet,0001564590-21-007163,2020,2021-02-22,1,6,0.12346187085888308,3,0.0012684989429175475,48598,2365,success
S2020-443,0000109380,ZION,Zions Bancorporation,0000109380-21-000082,2020,2021-02-25,0,0,0.0,0,0.0,60772,3393,success
S2020-444,0001555280,ZTS,Zoetis,0001555280-21-000098,2020,2021-02-16,1,1,0.013903178266551734,1,0.00028768699654775604,71926,3476,success
S2020-445,0001065088,EBAY,eBay Inc.,0001065088-21-000006,2020,2021-02-04,1,2,0.04012519059465532,2,0.0008741258741258741,49844,2288,success
S2020-446,0001140536,WLTW,Willis Towers Watson,0001564590-21-007578,2020,2021-02-23,1,1,0.015376099391106464,1,0.00032711808963035657,65036,3057,success
