company_id,cik,ticker,company_name,accession_number,source_html_file,source_html_sha256,analysis_text_file,analysis_text_sha256,structure_preserved_text_file,table_text_file,source_html_bytes,analysis_text_bytes,structure_preserved_text_bytes,table_text_bytes,analysis_word_count,analysis_paragraph_count,analysis_sentence_count,detected_section_count,detected_table_count,duplicate_blocks_removed,processing_attempts,extraction_status,warning_count,parser_version,processed_at
P2025-001,0001754301,FOXA|FOX,,0001628280-25-038077,2025/pilot_100/html/raw/0001754301/0001628280-25-038077.html,484a60ba744c8da01d4c44bd1ca8edd4724945a99a0fe610d3908ff8c3dc0fe7,2025/pilot_100/text/company_text/0001754301/0001628280-25-038077_analysis_text.txt,04e3a38fec9b07e11525c3be1c62b033ad507bc4804ec77e4a3700f86030cb90,2025/pilot_100/text/company_text/0001754301/0001628280-25-038077_structure_preserved_text.txt,2025/pilot_100/text/company_text/0001754301/0001628280-25-038077_table_text.txt,2510532,305043,310363,62040,44869,922,1917,10,133,0,1,warning,1,1.0.3,2026-07-29T12:00:43.436709+00:00
P2025-002,0001973266,TKO,,0001193125-26-071651,2025/pilot_100/html/raw/0001973266/0001193125-26-071651.html,8b20080008355ea5dd54a0b1cf2a14be6b79f14849937fc91e6680e0c0ddc6d5,2025/pilot_100/text/company_text/0001973266/0001193125-26-071651_analysis_text.txt,d890106d42ed380a72146e7b864ea1d44bdaf772f1cd856691d36633751f8e72,2025/pilot_100/text/company_text/0001973266/0001193125-26-071651_structure_preserved_text.txt,2025/pilot_100/text/company_text/0001973266/0001193125-26-071651_table_text.txt,6707328,780261,783581,59067,117571,1472,4296,7,83,37,1,success,0,1.0.3,2026-07-29T12:00:44.889108+00:00
P2025-003,0001335258,LYV,,0001335258-26-000009,2025/pilot_100/html/raw/0001335258/0001335258-26-000009.html,d85ab0f1b62cd63af5849ef5cabe74fe398127f6d109b38fb385ec62de205835,2025/pilot_100/text/company_text/0001335258/0001335258-26-000009_analysis_text.txt,d841ff6ad968e8d07cb5960bc383761d6fcaeca8dd543f1e6d76b62c3855fd11,2025/pilot_100/text/company_text/0001335258/0001335258-26-000009_structure_preserved_text.txt,2025/pilot_100/text/company_text/0001335258/0001335258-26-000009_table_text.txt,2849635,322155,325435,60472,49011,938,2004,10,82,0,1,warning,1,1.0.3,2026-07-29T12:00:45.630632+00:00
P2025-004,0001744489,DIS,,0001744489-25-000155,2025/pilot_100/html/raw/0001744489/0001744489-25-000155.html,8593ccd728bf116aae17d529ed1524c171669572a35017d67933304ed574064a,2025/pilot_100/text/company_text/0001744489/0001744489-25-000155_analysis_text.txt,9b360ae2f1189a8336f928a6613acfb3fbc5f131cf5fb6ac1d9d31f69a416ace,2025/pilot_100/text/company_text/0001744489/0001744489-25-000155_structure_preserved_text.txt,2025/pilot_100/text/company_text/0001744489/0001744489-25-000155_table_text.txt,4202853,362033,367913,82898,53637,1440,2468,9,147,0,1,success,0,1.0.3,2026-07-29T12:00:46.518685+00:00
P2025-005,0001065088,EBAY,,0001065088-26-000027,2025/pilot_100/html/raw/0001065088/0001065088-26-000027.html,e0ea76abd544d3b78cc805c035935d722e9722844b1ae8e1e645a97c3f1cf764,2025/pilot_100/text/company_text/0001065088/0001065088-26-000027_analysis_text.txt,bd20ec616e1286f08d1c26736ac9775b882628ea6a4040a2db73b4d75a6512a0,2025/pilot_100/text/company_text/0001065088/0001065088-26-000027_structure_preserved_text.txt,2025/pilot_100/text/company_text/0001065088/0001065088-26-000027_table_text.txt,2723024,335678,339318,52344,49973,1065,2083,10,91,0,1,warning,1,1.0.3,2026-07-29T12:00:47.241659+00:00
P2025-006,0000815097,CCL,,0000815097-26-000007,2025/pilot_100/html/raw/0000815097/0000815097-26-000007.html,307743c441119288b242f47b6a848722db7ebabf24f8266ab8af90be60b00e7e,2025/pilot_100/text/company_text/0000815097/0000815097-26-000007_analysis_text.txt,380bef77bd867869f13691a554421965cee3c6036d2aa3ea7343f6c9cef0841e,2025/pilot_100/text/company_text/0000815097/0000815097-26-000007_structure_preserved_text.txt,2025/pilot_100/text/company_text/0000815097/0000815097-26-000007_table_text.txt,2101715,259798,262718,43913,39114,1015,1910,10,73,0,1,success,0,1.0.3,2026-07-29T12:00:47.916196+00:00
P2025-007,0001121788,GRMN,,0001193125-26-056028,2025/pilot_100/html/raw/0001121788/0001193125-26-056028.html,a07dc70b2c91c7d9df86c6fb1ccdef90ed8521e9d1cb6699be4af890a52158d5,2025/pilot_100/text/company_text/0001121788/0001193125-26-056028_analysis_text.txt,b1c52ff411a2a40b5756b8de613e06837aa7001ad3a85fb75e1672c5e5dec8bd,2025/pilot_100/text/company_text/0001121788/0001193125-26-056028_structure_preserved_text.txt,2025/pilot_100/text/company_text/0001121788/0001193125-26-056028_table_text.txt,4964710,351595,353995,50124,52287,798,2163,10,60,20,1,warning,1,1.0.3,2026-07-29T12:00:48.823761+00:00
P2025-008,0001403568,ULTA,,0001558370-25-003810,2025/pilot_100/html/raw/0001403568/0001558370-25-003810.html,50406c5533ab11e8ccffab484c0b960ef831072e676f91bf6ddbaa6d554bc565,2025/pilot_100/text/company_text/0001403568/0001558370-25-003810_analysis_text.txt,921de673c5cc99162c341ae483097e8ed9da7ff6c26ad573646c94bff0551db7,2025/pilot_100/text/company_text/0001403568/0001558370-25-003810_structure_preserved_text.txt,2025/pilot_100/text/company_text/0001403568/0001558370-25-003810_table_text.txt,2914231,239511,246951,55552,35849,678,1599,10,186,0,1,success,0,1.0.3,2026-07-29T12:00:49.458535+00:00
P2025-009,0001286681,DPZ,,0001193125-26-062321,2025/pilot_100/html/raw/0001286681/0001193125-26-062321.html,ceb28f0be4039d9bb9c978e85bf8fcb10f3ee4c9a3981bf6a6afb48c9fae3c82,2025/pilot_100/text/company_text/0001286681/0001193125-26-062321_analysis_text.txt,5106ee9747dd593d6cd3bf3ac1717fc0e0453842b6adb44b88cfab7e834ce5b3,2025/pilot_100/text/company_text/0001286681/0001193125-26-062321_structure_preserved_text.txt,2025/pilot_100/text/company_text/0001286681/0001193125-26-062321_table_text.txt,4923021,436575,439215,60539,65823,981,2583,10,66,27,1,success,0,1.0.3,2026-07-29T12:00:50.473346+00:00
P2025-010,0000109198,TJX,,0000109198-25-000010,2025/pilot_100/html/raw/0000109198/0000109198-25-000010.html,7d2ba4fe667e826ec185a9c4b8232966ca3a17a4c059e38de1bd4901d2b3bbf7,2025/pilot_100/text/company_text/0000109198/0000109198-25-000010_analysis_text.txt,365ad765a82fbfb803036a3d2d4061ae1c2ecf9e0640563c1540e85b82b6e23e,2025/pilot_100/text/company_text/0000109198/0000109198-25-000010_structure_preserved_text.txt,2025/pilot_100/text/company_text/0000109198/0000109198-25-000010_table_text.txt,2338219,234180,237420,52422,35288,692,1480,10,81,0,1,warning,1,1.0.3,2026-07-29T12:00:51.114749+00:00
P2025-011,0000906163,NVR,,0000906163-26-000018,2025/pilot_100/html/raw/0000906163/0000906163-26-000018.html,ba2e571515a67ec7a62364a002e2f5ee8a6d8cd060d8b3f635ebc6810afb01cd,2025/pilot_100/text/company_text/0000906163/0000906163-26-000018_analysis_text.txt,da11c45bf1901a1502f1a25a224bcf837a143885fdc26942b128f87b5b2a2520,2025/pilot_100/text/company_text/0000906163/0000906163-26-000018_structure_preserved_text.txt,2025/pilot_100/text/company_text/0000906163/0000906163-26-000018_table_text.txt,1779174,183476,186316,40341,27761,652,1343,10,71,0,1,success,0,1.0.3,2026-07-29T12:00:51.598518+00:00
P2025-012,0001792789,DASH,,0001792789-26-000013,2025/pilot_100/html/raw/0001792789/0001792789-26-000013.html,35a8e226943482bf94400ba000fa7370f05ff59fed9aec301ac4f622ad119b9f,2025/pilot_100/text/company_text/0001792789/0001792789-26-000013_analysis_text.txt,38ce607bec89d3242ae6c509697ba052c1db9fb4e34f6a36cf837ea74eafd21d,2025/pilot_100/text/company_text/0001792789/0001792789-26-000013_structure_preserved_text.txt,2025/pilot_100/text/company_text/0001792789/0001792789-26-000013_table_text.txt,2626599,462903,466743,49276,69816,1174,2552,10,96,0,1,success,0,1.0.3,2026-07-29T12:00:52.321954+00:00
P2025-013,0001513761,NCLH,,0001104659-26-022067,2025/pilot_100/html/raw/0001513761/0001104659-26-022067.html,fd8ec256d840edd65065f650147eee1139a04c579b14ebb0b5d63d6144524908,2025/pilot_100/text/company_text/0001513761/0001104659-26-022067_analysis_text.txt,b33cc78caac7d6d9d180d7e624e0d277b5878a6a6a629d4a21f2fe350fa4f88f,2025/pilot_100/text/company_text/0001513761/0001104659-26-022067_structure_preserved_text.txt,2025/pilot_100/text/company_text/0001513761/0001104659-26-022067_table_text.txt,3670846,410170,419010,121936,62807,890,2433,10,221,0,1,success,0,1.0.3,2026-07-29T12:00:53.238681+00:00
P2025-014,0000037996,F,,0000037996-26-000015,2025/pilot_100/html/raw/0000037996/0000037996-26-000015.html,3bbda349b5831cfb9a2686dbdb7d87614bcdbe2d195aa8ecd9b39215945361f9,2025/pilot_100/text/company_text/0000037996/0000037996-26-000015_analysis_text.txt,193e11193d2a019a7a3a4d8e8ba6ee4371c5d0d62587f3bd76b85ae8cbb300b0,2025/pilot_100/text/company_text/0000037996/0000037996-26-000015_structure_preserved_text.txt,2025/pilot_100/text/company_text/0000037996/0000037996-26-000015_table_text.txt,5281502,531086,537006,104821,79321,1611,3712,10,148,0,1,success,0,1.0.3,2026-07-29T12:00:54.483634+00:00
P2025-015,0000313927,CHD,,0001193125-26-048139,2025/pilot_100/html/raw/0000313927/0001193125-26-048139.html,ba9723819279cc3e3fc195b640be87768f3f08bb254ffd19c69a25cd26517822,2025/pilot_100/text/company_text/0000313927/0001193125-26-048139_analysis_text.txt,bf46ae76b69e008d74b3edc1aad5d473dbd79e076aabc6d211cc6132b4f733e3,2025/pilot_100/text/company_text/0000313927/0001193125-26-048139_structure_preserved_text.txt,2025/pilot_100/text/company_text/0000313927/0001193125-26-048139_table_text.txt,4736851,448095,450815,43607,67285,1075,2782,2,68,35,1,warning,1,1.0.3,2026-07-29T12:00:55.428797+00:00
P2025-016,0000040704,GIS,,0001193125-25-147079,2025/pilot_100/html/raw/0000040704/0001193125-25-147079.html,12cd5e15e6bf5662b4a6012289b805ec6f81a1a8f1915be7031ed45149a74dd6,2025/pilot_100/text/company_text/0000040704/0001193125-25-147079_analysis_text.txt,ec9ae7394f774a337d28f81abf71507f6cfb6ca7110aece56065492614942fc7,2025/pilot_100/text/company_text/0000040704/0001193125-25-147079_structure_preserved_text.txt,2025/pilot_100/text/company_text/0000040704/0001193125-25-147079_table_text.txt,5311598,234141,234141,0,37381,6311,7010,0,0,339,1,warning,1,1.0.3,2026-07-29T12:00:57.176432+00:00
P2025-017,0000021665,CL,,0000021665-26-000006,2025/pilot_100/html/raw/0000021665/0000021665-26-000006.html,40b964c84ab3b001dd03b4f5eaa07ac32e9ee71c0d83a287e8537c75c65108f6,2025/pilot_100/text/company_text/0000021665/0000021665-26-000006_analysis_text.txt,027e80b3ccfda3a883c6d404dd1efa4e421245309aa60fc0215da596793c0ec0,2025/pilot_100/text/company_text/0000021665/0000021665-26-000006_structure_preserved_text.txt,2025/pilot_100/text/company_text/0000021665/0000021665-26-000006_table_text.txt,2832052,286184,290704,53034,42395,937,1832,9,113,0,1,success,0,1.0.3,2026-07-29T12:00:57.924323+00:00
P2025-018,0000016918,STZ,,0000016918-25-000022,2025/pilot_100/html/raw/0000016918/0000016918-25-000022.html,baee973af32222ab3f10fc80feeeda3567acd791cb4542433f9cfa7b39d03868,2025/pilot_100/text/company_text/0000016918/0000016918-25-000022_analysis_text.txt,3e87fe4d39aeba35c5b3a9296418f045bbe9ddb35ce0433247f2662351d30453,2025/pilot_100/text/company_text/0000016918/0000016918-25-000022_structure_preserved_text.txt,2025/pilot_100/text/company_text/0000016918/0000016918-25-000022_table_text.txt,3464720,314620,329620,127501,46922,1036,2029,9,375,1,1,warning,1,1.0.3,2026-07-29T12:00:58.751589+00:00
P2025-019,0000091419,SJM,,0000091419-25-000056,2025/pilot_100/html/raw/0000091419/0000091419-25-000056.html,24f4f739ef55bb5fc1e5cff8041c6f01c1716dceac7f427de8dfd700455fd629,2025/pilot_100/text/company_text/0000091419/0000091419-25-000056_analysis_text.txt,de03d7ff73cc1c47b39060514a701989f6cfb4a0901a33306348ff77815565ee,2025/pilot_100/text/company_text/0000091419/0000091419-25-000056_structure_preserved_text.txt,2025/pilot_100/text/company_text/0000091419/0000091419-25-000056_table_text.txt,2998212,329255,332975,66877,49665,755,1953,10,93,0,1,success,0,1.0.3,2026-07-29T12:00:59.569922+00:00
P2025-020,0000100493,TSN,,0000100493-25-000095,2025/pilot_100/html/raw/0000100493/0000100493-25-000095.html,0cd48e98cf6747eb56060a9e76d9650ee3bb541569e8d5b89e7e3d8b1ff94694,2025/pilot_100/text/company_text/0000100493/0000100493-25-000095_analysis_text.txt,d8036413f4e6bbd8c5d28fd4b4c209c847a0bf383bc6bcad989acaeef4658e47,2025/pilot_100/text/company_text/0000100493/0000100493-25-000095_structure_preserved_text.txt,2025/pilot_100/text/company_text/0000100493/0000100493-25-000095_table_text.txt,3290079,349594,353794,78397,52656,982,2286,10,105,0,1,success,0,1.0.3,2026-07-29T12:01:00.354128+00:00
P2025-021,0000104169,WMT,,0000104169-25-000021,2025/pilot_100/html/raw/0000104169/0000104169-25-000021.html,fb8c04a6e50d964f863c694130afe0abdd827e05d23c41389c61c82a182234e2,2025/pilot_100/text/company_text/0000104169/0000104169-25-000021_analysis_text.txt,4200bce3ff4568d57d8fed1ed0db473f2bfb1aa1b2ada23af4e370dc3faf154c,2025/pilot_100/text/company_text/0000104169/0000104169-25-000021_structure_preserved_text.txt,2025/pilot_100/text/company_text/0000104169/0000104169-25-000021_table_text.txt,2335078,316542,320942,57225,47109,768,1790,0,110,0,1,warning,1,1.0.3,2026-07-29T12:01:01.077167+00:00
P2025-022,0000034088,XOM,,0000034088-26-000045,2025/pilot_100/html/raw/0000034088/0000034088-26-000045.html,3591db2246ab14c52465d32f69b459b000919c141a5656c81cf59acf0a805be8,2025/pilot_100/text/company_text/0000034088/0000034088-26-000045_analysis_text.txt,77eaf03d80a2f62030b72b575449b68f7037471dfb2abfe4b799cc07ff12a70b,2025/pilot_100/text/company_text/0000034088/0000034088-26-000045_structure_preserved_text.txt,2025/pilot_100/text/company_text/0000034088/0000034088-26-000045_table_text.txt,5591068,283021,295341,150245,41037,814,1825,0,308,0,1,warning,1,1.0.3,2026-07-29T12:01:02.218224+00:00
P2025-023,0001539838,FANG,,0001539838-26-000010,2025/pilot_100/html/raw/0001539838/0001539838-26-000010.html,22e82238d0487fd11b8df87031dc9e68b0817bbcf6c9d5a87957aca68b6e61be,2025/pilot_100/text/company_text/0001539838/0001539838-26-000010_analysis_text.txt,3468db21c7620afe4198173d06a47d6ec273ad0ace0f24d978b59b1d7d56e18e,2025/pilot_100/text/company_text/0001539838/0001539838-26-000010_structure_preserved_text.txt,2025/pilot_100/text/company_text/0001539838/0001539838-26-000010_table_text.txt,3465123,460543,464743,88846,69312,1304,2720,8,105,0,1,success,0,1.0.3,2026-07-29T12:01:03.165482+00:00
P2025-024,0000045012,HAL,,0000045012-26-000015,2025/pilot_100/html/raw/0000045012/0000045012-26-000015.html,0d9d8ee47f5f74dc98aff1862a1426f85d7ba896027e17e1d79e28070782523f,2025/pilot_100/text/company_text/0000045012/0000045012-26-000015_analysis_text.txt,ff2efe11746cd598942f68b838198566a06ce924935d0ea52df9454ea96c49a6,2025/pilot_100/text/company_text/0000045012/0000045012-26-000015_structure_preserved_text.txt,2025/pilot_100/text/company_text/0000045012/0000045012-26-000015_table_text.txt,4561045,218171,224811,67649,33239,2183,2919,5,166,0,1,success,0,1.0.3,2026-07-29T12:01:04.098437+00:00
P2025-025,0000093410,CVX,,0000093410-26-000078,2025/pilot_100/html/raw/0000093410/0000093410-26-000078.html,eba2b2a9b395e555114d1aa5f7e0048b03d6d49665b10e48cb9f3c23da4e1f07,2025/pilot_100/text/company_text/0000093410/0000093410-26-000078_analysis_text.txt,65b0c3bdf65a1252cac601cba71afd8e21e42de30d7fa7815501dc80b2239728,2025/pilot_100/text/company_text/0000093410/0000093410-26-000078_structure_preserved_text.txt,2025/pilot_100/text/company_text/0000093410/0000093410-26-000078_table_text.txt,6061316,346800,358400,150669,51908,998,2342,10,290,0,1,warning,1,1.0.3,2026-07-29T12:01:05.374147+00:00
P2025-026,0001140536,WTW,,0001193125-26-069307,2025/pilot_100/html/raw/0001140536/0001193125-26-069307.html,a31cd17966000ef2c46f921b7f739131f1027b2db47db17cdb6a14b469a4d7b0,2025/pilot_100/text/company_text/0001140536/0001193125-26-069307_analysis_text.txt,d754b3478d57c203e7a09695125d6b9b7c7f7dee7cd5974f5cb73dbf594092e3,2025/pilot_100/text/company_text/0001140536/0001193125-26-069307_structure_preserved_text.txt,2025/pilot_100/text/company_text/0001140536/0001193125-26-069307_table_text.txt,9532413,713639,718479,76597,107790,1464,4083,10,121,67,1,success,0,1.0.3,2026-07-29T12:01:07.268222+00:00
P2025-027,0001141391,MA,,0001141391-26-000013,2025/pilot_100/html/raw/0001141391/0001141391-26-000013.html,9e2b0b6bc5a5e34b1336446219c74e65952fc390f1e83d82afff84f8e84a35e0,2025/pilot_100/text/company_text/0001141391/0001141391-26-000013_analysis_text.txt,cecdede9b1372d02002ffaf28ae0e64fb578bc0b72675089d6dc624cd8bb7dba,2025/pilot_100/text/company_text/0001141391/0001141391-26-000013_structure_preserved_text.txt,2025/pilot_100/text/company_text/0001141391/0001141391-26-000013_table_text.txt,3067677,359018,363858,95711,52630,1374,2700,10,121,0,1,success,0,1.0.3,2026-07-29T12:01:08.257851+00:00
P2025-028,0000093751,STT,,0000093751-26-000124,2025/pilot_100/html/raw/0000093751/0000093751-26-000124.html,c8ebfd008d81bba5618805ba416fb2ac71f343195fb1e612952322175da01980,2025/pilot_100/text/company_text/0000093751/0000093751-26-000124_analysis_text.txt,3ff7331874b2f41c0343e97b20e694812ba43782312e48933045e66d955d7d0b,2025/pilot_100/text/company_text/0000093751/0000093751-26-000124_structure_preserved_text.txt,2025/pilot_100/text/company_text/0000093751/0000093751-26-000124_table_text.txt,7694408,686034,691914,141661,101817,2348,4232,10,147,0,1,warning,1,1.0.3,2026-07-29T12:01:09.889941+00:00
P2025-029,0000070858,BAC,,0000070858-26-000157,2025/pilot_100/html/raw/0000070858/0000070858-26-000157.html,c8725c7963d19cd6a2f3c1d0034b2a1068b4490124be6b6600a4db23be5ed134,2025/pilot_100/text/company_text/0000070858/0000070858-26-000157_analysis_text.txt,723ef9a03bdcb06e513b897ff4a1a8265e07ccea8996e03e49f0b5e804175b4c,2025/pilot_100/text/company_text/0000070858/0000070858-26-000157_structure_preserved_text.txt,2025/pilot_100/text/company_text/0000070858/0000070858-26-000157_table_text.txt,12819060,713240,727560,214719,104965,1992,4320,8,358,0,1,warning,1,1.0.3,2026-07-29T12:01:12.664856+00:00
P2025-030,0000038777,BEN,,0000038777-25-000238,2025/pilot_100/html/raw/0000038777/0000038777-25-000238.html,6cb0dfcd42c8f61c6ac2d6aec80102b1d455d03437e7311f241abb9cca38f548,2025/pilot_100/text/company_text/0000038777/0000038777-25-000238_analysis_text.txt,cf9e56d2e2728c245b9be9fb785656eafa7d1b70caff4c167b790f52981457f1,2025/pilot_100/text/company_text/0000038777/0000038777-25-000238_structure_preserved_text.txt,2025/pilot_100/text/company_text/0000038777/0000038777-25-000238_table_text.txt,2802766,310625,314185,59289,45567,818,1819,10,89,0,1,success,0,1.0.3,2026-07-29T12:01:13.469182+00:00
P2025-031,0001393818,BX,,0001193125-26-082531,2025/pilot_100/html/raw/0001393818/0001193125-26-082531.html,41f95da0a743445810635c3d775c2af06a94856fca571466d15f6e677fed8044,2025/pilot_100/text/company_text/0001393818/0001193125-26-082531_analysis_text.txt,6f0bc3cd67b4f8932e9a47610f56bae4c92102d9cad93a6545499ecb7e223984,2025/pilot_100/text/company_text/0001393818/0001193125-26-082531_structure_preserved_text.txt,2025/pilot_100/text/company_text/0001393818/0001193125-26-082531_table_text.txt,9097644,473296,498336,329630,69216,2151,3660,1,626,143,1,warning,1,1.0.3,2026-07-29T12:01:15.622025+00:00
P2025-032,0001281761,RF,,0001281761-26-000019,2025/pilot_100/html/raw/0001281761/0001281761-26-000019.html,0293dc5e9bf5a4c7137c62313437df8e8ba805141ce15fbba34cf8fd869351ad,2025/pilot_100/text/company_text/0001281761/0001281761-26-000019_analysis_text.txt,d28029c75639dcae758195476a656c7f14d3abc9fb75e8484f881f49bc5bee75,2025/pilot_100/text/company_text/0001281761/0001281761-26-000019_structure_preserved_text.txt,2025/pilot_100/text/company_text/0001281761/0001281761-26-000019_table_text.txt,7576810,566416,572096,130952,83890,1667,3693,10,142,0,1,success,0,1.0.3,2026-07-29T12:01:17.167088+00:00
P2025-033,0000895421,MS,,0000895421-26-000086,2025/pilot_100/html/raw/0000895421/0000895421-26-000086.html,7730c07b38fc8699b560d77a0add54a8c4da62a57adbbea2a37cd929fee1734a,2025/pilot_100/text/company_text/0000895421/0000895421-26-000086_analysis_text.txt,c89c6f90e056514deb9ccf4e265c8e3de505d856d8229624cd2e571c5c026bd4,2025/pilot_100/text/company_text/0000895421/0000895421-26-000086_structure_preserved_text.txt,2025/pilot_100/text/company_text/0000895421/0000895421-26-000086_table_text.txt,9714712,626710,652030,194192,91316,2265,4461,0,633,1,1,warning,1,1.0.3,2026-07-29T12:01:19.191739+00:00
P2025-034,0000004977,AFL,,0001628280-26-011402,2025/pilot_100/html/raw/0000004977/0001628280-26-011402.html,5f0c1e424380cb7da8b2d57e2e88623473af0aaed9c7eaf6621a09caf2fd28d0,2025/pilot_100/text/company_text/0000004977/0001628280-26-011402_analysis_text.txt,75a0afac513869bd141ae6d434346c363f3881e0d2305a14728d6d729086daf2,2025/pilot_100/text/company_text/0000004977/0001628280-26-011402_structure_preserved_text.txt,2025/pilot_100/text/company_text/0000004977/0001628280-26-011402_table_text.txt,8903397,533574,542014,165538,79154,1899,3774,10,211,0,1,success,0,1.0.3,2026-07-29T12:01:21.003088+00:00
P2025-035,0001136893,FIS,,0001136893-26-000013,2025/pilot_100/html/raw/0001136893/0001136893-26-000013.html,0f51e883fec093869d5ed0549e79bf6778e74c45684422f862dde4927b46caa9,2025/pilot_100/text/company_text/0001136893/0001136893-26-000013_analysis_text.txt,562dca982c918f47b4dd29096f31f4903ac47f2caa92c9fc83707838019b91ea,2025/pilot_100/text/company_text/0001136893/0001136893-26-000013_structure_preserved_text.txt,2025/pilot_100/text/company_text/0001136893/0001136893-26-000013_table_text.txt,3006076,377912,381072,59256,55509,1041,2309,10,79,0,1,warning,1,1.0.3,2026-07-29T12:01:21.872700+00:00
P2025-036,0000036270,MTB,,0000036270-26-000010,2025/pilot_100/html/raw/0000036270/0000036270-26-000010.html,c26cca148c6982b71ea6f1734a8484ba88e7049407939579a7236efe9e25a161,2025/pilot_100/text/company_text/0000036270/0000036270-26-000010_analysis_text.txt,0da49fe3eaea21313360dbe22f2e0db5a2e65886f11d2a8e490b36905ca67e04,2025/pilot_100/text/company_text/0000036270/0000036270-26-000010_structure_preserved_text.txt,2025/pilot_100/text/company_text/0000036270/0000036270-26-000010_table_text.txt,7743791,448595,454715,137836,65813,1279,2680,10,153,0,1,success,0,1.0.3,2026-07-29T12:01:23.382797+00:00
P2025-037,0001512673,XYZ,,0001628280-26-012254,2025/pilot_100/html/raw/0001512673/0001628280-26-012254.html,4a79658826f13b9262a4686bfecaafab31c128e6a54b59932724c43c7e2de3f2,2025/pilot_100/text/company_text/0001512673/0001628280-26-012254_analysis_text.txt,aeecf7acb4a76034542de08f0284e2d4f6861f0c512fb387a6b19ee820df85c6,2025/pilot_100/text/company_text/0001512673/0001628280-26-012254_structure_preserved_text.txt,2025/pilot_100/text/company_text/0001512673/0001628280-26-012254_table_text.txt,3098527,498278,502158,60364,75730,1206,2866,10,97,0,1,warning,1,1.0.3,2026-07-29T12:01:24.224765+00:00
P2025-038,0002012383,BLK,,0001193125-26-071966,2025/pilot_100/html/raw/0002012383/0001193125-26-071966.html,ae1e60a7e01f21e4398ba628b00df02181eb65f12a2d0c499b1613deac2d4493,2025/pilot_100/text/company_text/0002012383/0001193125-26-071966_analysis_text.txt,c7fdf8974a446026326397ee0ef40260530ecc59efd4675e9879c0ecfc1acdf8,2025/pilot_100/text/company_text/0002012383/0001193125-26-071966_structure_preserved_text.txt,2025/pilot_100/text/company_text/0002012383/0001193125-26-071966_table_text.txt,12551314,765123,770283,94383,112545,1620,4547,10,129,34,1,success,0,1.0.3,2026-07-29T12:01:26.281745+00:00
P2025-039,0000072971,WFC,,0000072971-26-000133,2025/pilot_100/html/raw/0000072971/0000072971-26-000133.html,63f0906ae441374efdd57b759c550ad69982fcfe41c737f1c39e9679e57379a5,2025/pilot_100/text/company_text/0000072971/0000072971-26-000133_analysis_text.txt,d63e57644fdb2c493ce882619adac22ca098e5dfce6f0f7aad2af7a27540ae3b,2025/pilot_100/text/company_text/0000072971/0000072971-26-000133_structure_preserved_text.txt,2025/pilot_100/text/company_text/0000072971/0000072971-26-000133_table_text.txt,359609,62326,63926,25825,9287,229,431,0,40,0,1,warning,1,1.0.3,2026-07-29T12:01:26.399909+00:00
P2025-040,0000315293,AON,,0001628280-26-008116,2025/pilot_100/html/raw/0000315293/0001628280-26-008116.html,938e6f95f04ae29a61509edfccacc03a6fa1cff2bfebf159a6409d50898cb442,2025/pilot_100/text/company_text/0000315293/0001628280-26-008116_analysis_text.txt,508a83a9c7daa44dd36231e9b7a3af702c4e736bdd07afdb20853d4d5897287b,2025/pilot_100/text/company_text/0000315293/0001628280-26-008116_structure_preserved_text.txt,2025/pilot_100/text/company_text/0000315293/0001628280-26-008116_table_text.txt,3792932,362540,367780,101171,54179,1057,2209,9,131,0,1,success,0,1.0.3,2026-07-29T12:01:27.300368+00:00
P2025-041,0001035267,ISRG,,0001035267-26-000010,2025/pilot_100/html/raw/0001035267/0001035267-26-000010.html,71fc0975ef819c16142d85614e92112e513445a24e4b808775607063f960c593,2025/pilot_100/text/company_text/0001035267/0001035267-26-000010_analysis_text.txt,8acddd0a19a6239c9e610be8e05e6b491a6ba17119495e5310a740fdebe9cb35,2025/pilot_100/text/company_text/0001035267/0001035267-26-000010_structure_preserved_text.txt,2025/pilot_100/text/company_text/0001035267/0001035267-26-000010_table_text.txt,2789282,555512,558672,43075,82216,1300,3290,10,79,0,1,success,0,1.0.3,2026-07-29T12:01:28.188909+00:00
P2025-042,0000313616,DHR,,0000313616-26-000062,2025/pilot_100/html/raw/0000313616/0000313616-26-000062.html,ba28479fff8fe7634f55c4694db5424b49d33e7f0ecdeeab0def3038b9ff5520,2025/pilot_100/text/company_text/0000313616/0000313616-26-000062_analysis_text.txt,1c41b9a141abef85d207ef224b9bf6a96f1e76f99b07b1d950a7aa61fcd024b0,2025/pilot_100/text/company_text/0000313616/0000313616-26-000062_structure_preserved_text.txt,2025/pilot_100/text/company_text/0000313616/0000313616-26-000062_table_text.txt,2936061,428016,431336,61136,62983,1032,2342,10,83,0,1,warning,1,1.0.3,2026-07-29T12:01:28.916110+00:00
P2025-043,0000860730,HCA,,0001193125-26-044769,2025/pilot_100/html/raw/0000860730/0001193125-26-044769.html,39c3e281a408cb4995981892498f21abdec254a592258e84a8583f5340e86d95,2025/pilot_100/text/company_text/0000860730/0001193125-26-044769_analysis_text.txt,1af1a665a2103ab997f60ee72f68751710d5266a86e8633557bf1f834983ee32,2025/pilot_100/text/company_text/0000860730/0001193125-26-044769_structure_preserved_text.txt,2025/pilot_100/text/company_text/0000860730/0001193125-26-044769_table_text.txt,5498741,511088,513848,77593,75580,1118,3069,10,69,25,1,success,0,1.0.3,2026-07-29T12:01:30.090222+00:00
P2025-044,0000872589,REGN,,0000872589-26-000008,2025/pilot_100/html/raw/0000872589/0000872589-26-000008.html,8f360b6bd6e90d445d6246c3cb2de3a24814b5622aa3549a81e60ddf4723c9a7,2025/pilot_100/text/company_text/0000872589/0000872589-26-000008_analysis_text.txt,557f5e31196b7570d29efa60ec1e17b15890161a4945ce10eec62ccf763b7623,2025/pilot_100/text/company_text/0000872589/0000872589-26-000008_structure_preserved_text.txt,2025/pilot_100/text/company_text/0000872589/0000872589-26-000008_table_text.txt,3119136,484979,489139,100188,72195,1133,2637,10,104,0,1,warning,1,1.0.3,2026-07-29T12:01:31.060458+00:00
P2025-045,0001071739,CNC,,0001071739-26-000049,2025/pilot_100/html/raw/0001071739/0001071739-26-000049.html,71a2f3eb69d84358fb0d47d44f30f3993e545f63d6a290159b4721f6ea4f2e15,2025/pilot_100/text/company_text/0001071739/0001071739-26-000049_analysis_text.txt,e8000249ff5b71c206123eaaeb98b135e35621cf11d0f722b5957ecfeb2cf42f,2025/pilot_100/text/company_text/0001071739/0001071739-26-000049_structure_preserved_text.txt,2025/pilot_100/text/company_text/0001071739/0001071739-26-000049_table_text.txt,3196200,412747,415667,59309,61344,1116,2550,10,73,0,1,success,0,1.0.3,2026-07-29T12:01:32.071220+00:00
P2025-046,0001000228,HSIC,,0001000228-26-000013,2025/pilot_100/html/raw/0001000228/0001000228-26-000013.html,609540a4dcd38db5816c10f90b3c620367c1f630c6bd9efd2e7a83b8b70cb5a8,2025/pilot_100/text/company_text/0001000228/0001000228-26-000013_analysis_text.txt,68ec04c119be56fbe380e7825653d713ade7dfaf353244c9e14422ae7b3c822a,2025/pilot_100/text/company_text/0001000228/0001000228-26-000013_structure_preserved_text.txt,2025/pilot_100/text/company_text/0001000228/0001000228-26-000013_table_text.txt,4769583,307055,307055,0,47178,5106,5808,1,0,563,1,warning,1,1.0.3,2026-07-29T12:01:33.541663+00:00
P2025-047,0001000697,WAT,,0001193125-26-062604,2025/pilot_100/html/raw/0001000697/0001193125-26-062604.html,9413f1aed7121b5fd127c6e2c30deb2564dd02dbe931bab14ff5534c847a8187,2025/pilot_100/text/company_text/0001000697/0001193125-26-062604_analysis_text.txt,889b60c93a94f5d436ecbd94d101d4ef2700ec986b63c22ab0457750be7ce3e0,2025/pilot_100/text/company_text/0001000697/0001193125-26-062604_structure_preserved_text.txt,2025/pilot_100/text/company_text/0001000697/0001193125-26-062604_table_text.txt,3024698,377594,386754,94332,55899,1063,2356,9,229,4,1,success,0,1.0.3,2026-07-29T12:01:34.367866+00:00
P2025-048,0000731766,UNH,,0000731766-26-000062,2025/pilot_100/html/raw/0000731766/0000731766-26-000062.html,ac66517766674908c3702dab75f52fc650729cef9dd81dfe04a580a8429c8543,2025/pilot_100/text/company_text/0000731766/0000731766-26-000062_analysis_text.txt,ca646656e892ac0c33d928f8e0782faa2cf3710118972d7209b6b1dc73ade9e0,2025/pilot_100/text/company_text/0000731766/0000731766-26-000062_structure_preserved_text.txt,2025/pilot_100/text/company_text/0000731766/0000731766-26-000062_table_text.txt,2870606,268445,271365,59331,39029,762,1649,9,73,0,1,warning,1,1.0.3,2026-07-29T12:01:34.927910+00:00
P2025-049,0001555280,ZTS,,0001555280-26-000011,2025/pilot_100/html/raw/0001555280/0001555280-26-000011.html,f967ea9cc1140377f1ac4861adf492e4c1790cc5a82ac8f5d9f519dc62dc4ec0,2025/pilot_100/text/company_text/0001555280/0001555280-26-000011_analysis_text.txt,854c03390797e200cb263a3cbf5b13b805031c0c1931a36990f91321a256581b,2025/pilot_100/text/company_text/0001555280/0001555280-26-000011_structure_preserved_text.txt,2025/pilot_100/text/company_text/0001555280/0001555280-26-000011_table_text.txt,3307949,437098,440938,68761,64891,1404,2935,9,96,0,1,success,0,1.0.3,2026-07-29T12:01:35.964632+00:00
P2025-050,0000010456,BAX,,0001628280-26-007733,2025/pilot_100/html/raw/0000010456/0001628280-26-007733.html,5f55268d5607d8f1bb32e9aef45c945d3eed01fa81b94c6cf1fd284ce35d4a98,2025/pilot_100/text/company_text/0000010456/0001628280-26-007733_analysis_text.txt,d8e4ce7ef243f4bdccb9fe01ff2b5ec6b205f3c9a688f29e0ab8ee55fb7994c5,2025/pilot_100/text/company_text/0000010456/0001628280-26-007733_structure_preserved_text.txt,2025/pilot_100/text/company_text/0000010456/0001628280-26-007733_table_text.txt,3388596,396315,401595,85841,59498,1025,2332,10,132,0,1,success,0,1.0.3,2026-07-29T12:01:36.756544+00:00
P2025-051,0000842023,TECH,,0001558370-25-011716,2025/pilot_100/html/raw/0000842023/0001558370-25-011716.html,0efe4817f3aea841522811e614984773664ef184d856a45461b612e9435451a4,2025/pilot_100/text/company_text/0000842023/0001558370-25-011716_analysis_text.txt,53d25803973ed16087b52d946c1fdaa6f136b027341ccc260c7f39582effec57,2025/pilot_100/text/company_text/0000842023/0001558370-25-011716_structure_preserved_text.txt,2025/pilot_100/text/company_text/0000842023/0001558370-25-011716_table_text.txt,3861666,330731,336731,63728,48962,721,2056,10,150,1,1,success,0,1.0.3,2026-07-29T12:01:37.495780+00:00
P2025-052,0001093557,DXCM,,0001093557-26-000027,2025/pilot_100/html/raw/0001093557/0001093557-26-000027.html,29ebaafbc8b5fab0a01f8298a54291c4c41216bd5c91f318dd71b70de0c99f9e,2025/pilot_100/text/company_text/0001093557/0001093557-26-000027_analysis_text.txt,a0d9ffc0fa57b188d73153cfb670433d9e55dbf1643f8b8148b0af266edc2c06,2025/pilot_100/text/company_text/0001093557/0001093557-26-000027_structure_preserved_text.txt,2025/pilot_100/text/company_text/0001093557/0001093557-26-000027_table_text.txt,2525851,490035,498275,62184,73683,1265,2837,0,206,0,1,warning,1,1.0.3,2026-07-29T12:01:38.363642+00:00
P2025-053,0000936468,LMT,,0001628280-26-004195,2025/pilot_100/html/raw/0000936468/0001628280-26-004195.html,252829a67a8ce7821a595295a9a20353f8a05c18a2ff989a9b21983a1ea51b32,2025/pilot_100/text/company_text/0000936468/0001628280-26-004195_analysis_text.txt,bf95ce2a50e87899e803f4060a47f31747530a5f16fb038aeab2ab4db05749aa,2025/pilot_100/text/company_text/0000936468/0001628280-26-004195_structure_preserved_text.txt,2025/pilot_100/text/company_text/0000936468/0001628280-26-004195_table_text.txt,2909179,380486,383406,53438,56662,849,2247,10,73,0,1,warning,1,1.0.3,2026-07-29T12:01:39.063606+00:00
P2025-054,0000702165,NSC,,0001628280-26-006268,2025/pilot_100/html/raw/0000702165/0001628280-26-006268.html,770d26b67ba8d7eec7546cf60f7c86e5a21db151390854ea8ae4a76b0b246eb7,2025/pilot_100/text/company_text/0000702165/0001628280-26-006268_analysis_text.txt,2c79a429920038d8bef35f0cca39cd6eff0d3a849dd0c8630692c2a3d468b4e9,2025/pilot_100/text/company_text/0000702165/0001628280-26-006268_structure_preserved_text.txt,2025/pilot_100/text/company_text/0000702165/0001628280-26-006268_table_text.txt,2364467,235979,239619,75196,35432,834,1641,8,91,0,1,success,0,1.0.3,2026-07-29T12:01:39.605603+00:00
P2025-055,0000052988,J,,0001628280-25-053316,2025/pilot_100/html/raw/0000052988/0001628280-25-053316.html,1250f450b3589f3dcf02d75de42b32b275dbd85d524517fea185cfc7153d6e1a,2025/pilot_100/text/company_text/0000052988/0001628280-25-053316_analysis_text.txt,b458fe1259575f4a54340c5ed62dbee675851ca10dbefa57facae1e9cad05c0f,2025/pilot_100/text/company_text/0000052988/0001628280-25-053316_structure_preserved_text.txt,2025/pilot_100/text/company_text/0000052988/0001628280-25-053316_table_text.txt,3349864,417340,422300,90276,61964,1236,2527,10,124,0,1,warning,1,1.0.3,2026-07-29T12:01:40.517300+00:00
P2025-056,0000105634,EME,,0000105634-26-000025,2025/pilot_100/html/raw/0000105634/0000105634-26-000025.html,25eb2d14cda68250b69a22193aea3559687a2f2537b05d859cfd347153188426,2025/pilot_100/text/company_text/0000105634/0000105634-26-000025_analysis_text.txt,4ad15dd345c48235aa94223d8517da6238a236a8abf85002f1b23733698de3bc,2025/pilot_100/text/company_text/0000105634/0000105634-26-000025_structure_preserved_text.txt,2025/pilot_100/text/company_text/0000105634/0000105634-26-000025_table_text.txt,2769673,319348,322988,63338,47325,884,1897,9,91,0,1,success,0,1.0.3,2026-07-29T12:01:41.168158+00:00
P2025-057,0000076334,PH,,0000076334-25-000035,2025/pilot_100/html/raw/0000076334/0000076334-25-000035.html,54c81419ebe52a0002245da57e399252ffedd5520d0f9f48c632e58b4cc66ad9,2025/pilot_100/text/company_text/0000076334/0000076334-25-000035_analysis_text.txt,9ed3816f0e9c4881354a8dce1603f905c5cbebdd89096ba798785a3d046896dc,2025/pilot_100/text/company_text/0000076334/0000076334-25-000035_structure_preserved_text.txt,2025/pilot_100/text/company_text/0000076334/0000076334-25-000035_table_text.txt,2461050,203221,207021,66060,30252,678,1447,10,95,0,1,success,0,1.0.3,2026-07-29T12:01:41.737469+00:00
P2025-058,0000900075,CPRT,,0001628280-25-042946,2025/pilot_100/html/raw/0000900075/0001628280-25-042946.html,bc5f78bd9812699603d3201bce9142fcaf957e590212384e3363854fd734e0b9,2025/pilot_100/text/company_text/0000900075/0001628280-25-042946_analysis_text.txt,80ef81f5907c0421f101061757ab13c77077cec8513c428baa328a67dd024a60,2025/pilot_100/text/company_text/0000900075/0001628280-25-042946_structure_preserved_text.txt,2025/pilot_100/text/company_text/0000900075/0001628280-25-042946_table_text.txt,2029406,268571,271211,38567,40534,791,1723,10,66,0,1,success,0,1.0.3,2026-07-29T12:01:42.538479+00:00
P2025-060,0001090727,UPS,,0001628280-26-008432,2025/pilot_100/html/raw/0001090727/0001628280-26-008432.html,1bc12e96bd1832cceba0c98975fcacbcec60a157b3125ee8f73a5dfff72344ed,2025/pilot_100/text/company_text/0001090727/0001628280-26-008432_analysis_text.txt,654481f0765871f31ac0bb302fa0736f05b7f0d4f340d4d2fb19d4243439ba81,2025/pilot_100/text/company_text/0001090727/0001628280-26-008432_structure_preserved_text.txt,2025/pilot_100/text/company_text/0001090727/0001628280-26-008432_table_text.txt,4075933,358467,362787,79243,53330,1390,2807,9,108,0,1,success,0,1.0.3,2026-07-29T12:01:43.461560+00:00
P2025-061,0001048911,FDX,,0001048911-25-000011,2025/pilot_100/html/raw/0001048911/0001048911-25-000011.html,c6f9427dee3baa0f2629deb28ebbe903194116ecc1960b8538a4020b7ee8068f,2025/pilot_100/text/company_text/0001048911/0001048911-25-000011_analysis_text.txt,1725fb7c622a7cb8fce0c853668fc5af212b1c48f4aad5b75207018e5878d368,2025/pilot_100/text/company_text/0001048911/0001048911-25-000011_structure_preserved_text.txt,2025/pilot_100/text/company_text/0001048911/0001048911-25-000011_table_text.txt,3450652,444621,448861,90881,65613,1306,3016,10,106,0,1,success,0,1.0.3,2026-07-29T12:01:44.375341+00:00
P2025-062,0001067701,URI,,0001067701-26-000007,2025/pilot_100/html/raw/0001067701/0001067701-26-000007.html,cfb5e48708aeaa230310a2dfdd85d52fcdc20e680af1a073dc1fb664778ca5b5,2025/pilot_100/text/company_text/0001067701/0001067701-26-000007_analysis_text.txt,634777ef40a7f88d3fe0364965409d18be95e4fdfac1838e554e174d25a67a0e,2025/pilot_100/text/company_text/0001067701/0001067701-26-000007_structure_preserved_text.txt,2025/pilot_100/text/company_text/0001067701/0001067701-26-000007_table_text.txt,2629421,323944,326944,73335,49187,938,2095,10,75,0,1,success,0,1.0.3,2026-07-29T12:01:44.992161+00:00
P2025-063,0001316835,BLDR,,0001193125-26-054643,2025/pilot_100/html/raw/0001316835/0001193125-26-054643.html,1c2b3415be46fb727b409eae60a0227adbf1f225c2f133ff695d75ea566b5a0b,2025/pilot_100/text/company_text/0001316835/0001193125-26-054643_analysis_text.txt,3d8e08d4b2e8bbf5bb841422d81d870321d18495f0a6b55ce78ee1756c0a0c1e,2025/pilot_100/text/company_text/0001316835/0001193125-26-054643_structure_preserved_text.txt,2025/pilot_100/text/company_text/0001316835/0001193125-26-054643_table_text.txt,3221548,364679,366559,36787,54701,752,2274,4,47,30,1,success,0,1.0.3,2026-07-29T12:01:45.619002+00:00
P2025-064,0000040545,GE,,0000040545-26-000008,2025/pilot_100/html/raw/0000040545/0000040545-26-000008.html,a73b722fd7c8998c3d7091950926302f30619dff6c542dab656325d562c69be7,2025/pilot_100/text/company_text/0000040545/0000040545-26-000008_analysis_text.txt,f6ee3f4ad0a7afb6b42578796745c67340b1c3f2f82a54229f76eaa8d3b71996,2025/pilot_100/text/company_text/0000040545/0000040545-26-000008_structure_preserved_text.txt,2025/pilot_100/text/company_text/0000040545/0000040545-26-000008_table_text.txt,3254149,311089,315369,89094,46361,668,1837,0,107,0,1,warning,1,1.0.3,2026-07-29T12:01:46.647332+00:00
P2025-065,0001035983,FIX,,0001104659-26-017530,2025/pilot_100/html/raw/0001035983/0001104659-26-017530.html,f84f17cbfd67d38ca36363f3213524dc62fd1106e8bbdebbb8160cb6ac6cfb8a,2025/pilot_100/text/company_text/0001035983/0001104659-26-017530_analysis_text.txt,978bb46fad0c897f2e833c0e76fbc1cc01fae70967ef75ea8bb49696fbb8fcd0,2025/pilot_100/text/company_text/0001035983/0001104659-26-017530_structure_preserved_text.txt,2025/pilot_100/text/company_text/0001035983/0001104659-26-017530_table_text.txt,3051116,345839,349679,44630,52151,710,2076,10,96,0,1,warning,1,1.0.3,2026-07-29T12:01:47.422384+00:00
P2025-066,0000062996,MAS,,0000062996-26-000005,2025/pilot_100/html/raw/0000062996/0000062996-26-000005.html,ee63304a0a3644296b78d458f9b162f2d78edf90323a7a15c189a842ca0f8b93,2025/pilot_100/text/company_text/0000062996/0000062996-26-000005_analysis_text.txt,5c2224fd9ba766baefcc669e9755cdbdef7c5c39bd8647d645fe09e30a81ba52,2025/pilot_100/text/company_text/0000062996/0000062996-26-000005_structure_preserved_text.txt,2025/pilot_100/text/company_text/0000062996/0000062996-26-000005_table_text.txt,2263939,189536,192736,41537,28359,738,1398,9,80,0,1,success,0,1.0.3,2026-07-29T12:01:48.004200+00:00
P2025-067,0001474735,GNRC,,0001437749-26-004568,2025/pilot_100/html/raw/0001474735/0001437749-26-004568.html,93e3920cbbb692282f5512989886790247de12b6b049323c4a24e0baf95ab341,2025/pilot_100/text/company_text/0001474735/0001437749-26-004568_analysis_text.txt,5b711ac92817af8742be79c10f40cfec6cae4fa83563c9d62733b5e963cb3d5a,2025/pilot_100/text/company_text/0001474735/0001437749-26-004568_structure_preserved_text.txt,2025/pilot_100/text/company_text/0001474735/0001437749-26-004568_table_text.txt,3311733,332641,341001,93994,49980,737,1967,10,209,0,1,success,0,1.0.3,2026-07-29T12:01:48.760472+00:00
P2025-068,0000092380,LUV,,0000092380-26-000004,2025/pilot_100/html/raw/0000092380/0000092380-26-000004.html,4f68704859e453f23880f5c8866342df7efde9d4670e91633712feeef8f7155e,2025/pilot_100/text/company_text/0000092380/0000092380-26-000004_analysis_text.txt,7e75f97ebc8a463195eb3458544d8d14c1f2e5324ef5cb0f75088319acc4c7ab,2025/pilot_100/text/company_text/0000092380/0000092380-26-000004_structure_preserved_text.txt,2025/pilot_100/text/company_text/0000092380/0000092380-26-000004_table_text.txt,2847406,481593,485313,63887,71404,1110,2832,9,93,0,1,success,0,1.0.3,2026-07-29T12:01:49.595002+00:00
P2025-069,0001535527,CRWD,,0001535527-25-000009,2025/pilot_100/html/raw/0001535527/0001535527-25-000009.html,0c292688e37cd1e3201f53f93e06b2cc0a687cb67b0298e05abc21d7836d9647,2025/pilot_100/text/company_text/0001535527/0001535527-25-000009_analysis_text.txt,c5e51c560892a3a0c2c21ee2c49f0f21ece350e98235b6acfdad0edf981578d2,2025/pilot_100/text/company_text/0001535527/0001535527-25-000009_structure_preserved_text.txt,2025/pilot_100/text/company_text/0001535527/0001535527-25-000009_table_text.txt,2384579,454614,457414,41633,67654,1204,2718,10,70,0,1,success,0,1.0.3,2026-07-29T12:01:50.251266+00:00
P2025-070,0000864749,TRMB,,0000864749-25-000090,2025/pilot_100/html/raw/0000864749/0000864749-25-000090.html,f87de4bc36e45c0fb3680e614900e0e1adc7ca09d1aad3e6366aa95e77a048c1,2025/pilot_100/text/company_text/0000864749/0000864749-25-000090_analysis_text.txt,bba6223c0e90f2021ab3e2cd38aae2454be4d511a7cb2c48f204eb1a7b2e9d19,2025/pilot_100/text/company_text/0000864749/0000864749-25-000090_structure_preserved_text.txt,2025/pilot_100/text/company_text/0000864749/0000864749-25-000090_table_text.txt,2002287,269684,272164,42495,39620,945,1852,10,62,0,1,success,0,1.0.3,2026-07-29T12:01:50.793956+00:00
P2025-071,0000050863,INTC,,0000050863-26-000011,2025/pilot_100/html/raw/0000050863/0000050863-26-000011.html,67af52d83cdc32a0c52d6007ba0b1031f25c50bc1cae5ee0d626721c9989e42d,2025/pilot_100/text/company_text/0000050863/0000050863-26-000011_analysis_text.txt,b075e502fcbe94291d774d100c793f9c9221dbc07fa9b4fc4c24294e0c04c81a,2025/pilot_100/text/company_text/0000050863/0000050863-26-000011_structure_preserved_text.txt,2025/pilot_100/text/company_text/0000050863/0000050863-26-000011_table_text.txt,3320720,423692,435172,100361,63475,1066,2524,0,287,0,1,warning,1,1.0.3,2026-07-29T12:01:51.736410+00:00
P2025-072,0001561550,DDOG,,0001628280-26-008819,2025/pilot_100/html/raw/0001561550/0001628280-26-008819.html,dcdd728cc76efaa0ca2fce5c2b6fd0e1704a77092d232ce0d931eddca8debfde,2025/pilot_100/text/company_text/0001561550/0001628280-26-008819_analysis_text.txt,0874bb4febcff35a28e04bdb5a2ecd6694f4fcec9421ef643c8691e22c7be8f8,2025/pilot_100/text/company_text/0001561550/0001628280-26-008819_structure_preserved_text.txt,2025/pilot_100/text/company_text/0001561550/0001628280-26-008819_table_text.txt,2086014,350807,353607,37696,52711,972,2167,10,70,0,1,success,0,1.0.3,2026-07-29T12:01:52.401336+00:00
P2025-073,0000820313,APH,,0001104659-26-013549,2025/pilot_100/html/raw/0000820313/0001104659-26-013549.html,59e39a503c822c418863e7e7dfd89d10bbfbb32301afe3016a2269978cc037e7,2025/pilot_100/text/company_text/0000820313/0001104659-26-013549_analysis_text.txt,bada34afc507f2435e4058dea9a36e2cd769bdcf779001a5858618ad35854300,2025/pilot_100/text/company_text/0000820313/0001104659-26-013549_structure_preserved_text.txt,2025/pilot_100/text/company_text/0000820313/0001104659-26-013549_table_text.txt,5318142,466498,471578,75094,70139,795,2474,9,127,0,1,success,0,1.0.3,2026-07-29T12:01:53.728232+00:00
P2025-074,0001645590,HPE,,0001645590-25-000130,2025/pilot_100/html/raw/0001645590/0001645590-25-000130.html,8188b88b16d1e2194f5b7ab174ae193d878847f776c23517947850eef7a3a04e,2025/pilot_100/text/company_text/0001645590/0001645590-25-000130_analysis_text.txt,70ce087b3c7ca37b9cb0302917516d88a53c6b99923c931f63747731f1dd7f83,2025/pilot_100/text/company_text/0001645590/0001645590-25-000130_structure_preserved_text.txt,2025/pilot_100/text/company_text/0001645590/0001645590-25-000130_table_text.txt,4814483,555988,561908,101494,82138,1581,3336,10,148,0,1,success,0,1.0.3,2026-07-29T12:01:54.910798+00:00
P2025-075,0000319201,KLAC,,0000319201-25-000024,2025/pilot_100/html/raw/0000319201/0000319201-25-000024.html,f039f5fc93dff150218998ecfa33ba2dee0aebc9cd446ac3665d9e3a89910d17,2025/pilot_100/text/company_text/0000319201/0000319201-25-000024_analysis_text.txt,0a76ee585993f140048ac4f6329a99bb1df3343cddf146ae2a5f05880dd5afc3,2025/pilot_100/text/company_text/0000319201/0000319201-25-000024_structure_preserved_text.txt,2025/pilot_100/text/company_text/0000319201/0000319201-25-000024_table_text.txt,2891232,390754,394474,62161,58876,973,2264,10,93,0,1,success,0,1.0.3,2026-07-29T12:01:55.655414+00:00
P2025-076,0000068505,MSI,,0000068505-26-000010,2025/pilot_100/html/raw/0000068505/0000068505-26-000010.html,8d8f10688d7e2b54939bf61a56074bfb2897ac5ffd78acf873a2b2143ec1f82b,2025/pilot_100/text/company_text/0000068505/0000068505-26-000010_analysis_text.txt,b02ca8962c5129f276cb99bc2bc5d0d76ad1e85b23566b4abec1462fefdb558d,2025/pilot_100/text/company_text/0000068505/0000068505-26-000010_structure_preserved_text.txt,2025/pilot_100/text/company_text/0000068505/0000068505-26-000010_table_text.txt,3456048,373166,378286,76351,56020,1033,2269,10,128,0,1,warning,1,1.0.3,2026-07-29T12:01:56.521846+00:00
P2025-077,0001045810,NVDA,,0001045810-25-000023,2025/pilot_100/html/raw/0001045810/0001045810-25-000023.html,dae19486be264fd26eb00a7f920dc641041a261c81bc8c03b678eea947de4856,2025/pilot_100/text/company_text/0001045810/0001045810-25-000023_analysis_text.txt,be12cdcd598479e952f773370c382600ac49ae921d909f3da71f8add6eab22c5,2025/pilot_100/text/company_text/0001045810/0001045810-25-000023_structure_preserved_text.txt,2025/pilot_100/text/company_text/0001045810/0001045810-25-000023_table_text.txt,2067520,312281,315001,38164,46511,983,2003,10,68,0,1,success,0,1.0.3,2026-07-29T12:01:57.156705+00:00
P2025-078,0001601046,KEYS,,0001601046-25-000127,2025/pilot_100/html/raw/0001601046/0001601046-25-000127.html,d99e9eccbb6176d044d8d464a5ca6096e9bd87abf7a1d69c5fe5c1c081727d37,2025/pilot_100/text/company_text/0001601046/0001601046-25-000127_analysis_text.txt,126241553f0deab4a2093e3cc4426f2d711066065a908c4285486aafe9cb0c5e,2025/pilot_100/text/company_text/0001601046/0001601046-25-000127_structure_preserved_text.txt,2025/pilot_100/text/company_text/0001601046/0001601046-25-000127_table_text.txt,3306959,395070,398830,59267,58273,1045,2579,10,94,0,1,warning,1,1.0.3,2026-07-29T12:01:58.094843+00:00
P2025-079,0001327811,WDAY,,0001327811-25-000056,2025/pilot_100/html/raw/0001327811/0001327811-25-000056.html,6949dad5996db7a83a5fed8f04cdd19707cc3b755780849b30470deb020b3a2e,2025/pilot_100/text/company_text/0001327811/0001327811-25-000056_analysis_text.txt,d9c414f559b809973634b6da28ae656f62ecdcb8c26860e17101af5d0eb7aeb7,2025/pilot_100/text/company_text/0001327811/0001327811-25-000056_structure_preserved_text.txt,2025/pilot_100/text/company_text/0001327811/0001327811-25-000056_table_text.txt,2213906,309581,312901,39294,46260,943,1919,10,83,0,1,success,0,1.0.3,2026-07-29T12:01:58.707734+00:00
P2025-080,0001137789,STX,,0001137789-25-000157,2025/pilot_100/html/raw/0001137789/0001137789-25-000157.html,b7649778590f8a953aa1002253b04f6722c07f441ff8009b595d2002bb6a3960,2025/pilot_100/text/company_text/0001137789/0001137789-25-000157_analysis_text.txt,220ffe39f9c9fc4984e59952037db83829274ab720d1c183da65bd22bbfdd65b,2025/pilot_100/text/company_text/0001137789/0001137789-25-000157_structure_preserved_text.txt,2025/pilot_100/text/company_text/0001137789/0001137789-25-000157_table_text.txt,2461150,321404,324324,62122,48417,978,2094,10,73,0,1,warning,1,1.0.3,2026-07-29T12:01:59.448930+00:00
P2025-081,0001262039,FTNT,,0001262039-26-000007,2025/pilot_100/html/raw/0001262039/0001262039-26-000007.html,7f61e7e0718ebaf02d6b8646a27ad952fd04db5810c45be73f78005fca602588,2025/pilot_100/text/company_text/0001262039/0001262039-26-000007_analysis_text.txt,4f66f279e3c97b7c91f2818d5f053b32d2be5d6890edb8d71a57d5ac996f598b,2025/pilot_100/text/company_text/0001262039/0001262039-26-000007_structure_preserved_text.txt,2025/pilot_100/text/company_text/0001262039/0001262039-26-000007_table_text.txt,2693095,462234,465434,43490,68481,1213,2700,10,80,0,1,success,0,1.0.3,2026-07-29T12:02:00.204681+00:00
P2025-082,0001467373,ACN,,0001467373-25-000217,2025/pilot_100/html/raw/0001467373/0001467373-25-000217.html,c99e4c34beaba79a08298b225f527395284b1ae47d765b4b3d0e4a25b6c03e05,2025/pilot_100/text/company_text/0001467373/0001467373-25-000217_analysis_text.txt,fbe23f378efa969ace2e56368e7dcb8a706ba55a84d64d75a21fa57b560ebc61,2025/pilot_100/text/company_text/0001467373/0001467373-25-000217_structure_preserved_text.txt,2025/pilot_100/text/company_text/0001467373/0001467373-25-000217_table_text.txt,2819249,282664,290184,82243,42248,809,1763,10,188,0,1,warning,1,1.0.3,2026-07-29T12:02:00.814583+00:00
P2025-083,0000916076,MLM,,0001193125-26-059193,2025/pilot_100/html/raw/0000916076/0001193125-26-059193.html,d8d0fd3f7b4f238590b9f4b0df81233f6841c2b6b3d46f69e4091e702ac37600,2025/pilot_100/text/company_text/0000916076/0001193125-26-059193_analysis_text.txt,073c56866644391bd718cd4e4a2cd84dfb7395c09b2f552566d8b131c9253c9f,2025/pilot_100/text/company_text/0000916076/0001193125-26-059193_structure_preserved_text.txt,2025/pilot_100/text/company_text/0000916076/0001193125-26-059193_table_text.txt,7481813,503054,511854,78333,73599,1242,3134,10,220,60,1,success,0,1.0.3,2026-07-29T12:02:02.136232+00:00
P2025-084,0000079879,PPG,,0000079879-26-000046,2025/pilot_100/html/raw/0000079879/0000079879-26-000046.html,6bbb5b63a7448e84041b03b7de652e430cb084e568446b0ea79a75d0b43321d2,2025/pilot_100/text/company_text/0000079879/0000079879-26-000046_analysis_text.txt,1b26d743a554dea55237b9f7fddcdc8ded4f12543dc6e24b1453288bcd8bb749,2025/pilot_100/text/company_text/0000079879/0000079879-26-000046_structure_preserved_text.txt,2025/pilot_100/text/company_text/0000079879/0000079879-26-000046_table_text.txt,2884976,251725,256245,68954,37553,891,1719,9,113,0,1,success,0,1.0.3,2026-07-29T12:02:02.784482+00:00
P2025-085,0001396009,VMC,,0001628280-26-009546,2025/pilot_100/html/raw/0001396009/0001628280-26-009546.html,fdb0568fd021b4a84b65bba69f3def8bb841f5c8748db31b0273aa60941af26a,2025/pilot_100/text/company_text/0001396009/0001628280-26-009546_analysis_text.txt,f9cca0b8d8326acb70757bacde9ceebee85fc6ab1798e5c4d8fba5910397e416,2025/pilot_100/text/company_text/0001396009/0001628280-26-009546_structure_preserved_text.txt,2025/pilot_100/text/company_text/0001396009/0001628280-26-009546_table_text.txt,3726422,347408,358568,72438,52469,1392,2713,0,279,0,1,warning,1,1.0.3,2026-07-29T12:02:03.962588+00:00
P2025-086,0000009389,BALL,,0001104659-26-017410,2025/pilot_100/html/raw/0000009389/0001104659-26-017410.html,c960ba1a7ddfb7c0520daadb131c16cf0004088e9216eacbda7c7275b29bc8e1,2025/pilot_100/text/company_text/0000009389/0001104659-26-017410_analysis_text.txt,6ea3dad11067ae69719e58aa7e24a5d7825810c1c50fb98e2b364811dde51cea,2025/pilot_100/text/company_text/0000009389/0001104659-26-017410_structure_preserved_text.txt,2025/pilot_100/text/company_text/0000009389/0001104659-26-017410_table_text.txt,4515965,306800,316080,72842,46022,841,1955,10,232,2,1,warning,1,1.0.3,2026-07-29T12:02:04.978885+00:00
P2025-087,0000849395,CRH,,0001628280-26-009043,2025/pilot_100/html/raw/0000849395/0001628280-26-009043.html,87f56e0348da3ab1805b1d302735b9f18e59e3b2c87f06aeb9bccca5a42b009a,2025/pilot_100/text/company_text/0000849395/0001628280-26-009043_analysis_text.txt,5cc4666eb4178b26f62c9c6a959b2c4544f1d4c33f12989fec986d4b6c2fbeae,2025/pilot_100/text/company_text/0000849395/0001628280-26-009043_structure_preserved_text.txt,2025/pilot_100/text/company_text/0000849395/0001628280-26-009043_table_text.txt,3553852,321341,330101,85262,47543,1149,2141,10,219,0,1,warning,1,1.0.3,2026-07-29T12:02:05.784572+00:00
P2025-088,0000034903,FRT,,0000034903-26-000017,2025/pilot_100/html/raw/0000034903/0000034903-26-000017.html,3be3b7e6cddd20f01aa4a47390df25798c9278ab95f5950c26db893d87965c66,2025/pilot_100/text/company_text/0000034903/0000034903-26-000017_analysis_text.txt,f5e66881511f2144a17d261beae664a19b947e998e96e9c09632880a4cf45ebf,2025/pilot_100/text/company_text/0000034903/0000034903-26-000017_structure_preserved_text.txt,2025/pilot_100/text/company_text/0000034903/0000034903-26-000017_table_text.txt,3868119,278339,281939,113764,42924,1087,1940,10,90,0,1,success,0,1.0.3,2026-07-29T12:02:06.575404+00:00
P2025-089,0001289490,EXR,,0001289490-26-000011,2025/pilot_100/html/raw/0001289490/0001289490-26-000011.html,bcc80110cd42a5fc77e9b61b251e2b88c20fad81fd7867e11c4afdd8644aaf6d,2025/pilot_100/text/company_text/0001289490/0001289490-26-000011_analysis_text.txt,48c53d23b701df70a0202e7b212512a52c948ad50a46391a095f2f8a78e3b66a,2025/pilot_100/text/company_text/0001289490/0001289490-26-000011_structure_preserved_text.txt,2025/pilot_100/text/company_text/0001289490/0001289490-26-000011_table_text.txt,2757642,238260,241140,68174,36470,792,1646,10,72,0,1,warning,1,1.0.3,2026-07-29T12:02:07.247402+00:00
P2025-090,0001297996,DLR,,0001104659-26-015365,2025/pilot_100/html/raw/0001297996/0001104659-26-015365.html,ef7e792602c7eaa03a1d06b019a971ab86fd5e54fcd94bf825348f6151b5165b,2025/pilot_100/text/company_text/0001297996/0001104659-26-015365_analysis_text.txt,35ec380b92575cc67052a9e36ead0b03aa7e294593240b1595c7fab25b64c195,2025/pilot_100/text/company_text/0001297996/0001104659-26-015365_structure_preserved_text.txt,2025/pilot_100/text/company_text/0001297996/0001104659-26-015365_table_text.txt,8453067,534321,552161,197308,80932,1526,3641,10,446,2,1,success,0,1.0.3,2026-07-29T12:02:08.951361+00:00
P2025-091,0000920522,ESS,,0000920522-26-000003,2025/pilot_100/html/raw/0000920522/0000920522-26-000003.html,b5348387a759e5bcaf1740f9a0ffd2c660b1f6bd8750864ff461d65026e3bc13,2025/pilot_100/text/company_text/0000920522/0000920522-26-000003_analysis_text.txt,e009ae7a23f6c0923eec002063320bac0c743ab79fe7f1b8fb0926a2993909b4,2025/pilot_100/text/company_text/0000920522/0000920522-26-000003_structure_preserved_text.txt,2025/pilot_100/text/company_text/0000920522/0000920522-26-000003_table_text.txt,5662346,350183,354143,108365,52824,1114,2305,10,100,1,1,warning,1,1.0.3,2026-07-29T12:02:10.200088+00:00
P2025-092,0001705696,VICI,,0001705696-26-000034,2025/pilot_100/html/raw/0001705696/0001705696-26-000034.html,0d216a21db98345daf82fbed0288a7625c194b3ed093f2b546dab980a88b957c,2025/pilot_100/text/company_text/0001705696/0001705696-26-000034_analysis_text.txt,66e45235aa8d269f2db433024b5e8eecf604af78d61c45fe5a8c72182cbc54cf,2025/pilot_100/text/company_text/0001705696/0001705696-26-000034_structure_preserved_text.txt,2025/pilot_100/text/company_text/0001705696/0001705696-26-000034_table_text.txt,3435838,418863,423743,79997,64238,1280,2314,1,122,0,1,warning,1,1.0.3,2026-07-29T12:02:10.986279+00:00
P2025-093,0000074208,UDR,,0000074208-26-000013,2025/pilot_100/html/raw/0000074208/0000074208-26-000013.html,1d9036094a2fa0470dfaac0a65549ee4944d21b0cbb1d1ceec58326533ebe74c,2025/pilot_100/text/company_text/0000074208/0000074208-26-000013_analysis_text.txt,ad2ddad937d37b9e48caf51235dfa8db7a97ebf41225c38f101768c311980928,2025/pilot_100/text/company_text/0000074208/0000074208-26-000013_structure_preserved_text.txt,2025/pilot_100/text/company_text/0000074208/0000074208-26-000013_table_text.txt,8540069,460061,473421,154836,71139,1124,2761,8,334,2,1,warning,1,1.0.3,2026-07-29T12:02:12.555086+00:00
P2025-094,0001687229,INVH,,0001687229-26-000016,2025/pilot_100/html/raw/0001687229/0001687229-26-000016.html,897dfd45866a192948e9c7bdc7f4f21931d59ea087b81e67a1d6963911d3f0df,2025/pilot_100/text/company_text/0001687229/0001687229-26-000016_analysis_text.txt,b4a33aff9129c15a7824b766c88ca80d2e16931d98819cdc2c0353eeb2514732,2025/pilot_100/text/company_text/0001687229/0001687229-26-000016_structure_preserved_text.txt,2025/pilot_100/text/company_text/0001687229/0001687229-26-000016_table_text.txt,3038715,470758,473358,61096,70892,1382,2756,10,65,0,1,success,0,1.0.3,2026-07-29T12:02:13.614608+00:00
P2025-095,0001004980,PCG,,0001004980-26-000009,2025/pilot_100/html/raw/0001004980/0001004980-26-000009.html,6e6ed60af9b5ce81c531c4434f8b7cfd39a41a474c7367c7b22f4da9e21983d7,2025/pilot_100/text/company_text/0001004980/0001004980-26-000009_analysis_text.txt,815937002469aaa642ef46f58246d764c23ceab77c5747236a58fd1767f1fed2,2025/pilot_100/text/company_text/0001004980/0001004980-26-000009_structure_preserved_text.txt,2025/pilot_100/text/company_text/0001004980/0001004980-26-000009_table_text.txt,4814550,506692,513332,138666,75020,1504,3093,10,166,0,1,warning,1,1.0.3,2026-07-29T12:02:14.888288+00:00
P2025-096,0000715957,D,,0001193125-26-063120,2025/pilot_100/html/raw/0000715957/0001193125-26-063120.html,fdf2284c7aff9242012707d2071dca612265f27a8730918f98bba9c917321383,2025/pilot_100/text/company_text/0000715957/0001193125-26-063120_analysis_text.txt,d2fdd1d09d748e4d2cd4a982ec003126b3b37d9fd94d095447fed36d44628701,2025/pilot_100/text/company_text/0000715957/0001193125-26-063120_structure_preserved_text.txt,2025/pilot_100/text/company_text/0000715957/0001193125-26-063120_table_text.txt,18147230,1129569,1136249,161842,168599,2372,6500,9,167,62,1,warning,1,1.0.3,2026-07-29T12:02:18.193841+00:00
P2025-097,0000764622,PNW,,0000764622-26-000011,2025/pilot_100/html/raw/0000764622/0000764622-26-000011.html,8e77a42fd6c69acfb83b5990d33079fc3459bbd2bf96cafd0fcb10a096e3708a,2025/pilot_100/text/company_text/0000764622/0000764622-26-000011_analysis_text.txt,63db50f29d72360680d7db064eac55f5b954193f3335cc58dc631daf7ee0f1c3,2025/pilot_100/text/company_text/0000764622/0000764622-26-000011_structure_preserved_text.txt,2025/pilot_100/text/company_text/0000764622/0000764622-26-000011_table_text.txt,5657541,509937,515977,126730,76965,1603,3648,9,152,1,1,success,0,1.0.3,2026-07-29T12:02:19.534529+00:00
P2025-098,0000065984,ETR,,0000065984-26-000174,2025/pilot_100/html/raw/0000065984/0000065984-26-000174.html,056119a2e10dc85c0ae437b9a706c844f8d9e3be95278c56b2ad53e19d30682c,2025/pilot_100/text/company_text/0000065984/0000065984-26-000174_analysis_text.txt,bee02a28aa181d76b0b0c0890417c81f7c38782555aafdbc336b02ff30304070,2025/pilot_100/text/company_text/0000065984/0000065984-26-000174_structure_preserved_text.txt,2025/pilot_100/text/company_text/0000065984/0000065984-26-000174_table_text.txt,15277598,1589478,1607318,368754,237550,4830,9715,10,446,0,1,success,0,1.0.3,2026-07-29T12:02:23.612656+00:00
P2025-099,0001013871,NRG,,0001013871-26-000004,2025/pilot_100/html/raw/0001013871/0001013871-26-000004.html,29cf4168c1154a24695749418cad32624cd512ddae4053cbff3449243bedec97,2025/pilot_100/text/company_text/0001013871/0001013871-26-000004_analysis_text.txt,bbaa34cf59914e93d44165313aa053f81142ef8de4d8cddb58af75939979d65d,2025/pilot_100/text/company_text/0001013871/0001013871-26-000004_structure_preserved_text.txt,2025/pilot_100/text/company_text/0001013871/0001013871-26-000004_table_text.txt,5639759,488937,496217,132766,74062,1520,3208,10,182,0,1,success,0,1.0.3,2026-07-29T12:02:24.950587+00:00
P2025-100,0000788784,PEG,,0001193125-26-077446,2025/pilot_100/html/raw/0000788784/0001193125-26-077446.html,08a0d213361837159b1e6516d9e582597e12110d5e843dc3782ba5379c6b05ad,2025/pilot_100/text/company_text/0000788784/0001193125-26-077446_analysis_text.txt,1cea854a6e4f8657f609ccb4de4493de56ea29da015ee299b3ced74aca406af7,2025/pilot_100/text/company_text/0000788784/0001193125-26-077446_structure_preserved_text.txt,2025/pilot_100/text/company_text/0000788784/0001193125-26-077446_table_text.txt,15018947,730197,736437,93380,110803,1875,5010,10,156,67,1,success,0,1.0.3,2026-07-29T12:02:27.292201+00:00
P2025-R001,0000049826,ITW,,0000049826-26-000008,2025/pilot_100/html/raw/0000049826/0000049826-26-000008.html,96105d016e303c879e59a5a34ea06fe8c222a7d5e17178c0a416494d0c7f2ca1,2025/pilot_100/text/company_text/0000049826/0000049826-26-000008_analysis_text.txt,3c0c2af282c324eb54e20343664a7edb285e1aa200dc51461750b14b8232882e,2025/pilot_100/text/company_text/0000049826/0000049826-26-000008_structure_preserved_text.txt,2025/pilot_100/text/company_text/0000049826/0000049826-26-000008_table_text.txt,2583783,231654,235414,57377,34389,838,1675,9,94,0,1,success,0,1.0.3,2026-07-29T12:02:27.983024+00:00
