company_id,cik,ticker,accession_number,html_file_bytes,analysis_text_bytes,structure_preserved_text_bytes,table_text_bytes,analysis_to_html_size_ratio,word_count,paragraph_count,sentence_count,detected_section_count,item_1_detected,item_1a_detected,item_7_detected,item_8_detected,html_tag_residual_count,javascript_residual_count,css_residual_count,xbrl_namespace_residual_count,broken_character_count,numeric_token_ratio,very_short_sentence_ratio,very_long_sentence_ratio,table_marker_contamination,warning_count,quality_status
P2025-001,0001754301,FOXA|FOX,0001628280-25-038077,2510532,305043,310363,62040,0.121505,44869,922,1917,10,1,1,1,1,0,0,0,0,0,0.025318,0.1444966092853417,0.005216484089723527,0,1,warning
P2025-002,0001973266,TKO,0001193125-26-071651,6707328,780261,783581,59067,0.11633,117571,1472,4296,7,0,1,1,1,0,0,0,0,0,0.033962,0.07960893854748603,0.008147113594040968,0,0,pass
P2025-003,0001335258,LYV,0001335258-26-000009,2849635,322155,325435,60472,0.113051,49011,938,2004,10,1,1,1,1,0,0,0,0,0,0.030197,0.09081836327345309,0.003493013972055888,0,1,warning
P2025-004,0001744489,DIS,0001744489-25-000155,4202853,362033,367913,82898,0.08614,53637,1440,2468,9,0,1,1,1,0,0,0,0,0,0.030986,0.10777957860615883,0.003646677471636953,0,0,pass
P2025-005,0001065088,EBAY,0001065088-26-000027,2723024,335678,339318,52344,0.123274,49973,1065,2083,10,1,1,1,1,0,0,0,0,0,0.026154,0.08833413346135381,0.003360537686029765,0,1,warning
P2025-006,0000815097,CCL,0000815097-26-000007,2101715,259798,262718,43913,0.123612,39114,1015,1910,10,1,1,1,1,0,0,0,0,0,0.03137,0.13979057591623037,0.0015706806282722514,0,0,pass
P2025-007,0001121788,GRMN,0001193125-26-056028,4964710,351595,353995,50124,0.070819,52287,798,2163,10,1,1,1,1,0,0,0,0,0,0.03651,0.08552935737401757,0.0004623208506703652,0,1,warning
P2025-008,0001403568,ULTA,0001558370-25-003810,2914231,239511,246951,55552,0.082187,35849,678,1599,10,1,1,1,1,0,0,0,0,0,0.027421,0.13320825515947468,0.0025015634771732333,0,0,pass
P2025-009,0001286681,DPZ,0001193125-26-062321,4923021,436575,439215,60539,0.08868,65823,981,2583,10,1,1,1,1,0,0,0,0,0,0.048873,0.0770421989934185,0.0038714672861014324,0,0,pass
P2025-010,0000109198,TJX,0000109198-25-000010,2338219,234180,237420,52422,0.100153,35288,692,1480,10,1,1,1,1,0,0,0,0,0,0.029812,0.14121621621621622,0.006081081081081081,0,1,warning
P2025-011,0000906163,NVR,0000906163-26-000018,1779174,183476,186316,40341,0.103124,27761,652,1343,10,1,1,1,1,0,0,0,0,0,0.039912,0.14296351451973194,0.0014892032762472078,0,0,pass
P2025-012,0001792789,DASH,0001792789-26-000013,2626599,462903,466743,49276,0.176237,69816,1174,2552,10,1,1,1,1,0,0,0,0,0,0.018363,0.0865987460815047,0.0054858934169279,0,0,pass
P2025-013,0001513761,NCLH,0001104659-26-022067,3670846,410170,419010,121936,0.111737,62807,890,2433,10,1,1,1,1,0,0,0,0,0,0.042113,0.08877928483353884,0.007809288943690916,0,0,pass
P2025-014,0000037996,F,0000037996-26-000015,5281502,531086,537006,104821,0.100556,79321,1611,3712,10,1,1,1,1,0,0,0,0,0,0.024735,0.1392780172413793,0.0018857758620689656,0,0,pass
P2025-015,0000313927,CHD,0001193125-26-048139,4736851,448095,450815,43607,0.094598,67285,1075,2782,2,0,0,0,0,0,0,0,0,0,0.036501,0.08914450035945364,0.006110711718188354,0,1,warning
P2025-016,0000040704,GIS,0001193125-25-147079,5311598,234141,234141,0,0.044081,37381,6311,7010,0,0,0,0,0,0,0,0,0,0,0.145421,0.7691868758915834,0.003138373751783167,0,1,warning
P2025-017,0000021665,CL,0000021665-26-000006,2832052,286184,290704,53034,0.101052,42395,937,1832,9,1,0,1,1,0,0,0,0,0,0.037575,0.10480349344978165,0.0027292576419213972,0,0,pass
P2025-018,0000016918,STZ,0000016918-25-000022,3464720,314620,329620,127501,0.090807,46922,1036,2029,9,1,1,1,1,0,0,0,0,0,0.030625,0.11976343026121242,0.0049285362247412515,0,1,warning
P2025-019,0000091419,SJM,0000091419-25-000056,2998212,329255,332975,66877,0.109817,49665,755,1953,10,1,1,1,1,0,0,0,0,0,0.035337,0.06093189964157706,0.0005120327700972862,0,0,pass
P2025-020,0000100493,TSN,0000100493-25-000095,3290079,349594,353794,78397,0.106257,52656,982,2286,10,1,1,1,1,0,0,0,0,0,0.038913,0.1111111111111111,0.0017497812773403325,0,0,pass
P2025-021,0000104169,WMT,0000104169-25-000021,2335078,316542,320942,57225,0.135559,47109,768,1790,0,0,0,0,0,0,0,0,0,0,0.028105,0.09106145251396648,0.0111731843575419,0,1,warning
P2025-022,0000034088,XOM,0000034088-26-000045,5591068,283021,295341,150245,0.05062,41037,814,1825,0,0,0,0,0,0,0,0,0,0,0.030217,0.08657534246575342,0.006027397260273973,0,1,warning
P2025-023,0001539838,FANG,0001539838-26-000010,3465123,460543,464743,88846,0.132908,69312,1304,2720,8,0,1,1,1,0,0,0,0,0,0.03754,0.08933823529411765,0.0058823529411764705,0,0,pass
P2025-024,0000045012,HAL,0000045012-26-000015,4561045,218171,224811,67649,0.047834,33239,2183,2919,5,0,0,1,1,0,0,0,0,0,0.041397,0.17403220280918122,0.0,0,0,pass
P2025-025,0000093410,CVX,0000093410-26-000078,6061316,346800,358400,150669,0.057215,51908,998,2342,10,1,1,1,1,0,0,0,0,0,0.047777,0.09735269000853972,0.0029888983774551663,0,1,warning
P2025-026,0001140536,WTW,0001193125-26-069307,9532413,713639,718479,76597,0.074864,107790,1464,4083,10,1,1,1,1,0,0,0,0,0,0.034196,0.05143277002204261,0.0029390154298310064,0,0,pass
P2025-027,0001141391,MA,0001141391-26-000013,3067677,359018,363858,95711,0.117033,52630,1374,2700,10,1,1,1,1,0,0,0,0,0,0.028216,0.18037037037037038,0.0014814814814814814,0,0,pass
P2025-028,0000093751,STT,0000093751-26-000124,7694408,686034,691914,141661,0.08916,101817,2348,4232,10,1,1,1,1,0,0,0,0,0,0.030781,0.0883742911153119,0.0033081285444234404,0,1,warning
P2025-029,0000070858,BAC,0000070858-26-000157,12819060,713240,727560,214719,0.055639,104965,1992,4320,8,1,1,0,0,0,0,0,0,0,0.035336,0.07685185185185185,0.003703703703703704,0,1,warning
P2025-030,0000038777,BEN,0000038777-25-000238,2802766,310625,314185,59289,0.110828,45567,818,1819,10,1,1,1,1,0,0,0,0,0,0.022736,0.09840571742715779,0.006597031335898846,0,0,pass
P2025-031,0001393818,BX,0001193125-26-082531,9097644,473296,498336,329630,0.052024,69216,2151,3660,1,0,0,0,0,0,0,0,0,0,0.022249,0.2972677595628415,0.004098360655737705,0,1,warning
P2025-032,0001281761,RF,0001281761-26-000019,7576810,566416,572096,130952,0.074757,83890,1667,3693,10,1,1,1,1,0,0,0,0,0,0.025462,0.08529650690495533,0.002166260492824262,0,0,pass
P2025-033,0000895421,MS,0000895421-26-000086,9714712,626710,652030,194192,0.064511,91316,2265,4461,0,0,0,0,0,0,0,0,0,0,0.017949,0.15601882985877605,0.0022416498542927594,0,1,warning
P2025-034,0000004977,AFL,0001628280-26-011402,8903397,533574,542014,165538,0.059929,79154,1899,3774,10,1,1,1,1,0,0,0,0,0,0.031357,0.13778484366719662,0.0018547959724430313,0,0,pass
P2025-035,0001136893,FIS,0001136893-26-000013,3006076,377912,381072,59256,0.125716,55509,1041,2309,10,1,1,1,1,0,0,0,0,0,0.029275,0.09311390212213079,0.0034647033347769596,0,1,warning
P2025-036,0000036270,MTB,0000036270-26-000010,7743791,448595,454715,137836,0.05793,65813,1279,2680,10,1,1,1,1,0,0,0,0,0,0.031377,0.11492537313432835,0.002238805970149254,0,0,pass
P2025-037,0001512673,XYZ,0001628280-26-012254,3098527,498278,502158,60364,0.160811,75730,1206,2866,10,1,1,1,1,0,0,0,0,0,0.025419,0.0732728541521284,0.005582693649685973,0,1,warning
P2025-038,0002012383,BLK,0001193125-26-071966,12551314,765123,770283,94383,0.06096,112545,1620,4547,10,1,1,1,1,0,0,0,0,0,0.041859,0.08928964152188255,0.0019793270288102046,0,0,pass
P2025-039,0000072971,WFC,0000072971-26-000133,359609,62326,63926,25825,0.173316,9287,229,431,0,0,0,0,0,0,0,0,0,0,0.026812,0.16473317865429235,0.01160092807424594,0,1,warning
P2025-040,0000315293,AON,0001628280-26-008116,3792932,362540,367780,101171,0.095583,54179,1057,2209,9,0,1,1,1,0,0,0,0,0,0.033094,0.09642372114078769,0.0018107741059302852,0,0,pass
P2025-041,0001035267,ISRG,0001035267-26-000010,2789282,555512,558672,43075,0.199159,82216,1300,3290,10,1,1,1,1,0,0,0,0,0,0.021468,0.08632218844984803,0.00303951367781155,0,0,pass
P2025-042,0000313616,DHR,0000313616-26-000062,2936061,428016,431336,61136,0.145779,62983,1032,2342,10,1,1,1,1,0,0,0,0,0,0.028246,0.09521776259607173,0.007258753202391118,0,1,warning
P2025-043,0000860730,HCA,0001193125-26-044769,5498741,511088,513848,77593,0.092946,75580,1118,3069,10,1,1,1,1,0,0,0,0,0,0.036795,0.07559465623981754,0.002280873248615184,0,0,pass
P2025-044,0000872589,REGN,0000872589-26-000008,3119136,484979,489139,100188,0.155485,72195,1133,2637,10,1,1,1,1,0,0,0,0,0,0.0196,0.1149032992036405,0.007963594994311717,0,1,warning
P2025-045,0001071739,CNC,0001071739-26-000049,3196200,412747,415667,59309,0.129137,61344,1116,2550,10,1,1,1,1,0,0,0,0,0,0.029278,0.09372549019607843,0.005098039215686275,0,0,pass
P2025-046,0001000228,HSIC,0001000228-26-000013,4769583,307055,307055,0,0.064378,47178,5106,5808,1,1,0,0,0,0,0,0,0,0,0.108165,0.5569903581267218,0.0032713498622589533,0,1,warning
P2025-047,0001000697,WAT,0001193125-26-062604,3024698,377594,386754,94332,0.124837,55899,1063,2356,9,1,1,1,1,0,0,0,0,0,0.038498,0.11375212224108659,0.0038200339558573855,0,0,pass
P2025-048,0000731766,UNH,0000731766-26-000062,2870606,268445,271365,59331,0.093515,39029,762,1649,9,1,1,1,0,0,0,0,0,0,0.026596,0.13583990297149787,0.0036385688295936932,0,1,warning
P2025-049,0001555280,ZTS,0001555280-26-000011,3307949,437098,440938,68761,0.132136,64891,1404,2935,9,0,1,1,1,0,0,0,0,0,0.026691,0.15468483816013628,0.004770017035775128,0,0,pass
P2025-050,0000010456,BAX,0001628280-26-007733,3388596,396315,401595,85841,0.116956,59498,1025,2332,10,1,1,1,1,0,0,0,0,0,0.032287,0.08533447684391081,0.0047169811320754715,0,0,pass
P2025-051,0000842023,TECH,0001558370-25-011716,3861666,330731,336731,63728,0.085645,48962,721,2056,10,1,1,1,1,0,0,0,0,0,0.03276,0.07490272373540856,0.0019455252918287938,0,0,pass
P2025-052,0001093557,DXCM,0001093557-26-000027,2525851,490035,498275,62184,0.194008,73683,1265,2837,0,0,0,0,0,0,0,0,0,0,0.018878,0.05921748325696158,0.0010574550581600281,0,1,warning
P2025-053,0000936468,LMT,0001628280-26-004195,2909179,380486,383406,53438,0.130788,56662,849,2247,10,1,1,1,1,0,0,0,0,0,0.030197,0.07432131731197152,0.0008900756564307966,0,1,warning
P2025-054,0000702165,NSC,0001628280-26-006268,2364467,235979,239619,75196,0.099802,35432,834,1641,8,0,1,1,1,0,0,0,0,0,0.037452,0.1663619744058501,0.002437538086532602,0,0,pass
P2025-055,0000052988,J,0001628280-25-053316,3349864,417340,422300,90276,0.124584,61964,1236,2527,10,1,1,1,1,0,0,0,0,0,0.034536,0.13375544123466562,0.0051444400474871385,0,1,warning
P2025-056,0000105634,EME,0000105634-26-000025,2769673,319348,322988,63338,0.115302,47325,884,1897,9,0,1,1,1,0,0,0,0,0,0.033999,0.07221929362150764,0.006852925672113864,0,0,pass
P2025-057,0000076334,PH,0000076334-25-000035,2461050,203221,207021,66060,0.082575,30252,678,1447,10,1,1,1,1,0,0,0,0,0,0.035469,0.10297166551485833,0.000691085003455425,0,0,pass
P2025-058,0000900075,CPRT,0001628280-25-042946,2029406,268571,271211,38567,0.13234,40534,791,1723,10,1,1,1,1,0,0,0,0,0,0.024424,0.10214741729541497,0.0046430644225188625,0,0,pass
P2025-060,0001090727,UPS,0001628280-26-008432,4075933,358467,362787,79243,0.087947,53330,1390,2807,9,0,1,1,1,0,0,0,0,0,0.035008,0.13430708941930888,0.0003562522265764161,0,0,pass
P2025-061,0001048911,FDX,0001048911-25-000011,3450652,444621,448861,90881,0.128851,65613,1306,3016,10,1,1,1,1,0,0,0,0,0,0.033698,0.1289787798408488,0.0029840848806366046,0,0,pass
P2025-062,0001067701,URI,0001067701-26-000007,2629421,323944,326944,73335,0.1232,49187,938,2095,10,1,1,1,1,0,0,0,0,0,0.037002,0.08973747016706445,0.002863961813842482,0,0,pass
P2025-063,0001316835,BLDR,0001193125-26-054643,3221548,364679,366559,36787,0.1132,54701,752,2274,4,0,1,1,1,0,0,0,0,0,0.030347,0.0853122251539138,0.0013192612137203166,0,0,pass
P2025-064,0000040545,GE,0000040545-26-000008,3254149,311089,315369,89094,0.095598,46361,668,1837,0,0,0,0,0,0,0,0,0,0,0.040724,0.08274360370168754,0.003810560696788242,0,1,warning
P2025-065,0001035983,FIX,0001104659-26-017530,3051116,345839,349679,44630,0.113348,52151,710,2076,10,1,1,1,1,0,0,0,0,0,0.027938,0.07707129094412331,0.004335260115606936,0,1,warning
P2025-066,0000062996,MAS,0000062996-26-000005,2263939,189536,192736,41537,0.08372,28359,738,1398,9,0,1,1,1,0,0,0,0,0,0.035509,0.18025751072961374,0.002145922746781116,0,0,pass
P2025-067,0001474735,GNRC,0001437749-26-004568,3311733,332641,341001,93994,0.100443,49980,737,1967,10,1,1,1,1,0,0,0,0,0,0.031533,0.06761565836298933,0.004067107269954245,0,0,pass
P2025-068,0000092380,LUV,0000092380-26-000004,2847406,481593,485313,63887,0.169134,71404,1110,2832,9,0,1,1,1,0,0,0,0,0,0.03595,0.09004237288135593,0.003884180790960452,0,0,pass
P2025-069,0001535527,CRWD,0001535527-25-000009,2384579,454614,457414,41633,0.190647,67654,1204,2718,10,1,1,1,1,0,0,0,0,0,0.022807,0.08940397350993377,0.004047093451066961,0,0,pass
P2025-070,0000864749,TRMB,0000864749-25-000090,2002287,269684,272164,42495,0.134688,39620,945,1852,10,1,1,1,1,0,0,0,0,0,0.021706,0.09773218142548597,0.0010799136069114472,0,0,pass
P2025-071,0000050863,INTC,0000050863-26-000011,3320720,423692,435172,100361,0.12759,63475,1066,2524,0,0,0,0,0,0,0,0,0,0,0.035321,0.08557844690966719,0.0027733755942947703,0,1,warning
P2025-072,0001561550,DDOG,0001628280-26-008819,2086014,350807,353607,37696,0.168171,52711,972,2167,10,1,1,1,1,0,0,0,0,0,0.023657,0.08860175357637287,0.0023073373327180432,0,0,pass
P2025-073,0000820313,APH,0001104659-26-013549,5318142,466498,471578,75094,0.087718,70139,795,2474,9,0,1,1,1,0,0,0,0,0,0.04752,0.07962813257881972,0.007275666936135812,0,0,pass
P2025-074,0001645590,HPE,0001645590-25-000130,4814483,555988,561908,101494,0.115482,82138,1581,3336,10,1,1,1,1,0,0,0,0,0,0.026821,0.08693045563549161,0.00539568345323741,0,0,pass
P2025-075,0000319201,KLAC,0000319201-25-000024,2891232,390754,394474,62161,0.135151,58876,973,2264,10,1,1,1,1,0,0,0,0,0,0.026394,0.07862190812720848,0.005742049469964664,0,0,pass
P2025-076,0000068505,MSI,0000068505-26-000010,3456048,373166,378286,76351,0.107975,56020,1033,2269,10,1,1,1,1,0,0,0,0,0,0.040396,0.10445130013221683,0.005288673424416042,0,1,warning
P2025-077,0001045810,NVDA,0001045810-25-000023,2067520,312281,315001,38164,0.151041,46511,983,2003,10,1,1,1,1,0,0,0,0,0,0.026574,0.08587119321018473,0.0014977533699450823,0,0,pass
P2025-078,0001601046,KEYS,0001601046-25-000127,3306959,395070,398830,59267,0.119466,58273,1045,2579,10,1,1,1,1,0,0,0,0,0,0.034047,0.0957735556417216,0.004265219077161691,0,1,warning
P2025-079,0001327811,WDAY,0001327811-25-000056,2213906,309581,312901,39294,0.139835,46260,943,1919,10,1,1,1,1,0,0,0,0,0,0.023195,0.11151641479937467,0.005732152162584679,0,0,pass
P2025-080,0001137789,STX,0001137789-25-000157,2461150,321404,324324,62122,0.130591,48417,978,2094,10,1,1,1,1,0,0,0,0,0,0.028812,0.11413562559694365,0.0028653295128939827,0,1,warning
P2025-081,0001262039,FTNT,0001262039-26-000007,2693095,462234,465434,43490,0.171637,68481,1213,2700,10,1,1,1,1,0,0,0,0,0,0.0191,0.08333333333333333,0.002962962962962963,0,0,pass
P2025-082,0001467373,ACN,0001467373-25-000217,2819249,282664,290184,82243,0.100262,42248,809,1763,10,1,1,1,1,0,0,0,0,0,0.028001,0.11174134997163924,0.0022688598979013048,0,1,warning
P2025-083,0000916076,MLM,0001193125-26-059193,7481813,503054,511854,78333,0.067237,73599,1242,3134,10,1,1,1,1,0,0,0,0,0,0.032691,0.05264837268666241,0.0038289725590299937,0,0,pass
P2025-084,0000079879,PPG,0000079879-26-000046,2884976,251725,256245,68954,0.087254,37553,891,1719,9,0,1,1,1,0,0,0,0,0,0.045589,0.11227457824316463,0.0029086678301337987,0,0,pass
P2025-085,0001396009,VMC,0001628280-26-009546,3726422,347408,358568,72438,0.093228,52469,1392,2713,0,0,0,0,0,0,0,0,0,0,0.0409,0.14190932546995946,0.0007371913011426465,0,1,warning
P2025-086,0000009389,BALL,0001104659-26-017410,4515965,306800,316080,72842,0.067937,46022,841,1955,10,1,1,1,1,0,0,0,0,0,0.039177,0.12122762148337596,0.0020460358056265983,0,1,warning
P2025-087,0000849395,CRH,0001628280-26-009043,3553852,321341,330101,85262,0.09042,47543,1149,2141,10,1,1,1,1,0,0,0,0,0,0.041899,0.14852872489490893,0.0028024287716020553,0,1,warning
P2025-088,0000034903,FRT,0000034903-26-000017,3868119,278339,281939,113764,0.071957,42924,1087,1940,10,1,1,1,1,0,0,0,0,0,0.04091,0.11855670103092783,0.002577319587628866,0,0,pass
P2025-089,0001289490,EXR,0001289490-26-000011,2757642,238260,241140,68174,0.0864,36470,792,1646,10,1,1,1,1,0,0,0,0,0,0.030573,0.08566221142162819,0.001215066828675577,0,1,warning
P2025-090,0001297996,DLR,0001104659-26-015365,8453067,534321,552161,197308,0.06321,80932,1526,3641,10,1,1,1,1,0,0,0,0,0,0.032015,0.1010711343037627,0.0035704476792090085,0,0,pass
P2025-091,0000920522,ESS,0000920522-26-000003,5662346,350183,354143,108365,0.061844,52824,1114,2305,10,1,1,1,1,0,0,0,0,0,0.045964,0.1631236442516269,0.004772234273318872,0,1,warning
P2025-092,0001705696,VICI,0001705696-26-000034,3435838,418863,423743,79997,0.12191,64238,1280,2314,1,0,0,0,0,0,0,0,0,0,0.027274,0.12359550561797752,0.00950734658599827,0,1,warning
P2025-093,0000074208,UDR,0000074208-26-000013,8540069,460061,473421,154836,0.053871,71139,1124,2761,8,1,0,0,1,0,0,0,0,0,0.037012,0.1358203549438609,0.007605939876856212,0,1,warning
P2025-094,0001687229,INVH,0001687229-26-000016,3038715,470758,473358,61096,0.15492,70892,1382,2756,10,1,1,1,1,0,0,0,0,0,0.026547,0.09796806966618288,0.0050798258345428155,0,0,pass
P2025-095,0001004980,PCG,0001004980-26-000009,4814550,506692,513332,138666,0.105242,75020,1504,3093,10,1,1,1,1,0,0,0,0,0,0.037017,0.08535402521823472,0.0038797284190106693,0,1,warning
P2025-096,0000715957,D,0001193125-26-063120,18147230,1129569,1136249,161842,0.062245,168599,2372,6500,9,1,1,0,1,0,0,0,0,0,0.047414,0.06584615384615385,0.004,0,1,warning
P2025-097,0000764622,PNW,0000764622-26-000011,5657541,509937,515977,126730,0.090134,76965,1603,3648,9,0,1,1,1,0,0,0,0,0,0.037848,0.09237938596491228,0.001644736842105263,0,0,pass
P2025-098,0000065984,ETR,0000065984-26-000174,15277598,1589478,1607318,368754,0.10404,237550,4830,9715,10,1,1,1,1,0,0,0,0,0,0.041082,0.0638188368502316,0.004323211528564077,0,0,pass
P2025-099,0001013871,NRG,0001013871-26-000004,5639759,488937,496217,132766,0.086695,74062,1520,3208,10,1,1,1,1,0,0,0,0,0,0.039845,0.08385286783042394,0.0018703241895261845,0,0,pass
P2025-100,0000788784,PEG,0001193125-26-077446,15018947,730197,736437,93380,0.048618,110803,1875,5010,10,1,1,1,1,0,0,0,0,0,0.034855,0.09101796407185629,0.001996007984031936,0,0,pass
P2025-R001,0000049826,ITW,0000049826-26-000008,2583783,231654,235414,57377,0.089657,34389,838,1675,9,0,1,1,1,0,0,0,0,0,0.05179,0.06925373134328358,0.001791044776119403,0,0,pass
