sample,method,variable_1,variable_2,correlation,pairwise_N,pvalue
full_sample,pearson,ai_disclosure,ai_disclosure,0.9999999999999988,4897,0.0
full_sample,pearson,ai_disclosure,ai_sentence_count,0.4629965135163951,4897,8.771216908498335e-259
full_sample,pearson,ai_disclosure,log1p_ai_sentence_count,0.8255436608416058,4897,0.0
full_sample,pearson,ai_disclosure,whole_report_concreteness,-0.23750269260412693,4897,9.223267103144635e-64
full_sample,pearson,ai_disclosure,ai_concreteness,,1879,
full_sample,pearson,ai_disclosure,past_tense_share,-0.32909816402943987,4897,4.928820881907034e-124
full_sample,pearson,ai_disclosure,present_tense_share,0.35209176241705264,4897,6.708878404202903e-143
full_sample,pearson,ai_disclosure,future_tense_share,-0.12102153217905269,4897,1.9288193681629607e-17
full_sample,pearson,ai_disclosure,ai_past_tense_share,,1808,
full_sample,pearson,ai_disclosure,ai_present_tense_share,,1808,
full_sample,pearson,ai_disclosure,ai_future_tense_share,,1808,
full_sample,pearson,ai_disclosure,lm_positive_share,0.23809448353230525,4897,4.433152290679286e-64
full_sample,pearson,ai_disclosure,lm_negative_share,0.27514127823383927,4897,8.719283026796323e-86
full_sample,pearson,ai_disclosure,lm_uncertainty_share,0.2642483595960711,4897,4.935821123914807e-79
full_sample,pearson,ai_disclosure,passive_voice_sentence_share,-0.13408883433289043,4897,4.361616010036252e-21
full_sample,pearson,ai_disclosure,fog_index,0.16552451241677513,4897,2.0229631103005686e-31
full_sample,pearson,ai_disclosure,ai_lm_positive_share,,1880,
full_sample,pearson,ai_disclosure,ai_lm_negative_share,,1880,
full_sample,pearson,ai_disclosure,ai_lm_uncertainty_share,,1880,
full_sample,pearson,ai_disclosure,ai_passive_voice_sentence_share,,1880,
full_sample,pearson,ai_disclosure,ai_fog_index,,1880,
full_sample,pearson,ai_disclosure,log_report_word_count,0.1573163271240514,4897,1.6590705100142077e-28
full_sample,pearson,ai_disclosure,report_word_count,0.10139013534612931,4897,1.1465751917154828e-12
full_sample,pearson,ai_disclosure,numeric_token_share,-0.31293619236692066,4897,1.0288843658705265e-111
full_sample,pearson,ai_disclosure,average_word_length,0.22104906063167726,4897,2.8914949547331856e-55
full_sample,pearson,ai_disclosure,lexical_density,0.06746435818635386,4897,2.298461585138127e-06
full_sample,pearson,ai_disclosure,root_type_token_ratio,0.20716383311962616,4897,1.2974353101396064e-48
full_sample,pearson,ai_sentence_count,ai_sentence_count,1.0,4897,0.0
full_sample,pearson,ai_sentence_count,log1p_ai_sentence_count,0.8009621065546806,4897,0.0
full_sample,pearson,ai_sentence_count,whole_report_concreteness,-0.18743033767190687,4897,5.875577645401278e-40
full_sample,pearson,ai_sentence_count,ai_concreteness,-0.0431272099043958,1879,0.06161176165203912
full_sample,pearson,ai_sentence_count,past_tense_share,-0.2665515237870557,4897,1.9574227096412458e-80
full_sample,pearson,ai_sentence_count,present_tense_share,0.2743818877142871,4897,2.6391355255401457e-85
full_sample,pearson,ai_sentence_count,future_tense_share,-0.04602095044830997,4897,0.0012758163914282025
full_sample,pearson,ai_sentence_count,ai_past_tense_share,-0.019515897887852986,1808,0.4069163200636508
full_sample,pearson,ai_sentence_count,ai_present_tense_share,0.0130706560809636,1808,0.5786133809320878
full_sample,pearson,ai_sentence_count,ai_future_tense_share,0.008441243858127744,1808,0.7198309219621128
full_sample,pearson,ai_sentence_count,lm_positive_share,0.20267251554444637,4897,1.4616272087825218e-46
full_sample,pearson,ai_sentence_count,lm_negative_share,0.25471212234389506,4897,2.236264508440796e-73
full_sample,pearson,ai_sentence_count,lm_uncertainty_share,0.22366577258800485,4897,1.428182940503292e-56
full_sample,pearson,ai_sentence_count,passive_voice_sentence_share,-0.15906200175502108,4897,4.1022963125534783e-29
full_sample,pearson,ai_sentence_count,fog_index,0.09319191208683042,4897,6.403826865294167e-11
full_sample,pearson,ai_sentence_count,ai_lm_positive_share,-0.059524159565985814,1880,0.009837809083367998
full_sample,pearson,ai_sentence_count,ai_lm_negative_share,0.027233721429024662,1880,0.2378969976063622
full_sample,pearson,ai_sentence_count,ai_lm_uncertainty_share,0.006693206926767649,1880,0.7718003503380396
full_sample,pearson,ai_sentence_count,ai_passive_voice_sentence_share,0.014919946474275815,1880,0.5179431754765563
full_sample,pearson,ai_sentence_count,ai_fog_index,-0.11872206360910383,1880,2.4366063960796186e-07
full_sample,pearson,ai_sentence_count,log_report_word_count,0.09414259328703278,4897,4.08542220369196e-11
full_sample,pearson,ai_sentence_count,report_word_count,0.059532445487267605,4897,3.0643707590577424e-05
full_sample,pearson,ai_sentence_count,numeric_token_share,-0.2635918322580953,4897,1.2312972768859217e-78
full_sample,pearson,ai_sentence_count,average_word_length,0.12300551978436354,4897,5.70186714637485e-18
full_sample,pearson,ai_sentence_count,lexical_density,0.007391062402719305,4897,0.6050926450427777
full_sample,pearson,ai_sentence_count,root_type_token_ratio,0.16244885644796572,4897,2.6053504923310064e-30
full_sample,pearson,log1p_ai_sentence_count,log1p_ai_sentence_count,1.0,4897,0.0
full_sample,pearson,log1p_ai_sentence_count,whole_report_concreteness,-0.25921923772358396,4897,5.0784990018640454e-76
full_sample,pearson,log1p_ai_sentence_count,ai_concreteness,-0.1662174115675488,1879,4.1432586840106615e-13
full_sample,pearson,log1p_ai_sentence_count,past_tense_share,-0.3569058516122135,4897,4.6912782378189484e-147
full_sample,pearson,log1p_ai_sentence_count,present_tense_share,0.3758456316535365,4897,4.055676208542475e-164
full_sample,pearson,log1p_ai_sentence_count,future_tense_share,-0.10235630639642435,4897,6.982234720905079e-13
full_sample,pearson,log1p_ai_sentence_count,ai_past_tense_share,-0.07470576972684023,1808,0.0014789699293298116
full_sample,pearson,log1p_ai_sentence_count,ai_present_tense_share,0.057325407093787396,1808,0.014775769995592488
full_sample,pearson,log1p_ai_sentence_count,ai_future_tense_share,0.018279974477617464,1808,0.4372752883225789
full_sample,pearson,log1p_ai_sentence_count,lm_positive_share,0.2602798780663872,4897,1.1910178044366884e-76
full_sample,pearson,log1p_ai_sentence_count,lm_negative_share,0.3157018319825375,4897,9.077343758934454e-114
full_sample,pearson,log1p_ai_sentence_count,lm_uncertainty_share,0.29058638422345895,4897,6.618506349588831e-96
full_sample,pearson,log1p_ai_sentence_count,passive_voice_sentence_share,-0.15834129751689444,4897,7.318153090500356e-29
full_sample,pearson,log1p_ai_sentence_count,fog_index,0.16538354634373567,4897,2.2768306991323796e-31
full_sample,pearson,log1p_ai_sentence_count,ai_lm_positive_share,-0.0952590260870251,1880,3.5188174923233236e-05
full_sample,pearson,log1p_ai_sentence_count,ai_lm_negative_share,0.13967471164457074,1880,1.1872336029377234e-09
full_sample,pearson,log1p_ai_sentence_count,ai_lm_uncertainty_share,0.10937089976629258,1880,2.0010273693959105e-06
full_sample,pearson,log1p_ai_sentence_count,ai_passive_voice_sentence_share,0.03778066209899336,1880,0.10149981851202139
full_sample,pearson,log1p_ai_sentence_count,ai_fog_index,-0.1528773169652833,1880,2.675682998092319e-11
full_sample,pearson,log1p_ai_sentence_count,log_report_word_count,0.1539412976139002,4897,2.363024941106915e-27
full_sample,pearson,log1p_ai_sentence_count,report_word_count,0.10374124870087813,4897,3.4018063992467366e-13
full_sample,pearson,log1p_ai_sentence_count,numeric_token_share,-0.34111873913178836,4897,1.0715857976047502e-133
full_sample,pearson,log1p_ai_sentence_count,average_word_length,0.21472657570235132,4897,3.533478459401174e-52
full_sample,pearson,log1p_ai_sentence_count,lexical_density,0.049462069709652404,4897,0.000535141145369432
full_sample,pearson,log1p_ai_sentence_count,root_type_token_ratio,0.20915629491334545,4897,1.5393005191345194e-49
full_sample,pearson,whole_report_concreteness,whole_report_concreteness,1.0,4897,0.0
full_sample,pearson,whole_report_concreteness,ai_concreteness,0.1558679051178,1879,1.0941672442719196e-11
full_sample,pearson,whole_report_concreteness,past_tense_share,0.25596607822296463,4897,4.161593917044472e-74
full_sample,pearson,whole_report_concreteness,present_tense_share,-0.2510583600762745,4897,2.8459934123978436e-71
full_sample,pearson,whole_report_concreteness,future_tense_share,-0.015678520084491825,4897,0.2726642501628107
full_sample,pearson,whole_report_concreteness,ai_past_tense_share,0.06452678206181531,1808,0.006057002048883847
full_sample,pearson,whole_report_concreteness,ai_present_tense_share,-0.08073832772457605,1808,0.0005897666391644958
full_sample,pearson,whole_report_concreteness,ai_future_tense_share,0.044300144087735215,1808,0.059661105231304454
full_sample,pearson,whole_report_concreteness,lm_positive_share,-0.09585758128149897,4897,1.7955895926337635e-11
full_sample,pearson,whole_report_concreteness,lm_negative_share,-0.4291117278344519,4897,1.2806545058752388e-218
full_sample,pearson,whole_report_concreteness,lm_uncertainty_share,-0.5296200621534568,4897,0.0
full_sample,pearson,whole_report_concreteness,passive_voice_sentence_share,-0.1318517903399598,4897,1.9522691347737025e-20
full_sample,pearson,whole_report_concreteness,fog_index,-0.3900814266160402,4897,1.0215433682504474e-177
full_sample,pearson,whole_report_concreteness,ai_lm_positive_share,0.07064401159554698,1880,0.0021778377157053966
full_sample,pearson,whole_report_concreteness,ai_lm_negative_share,-0.002158546231178025,1880,0.9254823624566131
full_sample,pearson,whole_report_concreteness,ai_lm_uncertainty_share,-0.0534613118362224,1880,0.02044153077870997
full_sample,pearson,whole_report_concreteness,ai_passive_voice_sentence_share,-0.013072298702670963,1880,0.5710888723877992
full_sample,pearson,whole_report_concreteness,ai_fog_index,0.07394617454447325,1880,0.0013343370903042976
full_sample,pearson,whole_report_concreteness,log_report_word_count,-0.3105943012888444,4897,5.430838564024252e-110
full_sample,pearson,whole_report_concreteness,report_word_count,-0.24208807148622108,4897,2.9957387648562843e-66
full_sample,pearson,whole_report_concreteness,numeric_token_share,0.3325627310947764,4897,8.95565445444347e-127
full_sample,pearson,whole_report_concreteness,average_word_length,-0.2300692984783116,4897,7.702617854430318e-60
full_sample,pearson,whole_report_concreteness,lexical_density,0.15117839595610066,4897,1.988965340652481e-26
full_sample,pearson,whole_report_concreteness,root_type_token_ratio,0.1590000620134595,4897,4.311987095254349e-29
full_sample,pearson,ai_concreteness,ai_concreteness,1.0,1879,0.0
full_sample,pearson,ai_concreteness,past_tense_share,0.047832055836734264,1879,0.038153317948299875
full_sample,pearson,ai_concreteness,present_tense_share,-0.06973905524046424,1879,0.002488959406742835
full_sample,pearson,ai_concreteness,future_tense_share,0.09672921596153107,1879,2.6688567077576106e-05
full_sample,pearson,ai_concreteness,ai_past_tense_share,0.21018985827346953,1808,1.6810538270772838e-19
full_sample,pearson,ai_concreteness,ai_present_tense_share,-0.16936484462621884,1808,4.200503250761998e-13
full_sample,pearson,ai_concreteness,ai_future_tense_share,-0.03589020803784055,1808,0.12713228476921665
full_sample,pearson,ai_concreteness,lm_positive_share,0.1153881409136971,1879,5.297528716944106e-07
full_sample,pearson,ai_concreteness,lm_negative_share,-0.03319494705742528,1879,0.15033346362162026
full_sample,pearson,ai_concreteness,lm_uncertainty_share,-0.031860613418857466,1879,0.1674305209983089
full_sample,pearson,ai_concreteness,passive_voice_sentence_share,-0.11755634705349577,1879,3.21984585184665e-07
full_sample,pearson,ai_concreteness,fog_index,-0.12223673376117013,1879,1.0661925901496125e-07
full_sample,pearson,ai_concreteness,ai_lm_positive_share,0.03291903385500522,1879,0.15375503798467982
full_sample,pearson,ai_concreteness,ai_lm_negative_share,-0.4677309524955477,1879,9.250622338353848e-103
full_sample,pearson,ai_concreteness,ai_lm_uncertainty_share,-0.5451457204203005,1879,6.152545577071413e-146
full_sample,pearson,ai_concreteness,ai_passive_voice_sentence_share,-0.01030924743325876,1879,0.6551682941484982
full_sample,pearson,ai_concreteness,ai_fog_index,-0.042858547850838216,1879,0.06325068009618347
full_sample,pearson,ai_concreteness,log_report_word_count,-0.14759601443999906,1879,1.2853886440677795e-10
full_sample,pearson,ai_concreteness,report_word_count,-0.1431199725816533,1879,4.609244914482089e-10
full_sample,pearson,ai_concreteness,numeric_token_share,-0.016032596718996813,1879,0.48733479203848573
full_sample,pearson,ai_concreteness,average_word_length,-0.10455864772537103,1879,5.5779480244178025e-06
full_sample,pearson,ai_concreteness,lexical_density,-0.15385051106807052,1879,2.0204154946082962e-11
full_sample,pearson,ai_concreteness,root_type_token_ratio,0.13550516582064218,1879,3.699227208378245e-09
full_sample,pearson,past_tense_share,past_tense_share,1.0,4897,0.0
full_sample,pearson,past_tense_share,present_tense_share,-0.9783399721337461,4897,0.0
full_sample,pearson,past_tense_share,future_tense_share,-0.07323292068234809,4897,2.8925602437145673e-07
full_sample,pearson,past_tense_share,ai_past_tense_share,0.06984614725564914,1808,0.002963736082236763
full_sample,pearson,past_tense_share,ai_present_tense_share,-0.07817698872053262,1808,0.0008781007158671591
full_sample,pearson,past_tense_share,ai_future_tense_share,0.03021394758067331,1808,0.1991002056664715
full_sample,pearson,past_tense_share,lm_positive_share,-0.26945865254320395,4897,3.180540632957565e-82
full_sample,pearson,past_tense_share,lm_negative_share,-0.2038318105465216,4897,4.3639571053519727e-47
full_sample,pearson,past_tense_share,lm_uncertainty_share,-0.4008670341029992,4897,1.7705225540169112e-188
full_sample,pearson,past_tense_share,passive_voice_sentence_share,0.04328179786386988,4897,0.0024500383380445774
full_sample,pearson,past_tense_share,fog_index,-0.11614586419142989,4897,3.542652523706618e-16
full_sample,pearson,past_tense_share,ai_lm_positive_share,0.06268449880032549,1880,0.006551893880122578
full_sample,pearson,past_tense_share,ai_lm_negative_share,-0.033526556614804685,1880,0.14619085330458748
full_sample,pearson,past_tense_share,ai_lm_uncertainty_share,-0.04401336086090309,1880,0.0563874412880116
full_sample,pearson,past_tense_share,ai_passive_voice_sentence_share,0.003467020924784469,1880,0.8805855918511507
full_sample,pearson,past_tense_share,ai_fog_index,0.13413988516987224,1880,5.2608579827376134e-09
full_sample,pearson,past_tense_share,log_report_word_count,0.14321279250702038,4897,7.4053059227703e-24
full_sample,pearson,past_tense_share,report_word_count,0.11447806033589242,4897,9.32787974984608e-16
full_sample,pearson,past_tense_share,numeric_token_share,0.6065933637990241,4897,0.0
full_sample,pearson,past_tense_share,average_word_length,-0.13546901699615904,4897,1.7081447025567646e-21
full_sample,pearson,past_tense_share,lexical_density,0.03084951156367324,4897,0.030868224453024156
full_sample,pearson,past_tense_share,root_type_token_ratio,-0.30588151228152327,4897,1.4252272264327107e-106
full_sample,pearson,present_tense_share,present_tense_share,0.9999999999999998,4897,0.0
full_sample,pearson,present_tense_share,future_tense_share,-0.13480205782023608,4897,2.690241623688878e-21
full_sample,pearson,present_tense_share,ai_past_tense_share,-0.0726397719034518,1808,0.0019973046764433632
full_sample,pearson,present_tense_share,ai_present_tense_share,0.08739546264231923,1808,0.0001987053223619658
full_sample,pearson,present_tense_share,ai_future_tense_share,-0.04314563240095816,1808,0.0666298355128632
full_sample,pearson,present_tense_share,lm_positive_share,0.2572444026490562,4897,7.423639719247039e-75
full_sample,pearson,present_tense_share,lm_negative_share,0.21019979429384808,4897,4.9963520877185295e-50
full_sample,pearson,present_tense_share,lm_uncertainty_share,0.3894033458642921,4897,4.70385095326971e-177
full_sample,pearson,present_tense_share,passive_voice_sentence_share,-0.044564720692279215,4897,0.001812635077319322
full_sample,pearson,present_tense_share,fog_index,0.09595506402592663,4897,1.712867036808379e-11
full_sample,pearson,present_tense_share,ai_lm_positive_share,-0.061060863474087054,1880,0.008091054552363253
full_sample,pearson,present_tense_share,ai_lm_negative_share,0.04609362124374517,1880,0.04568364017867038
full_sample,pearson,present_tense_share,ai_lm_uncertainty_share,0.05802125673233012,1880,0.011863175799426693
full_sample,pearson,present_tense_share,ai_passive_voice_sentence_share,-0.011733231862140852,1880,0.6111588659963423
full_sample,pearson,present_tense_share,ai_fog_index,-0.1275112515211472,1880,2.893887916959683e-08
full_sample,pearson,present_tense_share,log_report_word_count,-0.14755116158675016,4897,3.0692491572828646e-25
full_sample,pearson,present_tense_share,report_word_count,-0.11848966295634802,4897,8.875330436922572e-17
full_sample,pearson,present_tense_share,numeric_token_share,-0.5852217459558471,4897,0.0
full_sample,pearson,present_tense_share,average_word_length,0.20291972644021153,4897,1.1302227377461703e-46
full_sample,pearson,present_tense_share,lexical_density,0.04913072973902965,4897,0.0005832261869194224
full_sample,pearson,present_tense_share,root_type_token_ratio,0.31122944160898514,4897,1.858911364979826e-110
full_sample,pearson,future_tense_share,future_tense_share,1.0,4897,0.0
full_sample,pearson,future_tense_share,ai_past_tense_share,0.011343355001717889,1808,0.6298002600398308
full_sample,pearson,future_tense_share,ai_present_tense_share,-0.03933314614923428,1808,0.09453247769931306
full_sample,pearson,future_tense_share,ai_future_tense_share,0.056168833393272125,1808,0.01691428958933171
full_sample,pearson,future_tense_share,lm_positive_share,0.0504603062770531,4897,0.0004116675440615452
full_sample,pearson,future_tense_share,lm_negative_share,-0.03702349868592795,4897,0.009567571853899398
full_sample,pearson,future_tense_share,lm_uncertainty_share,0.04275457951836611,4897,0.0027669473196242304
full_sample,pearson,future_tense_share,passive_voice_sentence_share,0.007527915714145833,4897,0.5984257306082874
full_sample,pearson,future_tense_share,fog_index,0.0936613866090094,4897,5.131972890881273e-11
full_sample,pearson,future_tense_share,ai_lm_positive_share,-0.007057327131107894,1880,0.7597579169449196
full_sample,pearson,future_tense_share,ai_lm_negative_share,-0.055490285390361556,1880,0.016116997956612585
full_sample,pearson,future_tense_share,ai_lm_uncertainty_share,-0.061863413756944055,1880,0.00729388559419368
full_sample,pearson,future_tense_share,ai_passive_voice_sentence_share,0.03646869504971122,1880,0.11394228868164658
full_sample,pearson,future_tense_share,ai_fog_index,-0.029015468811544372,1880,0.20856947169915557
full_sample,pearson,future_tense_share,log_report_word_count,0.025358579259760462,4897,0.07599876856478537
full_sample,pearson,future_tense_share,report_word_count,0.02288999961714137,4897,0.10924181120578932
full_sample,pearson,future_tense_share,numeric_token_share,-0.08408685779979172,4897,3.787539895307956e-09
full_sample,pearson,future_tense_share,average_word_length,-0.3291827037718554,4897,4.2295261955934245e-124
full_sample,pearson,future_tense_share,lexical_density,-0.38437187527965155,4897,3.5062295673698307e-172
full_sample,pearson,future_tense_share,root_type_token_ratio,-0.03528499189965339,4897,0.0135365660183599
full_sample,pearson,ai_past_tense_share,ai_past_tense_share,1.0,1808,0.0
full_sample,pearson,ai_past_tense_share,ai_present_tense_share,-0.8552952465292367,1808,0.0
full_sample,pearson,ai_past_tense_share,ai_future_tense_share,-0.07544268741145395,1808,0.0013263148770257713
full_sample,pearson,ai_past_tense_share,lm_positive_share,0.09802922468846259,1808,2.974145503871992e-05
full_sample,pearson,ai_past_tense_share,lm_negative_share,-0.06454340407744966,1808,0.006043939376072924
full_sample,pearson,ai_past_tense_share,lm_uncertainty_share,-0.07687752261293698,1808,0.0010699422988899722
full_sample,pearson,ai_past_tense_share,passive_voice_sentence_share,0.023314649683912052,1808,0.3217824861977278
full_sample,pearson,ai_past_tense_share,fog_index,-0.054498029304851106,1808,0.020481536399682074
full_sample,pearson,ai_past_tense_share,ai_lm_positive_share,0.09259039289714735,1808,8.055375197428411e-05
full_sample,pearson,ai_past_tense_share,ai_lm_negative_share,-0.15897892263373664,1808,1.0572782988570082e-11
full_sample,pearson,ai_past_tense_share,ai_lm_uncertainty_share,-0.17321417399554323,1808,1.2052962627660916e-13
full_sample,pearson,ai_past_tense_share,ai_passive_voice_sentence_share,-0.0317212159236209,1808,0.17759051150840627
full_sample,pearson,ai_past_tense_share,ai_fog_index,-0.04679739926733355,1808,0.046638700824354486
full_sample,pearson,ai_past_tense_share,log_report_word_count,0.014432202151860196,1808,0.5396957208424984
full_sample,pearson,ai_past_tense_share,report_word_count,0.009474871658911267,1808,0.6872370066639777
full_sample,pearson,ai_past_tense_share,numeric_token_share,0.029834100497986557,1808,0.2048092860427361
full_sample,pearson,ai_past_tense_share,average_word_length,-0.005838277055326676,1808,0.8040745413547672
full_sample,pearson,ai_past_tense_share,lexical_density,0.005276433847816207,1808,0.8225990054645279
full_sample,pearson,ai_past_tense_share,root_type_token_ratio,-0.005374012352061918,1808,0.8193743468945061
full_sample,pearson,ai_present_tense_share,ai_present_tense_share,1.0,1808,0.0
full_sample,pearson,ai_present_tense_share,ai_future_tense_share,-0.4521385460030577,1808,8.516782230039458e-92
full_sample,pearson,ai_present_tense_share,lm_positive_share,-0.11211584459963705,1808,1.761619719515589e-06
full_sample,pearson,ai_present_tense_share,lm_negative_share,0.05395720023675347,1808,0.02176888989678857
full_sample,pearson,ai_present_tense_share,lm_uncertainty_share,0.0959555103332094,1808,4.375610603608611e-05
full_sample,pearson,ai_present_tense_share,passive_voice_sentence_share,-0.025775975732638026,1808,0.2733267528525434
full_sample,pearson,ai_present_tense_share,fog_index,0.046629505427245435,1808,0.04743215537537967
full_sample,pearson,ai_present_tense_share,ai_lm_positive_share,-0.13199688261853323,1808,1.767241834256317e-08
full_sample,pearson,ai_present_tense_share,ai_lm_negative_share,0.1799745258130342,1808,1.2545461875403684e-14
full_sample,pearson,ai_present_tense_share,ai_lm_uncertainty_share,0.18346775659460113,1808,3.7627116651400595e-15
full_sample,pearson,ai_present_tense_share,ai_passive_voice_sentence_share,0.053678982815638376,1808,0.02245813769492781
full_sample,pearson,ai_present_tense_share,ai_fog_index,0.06163837645720831,1808,0.0087523207618249
full_sample,pearson,ai_present_tense_share,log_report_word_count,-0.0036883876627655503,1808,0.8754620060497086
full_sample,pearson,ai_present_tense_share,report_word_count,0.006535356445959611,1808,0.7812442353615087
full_sample,pearson,ai_present_tense_share,numeric_token_share,-0.04286261506529527,1808,0.06843673031028881
full_sample,pearson,ai_present_tense_share,average_word_length,-0.00036730471985547443,1808,0.9875477535090551
full_sample,pearson,ai_present_tense_share,lexical_density,-0.012290202328732427,1808,0.6014998431498331
full_sample,pearson,ai_present_tense_share,root_type_token_ratio,-8.278645667111634e-05,1808,0.9971932921061573
full_sample,pearson,ai_future_tense_share,ai_future_tense_share,1.0,1808,0.0
full_sample,pearson,ai_future_tense_share,lm_positive_share,0.04701305072911839,1808,0.04563594988649883
full_sample,pearson,ai_future_tense_share,lm_negative_share,0.00726812343037803,1808,0.7574468964282162
full_sample,pearson,ai_future_tense_share,lm_uncertainty_share,-0.05232421728516881,1808,0.02609187099603123
full_sample,pearson,ai_future_tense_share,passive_voice_sentence_share,0.009470529587866695,1808,0.6873727701871517
full_sample,pearson,ai_future_tense_share,fog_index,0.004077606966989779,1808,0.862444676400314
full_sample,pearson,ai_future_tense_share,ai_lm_positive_share,0.09463625746578508,1808,5.571666758125534e-05
full_sample,pearson,ai_future_tense_share,ai_lm_negative_share,-0.07268434615112336,1808,0.001984552661993168
full_sample,pearson,ai_future_tense_share,ai_lm_uncertainty_share,-0.05490187888540267,1808,0.019563997078126078
full_sample,pearson,ai_future_tense_share,ai_passive_voice_sentence_share,-0.04869782849902256,1808,0.038409621467434145
full_sample,pearson,ai_future_tense_share,ai_fog_index,-0.03806277464416069,1808,0.10568019615705307
full_sample,pearson,ai_future_tense_share,log_report_word_count,-0.01774593106202927,1808,0.4507862563140728
full_sample,pearson,ai_future_tense_share,report_word_count,-0.028887548540737683,1808,0.2195512980531446
full_sample,pearson,ai_future_tense_share,numeric_token_share,0.031130534583121632,1808,0.1858042206102448
full_sample,pearson,ai_future_tense_share,average_word_length,0.010757103622123726,1808,0.6476026119510458
full_sample,pearson,ai_future_tense_share,lexical_density,0.014569151245379478,1808,0.5358549424041696
full_sample,pearson,ai_future_tense_share,root_type_token_ratio,0.00941035179127241,1808,0.6892553846486246
full_sample,pearson,lm_positive_share,lm_positive_share,1.0,4897,0.0
full_sample,pearson,lm_positive_share,lm_negative_share,0.20824843763475612,4897,4.076915524179333e-49
full_sample,pearson,lm_positive_share,lm_uncertainty_share,0.2563087277986959,4897,2.624244058857056e-74
full_sample,pearson,lm_positive_share,passive_voice_sentence_share,-0.31455060917137107,4897,6.543256275767518e-113
full_sample,pearson,lm_positive_share,fog_index,0.049658013109067665,4897,0.0005084701863583081
full_sample,pearson,lm_positive_share,ai_lm_positive_share,0.11124679780229788,1880,1.3290921960091562e-06
full_sample,pearson,lm_positive_share,ai_lm_negative_share,-0.10219626967264056,1880,9.004001475985569e-06
full_sample,pearson,lm_positive_share,ai_lm_uncertainty_share,-0.06906500301381088,1880,0.0027339079769217395
full_sample,pearson,lm_positive_share,ai_passive_voice_sentence_share,-0.06664768463417516,1880,0.0038393559473367585
full_sample,pearson,lm_positive_share,ai_fog_index,-0.041135124141133836,1880,0.07456271097786364
full_sample,pearson,lm_positive_share,log_report_word_count,-0.16873043474339544,4897,1.3366109267279617e-32
full_sample,pearson,lm_positive_share,report_word_count,-0.22567235177379494,4897,1.385512299450842e-57
full_sample,pearson,lm_positive_share,numeric_token_share,-0.3182826473308793,4897,1.0494931787415247e-115
full_sample,pearson,lm_positive_share,average_word_length,0.17640639528189028,4897,1.6012960208885202e-35
full_sample,pearson,lm_positive_share,lexical_density,-0.11201377789440792,4897,3.8012725098666406e-15
full_sample,pearson,lm_positive_share,root_type_token_ratio,0.5185886839364896,4897,0.0
full_sample,pearson,lm_negative_share,lm_negative_share,0.9999999999999999,4897,0.0
full_sample,pearson,lm_negative_share,lm_uncertainty_share,0.5908347976125041,4897,0.0
full_sample,pearson,lm_negative_share,passive_voice_sentence_share,-0.16566171627885198,4897,1.8029002232722216e-31
full_sample,pearson,lm_negative_share,fog_index,0.2189493564745397,4897,3.1418939009629654e-54
full_sample,pearson,lm_negative_share,ai_lm_positive_share,-0.13868008742363616,1880,1.55819725659029e-09
full_sample,pearson,lm_negative_share,ai_lm_negative_share,-0.002408653373483256,1880,0.9168777825405245
full_sample,pearson,lm_negative_share,ai_lm_uncertainty_share,0.03667709870144405,1880,0.1118892998952393
full_sample,pearson,lm_negative_share,ai_passive_voice_sentence_share,0.053637290411624024,1880,0.02003002420650606
full_sample,pearson,lm_negative_share,ai_fog_index,0.04712661412039693,1880,0.041038832734050214
full_sample,pearson,lm_negative_share,log_report_word_count,0.13050566238546135,4897,4.751850665091909e-20
full_sample,pearson,lm_negative_share,report_word_count,0.08041503878203886,4897,1.7503812173691503e-08
full_sample,pearson,lm_negative_share,numeric_token_share,-0.38237277420836985,4897,2.864761886699423e-170
full_sample,pearson,lm_negative_share,average_word_length,0.17345824943807964,4897,2.2012811885139315e-34
full_sample,pearson,lm_negative_share,lexical_density,-0.0630916243458153,4897,9.946349574436487e-06
full_sample,pearson,lm_negative_share,root_type_token_ratio,0.2622344010360579,4897,8.083977547627034e-78
full_sample,pearson,lm_uncertainty_share,lm_uncertainty_share,1.0,4897,0.0
full_sample,pearson,lm_uncertainty_share,passive_voice_sentence_share,-0.11894282442371384,4897,6.769708296270469e-17
full_sample,pearson,lm_uncertainty_share,fog_index,0.19649830275547298,4897,8.063504795558473e-44
full_sample,pearson,lm_uncertainty_share,ai_lm_positive_share,-0.1007846568184798,1880,1.1968348096544771e-05
full_sample,pearson,lm_uncertainty_share,ai_lm_negative_share,0.009530585691122067,1880,0.6796279455986475
full_sample,pearson,lm_uncertainty_share,ai_lm_uncertainty_share,0.08700979180251384,1880,0.00015853079745205447
full_sample,pearson,lm_uncertainty_share,ai_passive_voice_sentence_share,0.01778378536284787,1880,0.44092351670073654
full_sample,pearson,lm_uncertainty_share,ai_fog_index,0.048686872146485455,1880,0.03478432413694849
full_sample,pearson,lm_uncertainty_share,log_report_word_count,0.06497178590723271,4897,5.357459762800043e-06
full_sample,pearson,lm_uncertainty_share,report_word_count,0.02232942345859606,4897,0.11819921254414842
full_sample,pearson,lm_uncertainty_share,numeric_token_share,-0.4308943435926493,4897,1.2777049481301974e-220
full_sample,pearson,lm_uncertainty_share,average_word_length,0.08799792564956044,4897,6.899952316638294e-10
full_sample,pearson,lm_uncertainty_share,lexical_density,-0.20015536464190017,4897,1.9659801764121145e-45
full_sample,pearson,lm_uncertainty_share,root_type_token_ratio,0.17349937090628426,4897,2.122941529090313e-34
full_sample,pearson,passive_voice_sentence_share,passive_voice_sentence_share,1.0,4897,0.0
full_sample,pearson,passive_voice_sentence_share,fog_index,0.21832928328526385,4897,6.325448994471244e-54
full_sample,pearson,passive_voice_sentence_share,ai_lm_positive_share,-0.026139236569011445,1880,0.25729403568067377
full_sample,pearson,passive_voice_sentence_share,ai_lm_negative_share,0.09077228615481558,1880,8.103661837623057e-05
full_sample,pearson,passive_voice_sentence_share,ai_lm_uncertainty_share,0.1340043648824875,1880,5.4520910305702204e-09
full_sample,pearson,passive_voice_sentence_share,ai_passive_voice_sentence_share,0.0632442833950302,1880,0.006085671789788186
full_sample,pearson,passive_voice_sentence_share,ai_fog_index,0.08891983135128825,1880,0.00011312890864156553
full_sample,pearson,passive_voice_sentence_share,log_report_word_count,0.18333962262639916,4897,2.805944450562914e-38
full_sample,pearson,passive_voice_sentence_share,report_word_count,0.2194742199193242,4897,1.7346764152435048e-54
full_sample,pearson,passive_voice_sentence_share,numeric_token_share,0.06027536676057635,4897,2.4349645876078023e-05
full_sample,pearson,passive_voice_sentence_share,average_word_length,0.06854244709532643,4897,1.579348700771577e-06
full_sample,pearson,passive_voice_sentence_share,lexical_density,0.06817249806070937,4897,1.797506254663218e-06
full_sample,pearson,passive_voice_sentence_share,root_type_token_ratio,-0.35293835565577114,4897,1.2622479536616468e-143
full_sample,pearson,fog_index,fog_index,1.0,4897,0.0
full_sample,pearson,fog_index,ai_lm_positive_share,-0.08349652347219945,1880,0.00028980673010952246
full_sample,pearson,fog_index,ai_lm_negative_share,0.07360392377099387,1880,0.0014051070635055884
full_sample,pearson,fog_index,ai_lm_uncertainty_share,0.0753667279193654,1880,0.0010743275944674654
full_sample,pearson,fog_index,ai_passive_voice_sentence_share,0.09306284472997728,1880,5.317893759011967e-05
full_sample,pearson,fog_index,ai_fog_index,0.07130443944079881,1880,0.001977647282046726
full_sample,pearson,fog_index,log_report_word_count,0.4227845526158555,4897,1.2977320315623484e-211
full_sample,pearson,fog_index,report_word_count,0.35999350286084314,4897,9.28603823769023e-150
full_sample,pearson,fog_index,numeric_token_share,-0.396804534296664,4897,2.2314293335156392e-184
full_sample,pearson,fog_index,average_word_length,0.28855103763597323,4897,1.5538314315498506e-94
full_sample,pearson,fog_index,lexical_density,0.017280350918205085,4897,0.22664910223779758
full_sample,pearson,fog_index,root_type_token_ratio,-0.16360698745581853,4897,1.0011207026467784e-30
full_sample,pearson,ai_lm_positive_share,ai_lm_positive_share,1.0,1880,0.0
full_sample,pearson,ai_lm_positive_share,ai_lm_negative_share,-0.19281979100296875,1880,3.3355618186914976e-17
full_sample,pearson,ai_lm_positive_share,ai_lm_uncertainty_share,-0.1668346374327497,1880,3.3371153279640267e-13
full_sample,pearson,ai_lm_positive_share,ai_passive_voice_sentence_share,-0.11993311307376135,1880,1.8327020298790616e-07
full_sample,pearson,ai_lm_positive_share,ai_fog_index,-0.022488689208951546,1880,0.32977804529058014
full_sample,pearson,ai_lm_positive_share,log_report_word_count,-0.07099026688225774,1880,0.0020706754350525054
full_sample,pearson,ai_lm_positive_share,report_word_count,-0.0776177266303174,1880,0.0007564194428589091
full_sample,pearson,ai_lm_positive_share,numeric_token_share,0.08653778198950801,1880,0.00017213956791868856
full_sample,pearson,ai_lm_positive_share,average_word_length,0.0006943189223657431,1880,0.975999317815669
full_sample,pearson,ai_lm_positive_share,lexical_density,0.03604366137375357,1880,0.118221072414582
full_sample,pearson,ai_lm_positive_share,root_type_token_ratio,0.029509446852223717,1880,0.2009228896383181
full_sample,pearson,ai_lm_negative_share,ai_lm_negative_share,1.0,1880,0.0
full_sample,pearson,ai_lm_negative_share,ai_lm_uncertainty_share,0.39048367975710724,1880,1.6075560249068056e-69
full_sample,pearson,ai_lm_negative_share,ai_passive_voice_sentence_share,0.15257672994229582,1880,2.928134343705443e-11
full_sample,pearson,ai_lm_negative_share,ai_fog_index,0.05938762530712461,1880,0.010008172370674072
full_sample,pearson,ai_lm_negative_share,log_report_word_count,0.03871819289041737,1880,0.09328980230905633
full_sample,pearson,ai_lm_negative_share,report_word_count,0.04862343806787077,1880,0.03502175503338252
full_sample,pearson,ai_lm_negative_share,numeric_token_share,0.018789243392871066,1880,0.41552339221482115
full_sample,pearson,ai_lm_negative_share,average_word_length,0.05664932325118235,1880,0.014026059283824138
full_sample,pearson,ai_lm_negative_share,lexical_density,0.12941208183071795,1880,1.7902618392712515e-08
full_sample,pearson,ai_lm_negative_share,root_type_token_ratio,-0.03895410028826311,1880,0.09131010109956324
full_sample,pearson,ai_lm_uncertainty_share,ai_lm_uncertainty_share,1.0,1880,0.0
full_sample,pearson,ai_lm_uncertainty_share,ai_passive_voice_sentence_share,-0.04876983761397845,1880,0.03447586226218899
full_sample,pearson,ai_lm_uncertainty_share,ai_fog_index,-0.02500400408857654,1880,0.278543910326391
full_sample,pearson,ai_lm_uncertainty_share,log_report_word_count,0.06531343186786681,1880,0.004610405708061588
full_sample,pearson,ai_lm_uncertainty_share,report_word_count,0.06382742213520982,1880,0.005631955565150296
full_sample,pearson,ai_lm_uncertainty_share,numeric_token_share,-0.01689986188744755,1880,0.4639699254417424
full_sample,pearson,ai_lm_uncertainty_share,average_word_length,0.08312293658224856,1880,0.0003085989660162023
full_sample,pearson,ai_lm_uncertainty_share,lexical_density,0.09583838109595287,1880,3.150950795008007e-05
full_sample,pearson,ai_lm_uncertainty_share,root_type_token_ratio,-0.044329882938323066,1880,0.05463542775708745
full_sample,pearson,ai_passive_voice_sentence_share,ai_passive_voice_sentence_share,0.9999999999999999,1880,0.0
full_sample,pearson,ai_passive_voice_sentence_share,ai_fog_index,0.06803663511428414,1880,0.0031627909032628915
full_sample,pearson,ai_passive_voice_sentence_share,log_report_word_count,-0.0028884277836000198,1880,0.9003998846432004
full_sample,pearson,ai_passive_voice_sentence_share,report_word_count,0.007371696707107519,1880,0.7494073583381763
full_sample,pearson,ai_passive_voice_sentence_share,numeric_token_share,-0.021261223994120185,1880,0.3568647410618341
full_sample,pearson,ai_passive_voice_sentence_share,average_word_length,0.02981558640696589,1880,0.1962877290709098
full_sample,pearson,ai_passive_voice_sentence_share,lexical_density,-0.00941207360156397,1880,0.6833945260929903
full_sample,pearson,ai_passive_voice_sentence_share,root_type_token_ratio,-0.041659600619961865,1880,0.07093398617830592
full_sample,pearson,ai_fog_index,ai_fog_index,1.0,1880,0.0
full_sample,pearson,ai_fog_index,log_report_word_count,-0.02341273639165562,1880,0.31028893080244047
full_sample,pearson,ai_fog_index,report_word_count,-0.01948469952724515,1880,0.39847123129951106
full_sample,pearson,ai_fog_index,numeric_token_share,0.05774026733324524,1880,0.012280414971229786
full_sample,pearson,ai_fog_index,average_word_length,0.03201005171582318,1880,0.16533348671877773
full_sample,pearson,ai_fog_index,lexical_density,0.08117944490798756,1880,0.000426157102349058
full_sample,pearson,ai_fog_index,root_type_token_ratio,0.015432931823224985,1880,0.5036544887106362
full_sample,pearson,log_report_word_count,log_report_word_count,1.0,4897,0.0
full_sample,pearson,log_report_word_count,report_word_count,0.8971370771651853,4897,0.0
full_sample,pearson,log_report_word_count,numeric_token_share,-0.10733305531921986,4897,5.0407460973044376e-14
full_sample,pearson,log_report_word_count,average_word_length,0.026435864786343646,4897,0.06434310865091392
full_sample,pearson,log_report_word_count,lexical_density,0.12417715845202101,4897,2.7503802345709777e-18
full_sample,pearson,log_report_word_count,root_type_token_ratio,-0.4600250657382779,4897,4.468688665771046e-255
full_sample,pearson,report_word_count,report_word_count,1.0,4897,0.0
full_sample,pearson,report_word_count,numeric_token_share,-0.08187851484180128,4897,9.584953244776523e-09
full_sample,pearson,report_word_count,average_word_length,0.0654763224978728,4897,4.5248803066852564e-06
full_sample,pearson,report_word_count,lexical_density,0.2046199115834897,4897,1.9105930365931278e-47
full_sample,pearson,report_word_count,root_type_token_ratio,-0.5373012937835506,4897,0.0
full_sample,pearson,numeric_token_share,numeric_token_share,0.9999999999999999,4897,0.0
full_sample,pearson,numeric_token_share,average_word_length,-0.1384982828308362,4897,2.109092936725658e-22
full_sample,pearson,numeric_token_share,lexical_density,0.13320256820051277,4897,7.922177116556093e-21
full_sample,pearson,numeric_token_share,root_type_token_ratio,-0.3001060207458166,4897,1.8128594063576075e-102
full_sample,pearson,average_word_length,average_word_length,0.9999999999999999,4897,0.0
full_sample,pearson,average_word_length,lexical_density,0.6407788691783982,4897,0.0
full_sample,pearson,average_word_length,root_type_token_ratio,0.14243906972856188,4897,1.2932068215562902e-23
full_sample,pearson,lexical_density,lexical_density,0.9999999999999998,4897,0.0
full_sample,pearson,lexical_density,root_type_token_ratio,-0.0018593330897127016,4897,0.8965028459156843
full_sample,pearson,root_type_token_ratio,root_type_token_ratio,1.0,4897,0.0
full_sample,spearman,ai_disclosure,ai_disclosure,1.0,4897,0.0
full_sample,spearman,ai_disclosure,ai_sentence_count,0.9628607798194844,4897,0.0
full_sample,spearman,ai_disclosure,log1p_ai_sentence_count,0.9628236463384274,4897,0.0
full_sample,spearman,ai_disclosure,whole_report_concreteness,-0.23098258725981718,4897,2.583667108379291e-60
full_sample,spearman,ai_disclosure,ai_concreteness,,1879,
full_sample,spearman,ai_disclosure,past_tense_share,-0.3553761856406138,4897,9.988661770265363e-146
full_sample,spearman,ai_disclosure,present_tense_share,0.3747903762493975,4897,3.884134865304054e-163
full_sample,spearman,ai_disclosure,future_tense_share,-0.13124197054420478,4897,2.9244771956896086e-20
full_sample,spearman,ai_disclosure,ai_past_tense_share,,1808,
full_sample,spearman,ai_disclosure,ai_present_tense_share,,1808,
full_sample,spearman,ai_disclosure,ai_future_tense_share,,1808,
full_sample,spearman,ai_disclosure,lm_positive_share,0.2651515266083907,4897,1.3975424552984682e-79
full_sample,spearman,ai_disclosure,lm_negative_share,0.29621298342119534,4897,9.384046496370745e-100
full_sample,spearman,ai_disclosure,lm_uncertainty_share,0.2726138503616913,4897,3.430363100386114e-84
full_sample,spearman,ai_disclosure,passive_voice_sentence_share,-0.1538249791075991,4897,2.5868188509818574e-27
full_sample,spearman,ai_disclosure,fog_index,0.1781553881083876,4897,3.3090085165568886e-36
full_sample,spearman,ai_disclosure,ai_lm_positive_share,,1880,
full_sample,spearman,ai_disclosure,ai_lm_negative_share,,1880,
full_sample,spearman,ai_disclosure,ai_lm_uncertainty_share,,1880,
full_sample,spearman,ai_disclosure,ai_passive_voice_sentence_share,,1880,
full_sample,spearman,ai_disclosure,ai_fog_index,,1880,
full_sample,spearman,ai_disclosure,log_report_word_count,0.1662661948441904,4897,1.0841786475755525e-31
full_sample,spearman,ai_disclosure,report_word_count,0.1662661948441904,4897,1.0841786475755525e-31
full_sample,spearman,ai_disclosure,numeric_token_share,-0.3707924101224005,4897,1.8783192351129063e-159
full_sample,spearman,ai_disclosure,average_word_length,0.21971135509073864,4897,1.325696004122548e-54
full_sample,spearman,ai_disclosure,lexical_density,0.07632252176029071,4897,8.923752005187177e-08
full_sample,spearman,ai_disclosure,root_type_token_ratio,0.22391991146728343,4897,1.064172624985958e-56
full_sample,spearman,ai_sentence_count,ai_sentence_count,1.0,4897,0.0
full_sample,spearman,ai_sentence_count,log1p_ai_sentence_count,0.999961434215792,4897,0.0
full_sample,spearman,ai_sentence_count,whole_report_concreteness,-0.25570149589907726,4897,5.938575676572002e-74
full_sample,spearman,ai_sentence_count,ai_concreteness,-0.17132921465418754,1879,7.598667941783652e-14
full_sample,spearman,ai_sentence_count,past_tense_share,-0.38370066378283707,4897,1.5430601144677286e-171
full_sample,spearman,ai_sentence_count,present_tense_share,0.40309494849984573,4897,9.437783387903604e-191
full_sample,spearman,ai_sentence_count,future_tense_share,-0.12940440838051773,4897,9.770714579795748e-20
full_sample,spearman,ai_sentence_count,ai_past_tense_share,0.2903475669393015,1808,1.864025993496665e-36
full_sample,spearman,ai_sentence_count,ai_present_tense_share,-0.27295766127640075,1808,2.9505836757776567e-32
full_sample,spearman,ai_sentence_count,ai_future_tense_share,0.4342556112551011,1808,4.837490195767003e-84
full_sample,spearman,ai_sentence_count,lm_positive_share,0.28438126896612587,4897,9.2060476797231e-92
full_sample,spearman,ai_sentence_count,lm_negative_share,0.32428881486088235,4897,2.74381527104789e-120
full_sample,spearman,ai_sentence_count,lm_uncertainty_share,0.29450943709570515,4897,1.4020865590575293e-98
full_sample,spearman,ai_sentence_count,passive_voice_sentence_share,-0.17049751211593994,4897,2.92078777296841e-33
full_sample,spearman,ai_sentence_count,fog_index,0.19054592563154232,4897,2.909852861969129e-41
full_sample,spearman,ai_sentence_count,ai_lm_positive_share,0.07320860981498005,1880,0.0014911450088001695
full_sample,spearman,ai_sentence_count,ai_lm_negative_share,0.3599532662993792,1880,1.3153587389226857e-58
full_sample,spearman,ai_sentence_count,ai_lm_uncertainty_share,0.2817806767023882,1880,1.1884237191060642e-35
full_sample,spearman,ai_sentence_count,ai_passive_voice_sentence_share,0.4105545794865497,1880,2.3669088280638863e-77
full_sample,spearman,ai_sentence_count,ai_fog_index,-0.16647908462843825,1880,3.749512243841818e-13
full_sample,spearman,ai_sentence_count,log_report_word_count,0.17579260155720663,4897,2.77397622188941e-35
full_sample,spearman,ai_sentence_count,report_word_count,0.17579260155720663,4897,2.77397622188941e-35
full_sample,spearman,ai_sentence_count,numeric_token_share,-0.40315421746793023,4897,8.20648729126856e-191
full_sample,spearman,ai_sentence_count,average_word_length,0.23239753902829,4897,4.711350074631547e-61
full_sample,spearman,ai_sentence_count,lexical_density,0.07470494759895414,4897,1.6612768576880597e-07
full_sample,spearman,ai_sentence_count,root_type_token_ratio,0.2335407925790373,4897,1.1812030700386647e-61
full_sample,spearman,log1p_ai_sentence_count,log1p_ai_sentence_count,1.0,4897,0.0
full_sample,spearman,log1p_ai_sentence_count,whole_report_concreteness,-0.25577951840523,4897,5.34765701453503e-74
full_sample,spearman,log1p_ai_sentence_count,ai_concreteness,-0.16836910125846807,1879,2.042070576390719e-13
full_sample,spearman,log1p_ai_sentence_count,past_tense_share,-0.3833872132864659,4897,3.078895116413098e-171
full_sample,spearman,log1p_ai_sentence_count,present_tense_share,0.4027511359991006,4897,2.1223331917378183e-190
full_sample,spearman,log1p_ai_sentence_count,future_tense_share,-0.12924883166761253,4897,1.0812777445575984e-19
full_sample,spearman,log1p_ai_sentence_count,ai_past_tense_share,0.2900738869279709,1808,2.1821333802435962e-36
full_sample,spearman,log1p_ai_sentence_count,ai_present_tense_share,-0.2732291739041501,1808,2.5505759345436145e-32
full_sample,spearman,log1p_ai_sentence_count,ai_future_tense_share,0.4343873666529004,1808,4.257662416864214e-84
full_sample,spearman,log1p_ai_sentence_count,lm_positive_share,0.2842357649715664,4897,1.1480773824983736e-91
full_sample,spearman,log1p_ai_sentence_count,lm_negative_share,0.32415557220370417,4897,3.4766330892726635e-120
full_sample,spearman,log1p_ai_sentence_count,lm_uncertainty_share,0.2943987103890336,4897,1.6704335615124728e-98
full_sample,spearman,log1p_ai_sentence_count,passive_voice_sentence_share,-0.17049688843402253,4897,2.9223645684219607e-33
full_sample,spearman,log1p_ai_sentence_count,fog_index,0.1904254259140275,4897,3.271719761820534e-41
full_sample,spearman,log1p_ai_sentence_count,ai_lm_positive_share,0.07431272270072466,1880,0.0012621979476826928
full_sample,spearman,log1p_ai_sentence_count,ai_lm_negative_share,0.3573134520022046,1880,1.0193956614371729e-57
full_sample,spearman,log1p_ai_sentence_count,ai_lm_uncertainty_share,0.2789368386122991,1880,6.096365288872779e-35
full_sample,spearman,log1p_ai_sentence_count,ai_passive_voice_sentence_share,0.40974175642991506,1880,5.03422318829381e-77
full_sample,spearman,log1p_ai_sentence_count,ai_fog_index,-0.1680232603086698,1880,2.2563201520123932e-13
full_sample,spearman,log1p_ai_sentence_count,log_report_word_count,0.17572801410317127,4897,2.9387473339812457e-35
full_sample,spearman,log1p_ai_sentence_count,report_word_count,0.17572801410317127,4897,2.9387473339812457e-35
full_sample,spearman,log1p_ai_sentence_count,numeric_token_share,-0.4030517208580446,4897,1.0450638669294451e-190
full_sample,spearman,log1p_ai_sentence_count,average_word_length,0.23215116554929985,4897,6.341558925822258e-61
full_sample,spearman,log1p_ai_sentence_count,lexical_density,0.0744842602614198,4897,1.8065016977124642e-07
full_sample,spearman,log1p_ai_sentence_count,root_type_token_ratio,0.23327447840808346,4897,1.6314507707339204e-61
full_sample,spearman,whole_report_concreteness,whole_report_concreteness,0.9999999999999999,4897,0.0
full_sample,spearman,whole_report_concreteness,ai_concreteness,0.14102954109618868,1879,8.256791220392045e-10
full_sample,spearman,whole_report_concreteness,past_tense_share,0.2986276138173626,4897,1.9679041719263985e-101
full_sample,spearman,whole_report_concreteness,present_tense_share,-0.28898818224924044,4897,7.906397450935614e-95
full_sample,spearman,whole_report_concreteness,future_tense_share,-0.006318319309046479,4897,0.6584613643032841
full_sample,spearman,whole_report_concreteness,ai_past_tense_share,-0.04181714669272747,1808,0.07546344108663568
full_sample,spearman,whole_report_concreteness,ai_present_tense_share,0.0035304161483979833,1808,0.8807551456555078
full_sample,spearman,whole_report_concreteness,ai_future_tense_share,-0.06365389494848467,1808,0.006779721752546015
full_sample,spearman,whole_report_concreteness,lm_positive_share,-0.117029365499371,4897,2.1092892751613332e-16
full_sample,spearman,whole_report_concreteness,lm_negative_share,-0.4411170898072482,4897,2.4906431088171056e-232
full_sample,spearman,whole_report_concreteness,lm_uncertainty_share,-0.5466130435539257,4897,0.0
full_sample,spearman,whole_report_concreteness,passive_voice_sentence_share,-0.1306790475291218,4897,4.239634760500973e-20
full_sample,spearman,whole_report_concreteness,fog_index,-0.38124825432770376,4897,3.3642072823883136e-169
full_sample,spearman,whole_report_concreteness,ai_lm_positive_share,0.029976624399813915,1880,0.19388115195815753
full_sample,spearman,whole_report_concreteness,ai_lm_negative_share,-0.0621646494595027,1880,0.007013340119461161
full_sample,spearman,whole_report_concreteness,ai_lm_uncertainty_share,-0.08634301803542423,1880,0.0001780687521770003
full_sample,spearman,whole_report_concreteness,ai_passive_voice_sentence_share,-0.09547086536207959,1880,3.3798181565721656e-05
full_sample,spearman,whole_report_concreteness,ai_fog_index,0.023301385038225323,1880,0.3125963379956855
full_sample,spearman,whole_report_concreteness,log_report_word_count,-0.2637762785992495,4897,9.526687502895193e-79
full_sample,spearman,whole_report_concreteness,report_word_count,-0.2637762785992495,4897,9.526687502895193e-79
full_sample,spearman,whole_report_concreteness,numeric_token_share,0.3840016198454904,4897,7.943644013908419e-172
full_sample,spearman,whole_report_concreteness,average_word_length,-0.23296237296840192,4897,2.3807452152471384e-61
full_sample,spearman,whole_report_concreteness,lexical_density,0.15295715993863043,4897,5.069765354710441e-27
full_sample,spearman,whole_report_concreteness,root_type_token_ratio,0.13198771090939754,4897,1.7836469067611923e-20
full_sample,spearman,ai_concreteness,ai_concreteness,1.0,1879,0.0
full_sample,spearman,ai_concreteness,past_tense_share,0.0507966023690979,1879,0.027675299261287895
full_sample,spearman,ai_concreteness,present_tense_share,-0.07373651646819605,1879,0.001381366143388042
full_sample,spearman,ai_concreteness,future_tense_share,0.08866789749156288,1879,0.00011881895121193614
full_sample,spearman,ai_concreteness,ai_past_tense_share,0.1538585851293125,1808,4.805878307908188e-11
full_sample,spearman,ai_concreteness,ai_present_tense_share,-0.10030399574240435,1808,1.9302141037816818e-05
full_sample,spearman,ai_concreteness,ai_future_tense_share,-0.10284362484586611,1808,1.1782780322149527e-05
full_sample,spearman,ai_concreteness,lm_positive_share,0.12995059537878512,1879,1.574302436097303e-08
full_sample,spearman,ai_concreteness,lm_negative_share,-0.03200734868916007,1879,0.16548187249964502
full_sample,spearman,ai_concreteness,lm_uncertainty_share,-0.03196105404064945,1879,0.16609481663524756
full_sample,spearman,ai_concreteness,passive_voice_sentence_share,-0.16768976420996953,1879,2.5557589200591175e-13
full_sample,spearman,ai_concreteness,fog_index,-0.16919573180452693,1879,1.5522034361054895e-13
full_sample,spearman,ai_concreteness,ai_lm_positive_share,0.07870334154746239,1879,0.0006387218574931999
full_sample,spearman,ai_concreteness,ai_lm_negative_share,-0.5660085615843022,1879,1.2653237204441893e-159
full_sample,spearman,ai_concreteness,ai_lm_uncertainty_share,-0.6291243291405294,1879,1.2761669382019086e-207
full_sample,spearman,ai_concreteness,ai_passive_voice_sentence_share,-0.10075394306684769,1879,1.2106736604393867e-05
full_sample,spearman,ai_concreteness,ai_fog_index,-0.051487401619381895,1879,0.025625415563216767
full_sample,spearman,ai_concreteness,log_report_word_count,-0.14449045489389853,1879,3.130636681139778e-10
full_sample,spearman,ai_concreteness,report_word_count,-0.14449045489389853,1879,3.130636681139778e-10
full_sample,spearman,ai_concreteness,numeric_token_share,-0.007039988233831763,1879,0.760391949597774
full_sample,spearman,ai_concreteness,average_word_length,-0.10869747054382212,1879,2.328261488522294e-06
full_sample,spearman,ai_concreteness,lexical_density,-0.1556214665241791,1879,1.1798011436463124e-11
full_sample,spearman,ai_concreteness,root_type_token_ratio,0.1331996867749706,1879,6.796968146076966e-09
full_sample,spearman,past_tense_share,past_tense_share,1.0,4897,0.0
full_sample,spearman,past_tense_share,present_tense_share,-0.9767702575793686,4897,0.0
full_sample,spearman,past_tense_share,future_tense_share,-0.024062479028660055,4897,0.0922451301534903
full_sample,spearman,past_tense_share,ai_past_tense_share,-0.04821387966076995,1808,0.04037842731845148
full_sample,spearman,past_tense_share,ai_present_tense_share,0.022480575377562855,1808,0.33940233825721977
full_sample,spearman,past_tense_share,ai_future_tense_share,-0.12088495793715975,1808,2.5300869923889945e-07
full_sample,spearman,past_tense_share,lm_positive_share,-0.2509691446254259,4897,3.200339345432026e-71
full_sample,spearman,past_tense_share,lm_negative_share,-0.2442030664101245,4897,2.0456188623265164e-67
full_sample,spearman,past_tense_share,lm_uncertainty_share,-0.4193557977152371,4897,7.037161141258629e-208
full_sample,spearman,past_tense_share,passive_voice_sentence_share,0.07549476182560162,4897,1.2284192035835652e-07
full_sample,spearman,past_tense_share,fog_index,-0.14150575143229083,4897,2.5232021612995008e-23
full_sample,spearman,past_tense_share,ai_lm_positive_share,0.003257152636326284,1880,0.8877647022936426
full_sample,spearman,past_tense_share,ai_lm_negative_share,-0.09771552924123166,1880,2.193878373607869e-05
full_sample,spearman,past_tense_share,ai_lm_uncertainty_share,-0.07636781005078444,1880,0.0009201521068104236
full_sample,spearman,past_tense_share,ai_passive_voice_sentence_share,-0.09266426025293681,1880,5.726309000185272e-05
full_sample,spearman,past_tense_share,ai_fog_index,0.07750212809222004,1880,0.0007703428636358961
full_sample,spearman,past_tense_share,log_report_word_count,0.0464334153169197,4897,0.0011529651130150766
full_sample,spearman,past_tense_share,report_word_count,0.0464334153169197,4897,0.0011529651130150766
full_sample,spearman,past_tense_share,numeric_token_share,0.7022408914260488,4897,0.0
full_sample,spearman,past_tense_share,average_word_length,-0.13473614971590475,4897,2.8133984419983548e-21
full_sample,spearman,past_tense_share,lexical_density,0.005592908093129022,4897,0.6955852218846266
full_sample,spearman,past_tense_share,root_type_token_ratio,-0.2821268262637248,4897,2.776349982799142e-90
full_sample,spearman,present_tense_share,present_tense_share,1.0,4897,0.0
full_sample,spearman,present_tense_share,future_tense_share,-0.16283283377665486,4897,1.8988355074732794e-30
full_sample,spearman,present_tense_share,ai_past_tense_share,0.05794968010142735,1808,0.013723474082298253
full_sample,spearman,present_tense_share,ai_present_tense_share,-0.01957140678200008,1808,0.4055829570063447
full_sample,spearman,present_tense_share,ai_future_tense_share,0.10539076938571472,1808,7.099323173753329e-06
full_sample,spearman,present_tense_share,lm_positive_share,0.24751547225147658,4897,2.899641205773387e-69
full_sample,spearman,present_tense_share,lm_negative_share,0.250607199452185,4897,5.149188390864082e-71
full_sample,spearman,present_tense_share,lm_uncertainty_share,0.4062594460577551,4897,5.199263982221232e-194
full_sample,spearman,present_tense_share,passive_voice_sentence_share,-0.07966374856056761,4897,2.374880851010218e-08
full_sample,spearman,present_tense_share,fog_index,0.12309742046228841,4897,5.386304551630754e-18
full_sample,spearman,present_tense_share,ai_lm_positive_share,0.006641581029867352,1880,0.7735122880587312
full_sample,spearman,present_tense_share,ai_lm_negative_share,0.11225579574890084,1880,1.063617497794751e-06
full_sample,spearman,present_tense_share,ai_lm_uncertainty_share,0.08985549360135012,1880,9.566011358022151e-05
full_sample,spearman,present_tense_share,ai_passive_voice_sentence_share,0.0900830412228825,1880,9.18143706541297e-05
full_sample,spearman,present_tense_share,ai_fog_index,-0.04990877198719248,1880,0.030471866091637836
full_sample,spearman,present_tense_share,log_report_word_count,-0.0644744191304784,4897,6.3205104697369335e-06
full_sample,spearman,present_tense_share,report_word_count,-0.0644744191304784,4897,6.3205104697369335e-06
full_sample,spearman,present_tense_share,numeric_token_share,-0.6883242038967887,4897,0.0
full_sample,spearman,present_tense_share,average_word_length,0.202027636043034,4897,2.8540316603755713e-46
full_sample,spearman,present_tense_share,lexical_density,0.07454356880002669,4897,1.7663106307911564e-07
full_sample,spearman,present_tense_share,root_type_token_ratio,0.2966194137090771,4897,4.909285940229058e-100
full_sample,spearman,future_tense_share,future_tense_share,1.0,4897,0.0
full_sample,spearman,future_tense_share,ai_past_tense_share,-0.019765457974832194,1808,0.40094224760657227
full_sample,spearman,future_tense_share,ai_present_tense_share,-0.01404683641041,1808,0.5505767844374339
full_sample,spearman,future_tense_share,ai_future_tense_share,0.04962781823335064,1808,0.03485451531776167
full_sample,spearman,future_tense_share,lm_positive_share,0.01755008113429441,4897,0.219480536505838
full_sample,spearman,future_tense_share,lm_negative_share,-0.04386898566746771,4897,0.002136410993823131
full_sample,spearman,future_tense_share,lm_uncertainty_share,0.037639348822811405,4897,0.008433363192496449
full_sample,spearman,future_tense_share,passive_voice_sentence_share,-0.008051083738156665,4897,0.5732519896256096
full_sample,spearman,future_tense_share,fog_index,0.06571362610038857,4897,4.177575951063742e-06
full_sample,spearman,future_tense_share,ai_lm_positive_share,-0.04046056631048543,1880,0.0794511180270675
full_sample,spearman,future_tense_share,ai_lm_negative_share,-0.06276527086554268,1880,0.006482698465233521
full_sample,spearman,future_tense_share,ai_lm_uncertainty_share,-0.05215274361900012,1880,0.023739198661617788
full_sample,spearman,future_tense_share,ai_passive_voice_sentence_share,0.011173183248028382,1880,0.6282790060685843
full_sample,spearman,future_tense_share,ai_fog_index,-0.12280129299192426,1880,9.232177757619118e-08
full_sample,spearman,future_tense_share,log_report_word_count,0.07221152644052477,4897,4.22403671300038e-07
full_sample,spearman,future_tense_share,report_word_count,0.07221152644052477,4897,4.22403671300038e-07
full_sample,spearman,future_tense_share,numeric_token_share,-0.020862135455708027,4897,0.14437569863839028
full_sample,spearman,future_tense_share,average_word_length,-0.32987315990913035,4897,1.209973403476498e-124
full_sample,spearman,future_tense_share,lexical_density,-0.38517842764213184,4897,5.8821441546614165e-173
full_sample,spearman,future_tense_share,root_type_token_ratio,-0.03769171013762576,4897,0.008342711996244166
full_sample,spearman,ai_past_tense_share,ai_past_tense_share,1.0,1808,0.0
full_sample,spearman,ai_past_tense_share,ai_present_tense_share,-0.8066741776879608,1808,0.0
full_sample,spearman,ai_past_tense_share,ai_future_tense_share,0.10586500795890064,1808,6.451966410422349e-06
full_sample,spearman,ai_past_tense_share,lm_positive_share,0.18480860513203856,1808,2.3549626255538776e-15
full_sample,spearman,ai_past_tense_share,lm_negative_share,0.05962723550636318,1808,0.011216264649115817
full_sample,spearman,ai_past_tense_share,lm_uncertainty_share,-0.01155422693339826,1808,0.6234483153706352
full_sample,spearman,ai_past_tense_share,passive_voice_sentence_share,-0.0960044291977144,1808,4.336320702148232e-05
full_sample,spearman,ai_past_tense_share,fog_index,-0.020247069689168447,1808,0.38956307335978835
full_sample,spearman,ai_past_tense_share,ai_lm_positive_share,0.11275502862468825,1808,1.5365045831253207e-06
full_sample,spearman,ai_past_tense_share,ai_lm_negative_share,-0.0822120144265155,1808,0.0004666392470930247
full_sample,spearman,ai_past_tense_share,ai_lm_uncertainty_share,-0.13265698959084346,1808,1.4980152231939003e-08
full_sample,spearman,ai_past_tense_share,ai_passive_voice_sentence_share,0.08086594460756,1808,0.0005780137711002113
full_sample,spearman,ai_past_tense_share,ai_fog_index,-0.07208696709745936,1808,0.002161821292027913
full_sample,spearman,ai_past_tense_share,log_report_word_count,0.042382427482677155,1808,0.07159439021168902
full_sample,spearman,ai_past_tense_share,report_word_count,0.042382427482677155,1808,0.07159439021168902
full_sample,spearman,ai_past_tense_share,numeric_token_share,-0.10136889223616542,1808,1.5715653760315958e-05
full_sample,spearman,ai_past_tense_share,average_word_length,0.033884800724667694,1808,0.14980555999091957
full_sample,spearman,ai_past_tense_share,lexical_density,0.0008099107908332533,1808,0.9725469655547022
full_sample,spearman,ai_past_tense_share,root_type_token_ratio,0.06344923012143608,1808,0.006960003978189702
full_sample,spearman,ai_present_tense_share,ai_present_tense_share,0.9999999999999999,1808,0.0
full_sample,spearman,ai_present_tense_share,ai_future_tense_share,-0.5380832826397243,1808,3.0612132322208068e-136
full_sample,spearman,ai_present_tense_share,lm_positive_share,-0.18112752105859223,1808,8.453171399348771e-15
full_sample,spearman,ai_present_tense_share,lm_negative_share,-0.05494050575750424,1808,0.019478146709010075
full_sample,spearman,ai_present_tense_share,lm_uncertainty_share,0.029092952529822035,1808,0.21628930166522764
full_sample,spearman,ai_present_tense_share,passive_voice_sentence_share,0.06092020689344442,1808,0.009570362900381164
full_sample,spearman,ai_present_tense_share,fog_index,0.005713245312279367,1808,0.8081878414804634
full_sample,spearman,ai_present_tense_share,ai_lm_positive_share,-0.12138852042887358,1808,2.253664090623413e-07
full_sample,spearman,ai_present_tense_share,ai_lm_negative_share,0.09014379554339008,1808,0.00012397388259756262
full_sample,spearman,ai_present_tense_share,ai_lm_uncertainty_share,0.11186867352209981,1808,1.856895334488522e-06
full_sample,spearman,ai_present_tense_share,ai_passive_voice_sentence_share,-0.06725207056958732,1808,0.004224951470505571
full_sample,spearman,ai_present_tense_share,ai_fog_index,0.0854175770303946,1808,0.0002767536647497214
full_sample,spearman,ai_present_tense_share,log_report_word_count,-0.03516213442531098,1808,0.13503385679536248
full_sample,spearman,ai_present_tense_share,report_word_count,-0.03516213442531098,1808,0.13503385679536248
full_sample,spearman,ai_present_tense_share,numeric_token_share,0.0625957733970799,1808,0.00775904352448136
full_sample,spearman,ai_present_tense_share,average_word_length,-0.05578458459381254,1808,0.01768252059438373
full_sample,spearman,ai_present_tense_share,lexical_density,-0.023112619634684736,1808,0.3259946305230278
full_sample,spearman,ai_present_tense_share,root_type_token_ratio,-0.05536391450555406,1808,0.01855844496300477
full_sample,spearman,ai_future_tense_share,ai_future_tense_share,1.0,1808,0.0
full_sample,spearman,ai_future_tense_share,lm_positive_share,0.09150534243477083,1808,9.765474016856294e-05
full_sample,spearman,ai_future_tense_share,lm_negative_share,0.12730271543528413,1808,5.5928319703799916e-08
full_sample,spearman,ai_future_tense_share,lm_uncertainty_share,0.06812593271971384,1808,0.0037540885475687976
full_sample,spearman,ai_future_tense_share,passive_voice_sentence_share,-0.06297495403574711,1808,0.007394417630202979
full_sample,spearman,ai_future_tense_share,fog_index,0.07355624594769151,1808,0.0017496603705421097
full_sample,spearman,ai_future_tense_share,ai_lm_positive_share,0.05188991665338102,1808,0.027359501534218896
full_sample,spearman,ai_future_tense_share,ai_lm_negative_share,0.09130432787607111,1808,0.00010117733849347846
full_sample,spearman,ai_future_tense_share,ai_lm_uncertainty_share,0.09074384954915309,1808,0.00011164280680326513
full_sample,spearman,ai_future_tense_share,ai_passive_voice_sentence_share,0.15778365670164396,1808,1.5122970721607497e-11
full_sample,spearman,ai_future_tense_share,ai_fog_index,-0.10089216564650505,1808,1.7234807756571023e-05
full_sample,spearman,ai_future_tense_share,log_report_word_count,0.015173783222541799,1808,0.5190639196809477
full_sample,spearman,ai_future_tense_share,report_word_count,0.015173783222541799,1808,0.5190639196809477
full_sample,spearman,ai_future_tense_share,numeric_token_share,-0.11874935389468486,1808,4.111405291653147e-07
full_sample,spearman,ai_future_tense_share,average_word_length,0.07718681676465526,1808,0.001021055996801244
full_sample,spearman,ai_future_tense_share,lexical_density,0.02348469841638916,1808,0.3182647621062426
full_sample,spearman,ai_future_tense_share,root_type_token_ratio,0.04861122735580346,1808,0.038755821687775784
full_sample,spearman,lm_positive_share,lm_positive_share,1.0,4897,0.0
full_sample,spearman,lm_positive_share,lm_negative_share,0.22916464601563832,4897,2.262082902485852e-59
full_sample,spearman,lm_positive_share,lm_uncertainty_share,0.2541342238680793,4897,4.8384393781301875e-73
full_sample,spearman,lm_positive_share,passive_voice_sentence_share,-0.29775385306181473,4897,8.00236556359393e-101
full_sample,spearman,lm_positive_share,fog_index,0.024561139473954816,4897,0.08569200080930081
full_sample,spearman,lm_positive_share,ai_lm_positive_share,0.15869505920528137,1880,4.5109128430975795e-12
full_sample,spearman,lm_positive_share,ai_lm_negative_share,-0.06346532284892296,1880,0.005909955030682039
full_sample,spearman,lm_positive_share,ai_lm_uncertainty_share,-0.07921799223345283,1880,0.000586180010314919
full_sample,spearman,lm_positive_share,ai_passive_voice_sentence_share,-0.005855830408016488,1880,0.7996994725341546
full_sample,spearman,lm_positive_share,ai_fog_index,-0.06922526564826187,1880,0.00267207062948285
full_sample,spearman,lm_positive_share,log_report_word_count,-0.1922528041012144,4897,5.4842453611405315e-42
full_sample,spearman,lm_positive_share,report_word_count,-0.1922528041012144,4897,5.4842453611405315e-42
full_sample,spearman,lm_positive_share,numeric_token_share,-0.3460580590198599,4897,8.571322547177575e-138
full_sample,spearman,lm_positive_share,average_word_length,0.154184044048785,4897,1.9559543285562164e-27
full_sample,spearman,lm_positive_share,lexical_density,-0.12181918927407476,4897,1.1845057825189592e-17
full_sample,spearman,lm_positive_share,root_type_token_ratio,0.5183727187905813,4897,0.0
full_sample,spearman,lm_negative_share,lm_negative_share,1.0,4897,0.0
full_sample,spearman,lm_negative_share,lm_uncertainty_share,0.58581733663427,4897,0.0
full_sample,spearman,lm_negative_share,passive_voice_sentence_share,-0.16418475311908187,4897,6.196053787542594e-31
full_sample,spearman,lm_negative_share,fog_index,0.22739251074679181,4897,1.841345955498089e-58
full_sample,spearman,lm_negative_share,ai_lm_positive_share,-0.12067641242233874,1880,1.5366424536396324e-07
full_sample,spearman,lm_negative_share,ai_lm_negative_share,0.05894439495666455,1880,0.010579460258977989
full_sample,spearman,lm_negative_share,ai_lm_uncertainty_share,0.06375506255810941,1880,0.005686548000358894
full_sample,spearman,lm_negative_share,ai_passive_voice_sentence_share,0.1195240608092916,1880,2.0183985838993456e-07
full_sample,spearman,lm_negative_share,ai_fog_index,0.019929809856712083,1880,0.3877818354771697
full_sample,spearman,lm_negative_share,log_report_word_count,0.14977981900787685,4897,5.759217951015802e-26
full_sample,spearman,lm_negative_share,report_word_count,0.14977981900787685,4897,5.759217951015802e-26
full_sample,spearman,lm_negative_share,numeric_token_share,-0.43847996355680463,4897,2.8561440710831685e-229
full_sample,spearman,lm_negative_share,average_word_length,0.18331733310083775,4897,2.8649716162420697e-38
full_sample,spearman,lm_negative_share,lexical_density,-0.05981726196880213,4897,2.806700810266461e-05
full_sample,spearman,lm_negative_share,root_type_token_ratio,0.2973866878837938,4897,1.4407346242805786e-100
full_sample,spearman,lm_uncertainty_share,lm_uncertainty_share,1.0,4897,0.0
full_sample,spearman,lm_uncertainty_share,passive_voice_sentence_share,-0.1136130366964299,4897,1.5327318641397474e-15
full_sample,spearman,lm_uncertainty_share,fog_index,0.20542627551424442,4897,8.177090681429585e-48
full_sample,spearman,lm_uncertainty_share,ai_lm_positive_share,-0.07781963651868513,1880,0.0007326588128773392
full_sample,spearman,lm_uncertainty_share,ai_lm_negative_share,0.07787895846404466,1880,0.0007258106423255094
full_sample,spearman,lm_uncertainty_share,ai_lm_uncertainty_share,0.11734664494242007,1880,3.355821930371766e-07
full_sample,spearman,lm_uncertainty_share,ai_passive_voice_sentence_share,0.1041059976804999,1880,6.0905430841407705e-06
full_sample,spearman,lm_uncertainty_share,ai_fog_index,0.012427460194698382,1880,0.5902289750225044
full_sample,spearman,lm_uncertainty_share,log_report_word_count,0.06754523790711117,4897,2.235093494262359e-06
full_sample,spearman,lm_uncertainty_share,report_word_count,0.06754523790711117,4897,2.235093494262359e-06
full_sample,spearman,lm_uncertainty_share,numeric_token_share,-0.48804532128983386,4897,1.5505393870883854e-291
full_sample,spearman,lm_uncertainty_share,average_word_length,0.10005679304267283,4897,2.256154282349975e-12
full_sample,spearman,lm_uncertainty_share,lexical_density,-0.18957968215014825,4897,7.431836898580166e-41
full_sample,spearman,lm_uncertainty_share,root_type_token_ratio,0.15738088733346267,4897,1.5759616755923323e-28
full_sample,spearman,passive_voice_sentence_share,passive_voice_sentence_share,1.0,4897,0.0
full_sample,spearman,passive_voice_sentence_share,fog_index,0.24257331148584851,4897,1.6220585134233126e-66
full_sample,spearman,passive_voice_sentence_share,ai_lm_positive_share,-0.05346537716214417,1880,0.020431941948351056
full_sample,spearman,passive_voice_sentence_share,ai_lm_negative_share,0.07460481057164789,1880,0.0012073078787112545
full_sample,spearman,passive_voice_sentence_share,ai_lm_uncertainty_share,0.13529765846602756,1880,3.872151297675403e-09
full_sample,spearman,passive_voice_sentence_share,ai_passive_voice_sentence_share,0.04789150060455521,1880,0.03786285715311331
full_sample,spearman,passive_voice_sentence_share,ai_fog_index,0.13370248851937125,1880,5.9026763320052964e-09
full_sample,spearman,passive_voice_sentence_share,log_report_word_count,0.22062253663230605,4897,4.703920662877374e-55
full_sample,spearman,passive_voice_sentence_share,report_word_count,0.22062253663230605,4897,4.703920662877374e-55
full_sample,spearman,passive_voice_sentence_share,numeric_token_share,0.0917568855999111,4897,1.2515068961485419e-10
full_sample,spearman,passive_voice_sentence_share,average_word_length,0.06639104559973437,4897,3.321042860123259e-06
full_sample,spearman,passive_voice_sentence_share,lexical_density,0.07740457515731035,4897,5.847054686132214e-08
full_sample,spearman,passive_voice_sentence_share,root_type_token_ratio,-0.3510702426476436,4897,5.001438241853854e-142
full_sample,spearman,fog_index,fog_index,0.9999999999999999,4897,0.0
full_sample,spearman,fog_index,ai_lm_positive_share,-0.059028952485086134,1880,0.010468286118746064
full_sample,spearman,fog_index,ai_lm_negative_share,0.107110370106894,1880,3.247654330541542e-06
full_sample,spearman,fog_index,ai_lm_uncertainty_share,0.15384388314025574,1880,1.9998515043270837e-11
full_sample,spearman,fog_index,ai_passive_voice_sentence_share,0.1635684775138214,1880,9.640056204319463e-13
full_sample,spearman,fog_index,ai_fog_index,0.18917133630074426,1880,1.3216113739300266e-16
full_sample,spearman,fog_index,log_report_word_count,0.4603304802728827,4897,1.865704969064384e-255
full_sample,spearman,fog_index,report_word_count,0.4603304802728827,4897,1.865704969064384e-255
full_sample,spearman,fog_index,numeric_token_share,-0.27059627476307835,4897,6.25568077477603e-83
full_sample,spearman,fog_index,average_word_length,0.3354495091008417,4897,4.377197370565535e-129
full_sample,spearman,fog_index,lexical_density,0.11806065061239276,4897,1.145821982951144e-16
full_sample,spearman,fog_index,root_type_token_ratio,-0.18754006597008605,4897,5.2901942750527244e-40
full_sample,spearman,ai_lm_positive_share,ai_lm_positive_share,1.0,1880,0.0
full_sample,spearman,ai_lm_positive_share,ai_lm_negative_share,-0.13433854828371683,1880,4.992260348296631e-09
full_sample,spearman,ai_lm_positive_share,ai_lm_uncertainty_share,-0.1406163280506593,1880,9.161621678695e-10
full_sample,spearman,ai_lm_positive_share,ai_passive_voice_sentence_share,-0.07333332769083173,1880,0.001463490840058097
full_sample,spearman,ai_lm_positive_share,ai_fog_index,0.021537068785966708,1880,0.35065879107263176
full_sample,spearman,ai_lm_positive_share,log_report_word_count,-0.09255800526435407,1880,5.8400955499578564e-05
full_sample,spearman,ai_lm_positive_share,report_word_count,-0.09255800526435407,1880,5.8400955499578564e-05
full_sample,spearman,ai_lm_positive_share,numeric_token_share,0.0075150583403089544,1880,0.7447020080953557
full_sample,spearman,ai_lm_positive_share,average_word_length,0.03304339738571764,1880,0.15209639350109563
full_sample,spearman,ai_lm_positive_share,lexical_density,0.04448805883590138,1880,0.05377703622039076
full_sample,spearman,ai_lm_positive_share,root_type_token_ratio,0.04585277996360093,1880,0.04682801583423652
full_sample,spearman,ai_lm_negative_share,ai_lm_negative_share,1.0,1880,0.0
full_sample,spearman,ai_lm_negative_share,ai_lm_uncertainty_share,0.5699846201785813,1880,1.9766816784110977e-162
full_sample,spearman,ai_lm_negative_share,ai_passive_voice_sentence_share,0.2732427379086463,1880,1.5202692426905966e-33
full_sample,spearman,ai_lm_negative_share,ai_fog_index,0.09208387161553784,1880,6.374417775222423e-05
full_sample,spearman,ai_lm_negative_share,log_report_word_count,0.07395383750066932,1880,0.001332790847991739
full_sample,spearman,ai_lm_negative_share,report_word_count,0.07395383750066932,1880,0.001332790847991739
full_sample,spearman,ai_lm_negative_share,numeric_token_share,-0.028025511164448902,1880,0.2245234326450701
full_sample,spearman,ai_lm_negative_share,average_word_length,0.09614561619910617,1880,2.9709919476764482e-05
full_sample,spearman,ai_lm_negative_share,lexical_density,0.12491023017650071,1880,5.520683071561588e-08
full_sample,spearman,ai_lm_negative_share,root_type_token_ratio,-0.008064421408136463,1880,0.7267604337984157
full_sample,spearman,ai_lm_uncertainty_share,ai_lm_uncertainty_share,1.0,1880,0.0
full_sample,spearman,ai_lm_uncertainty_share,ai_passive_voice_sentence_share,0.11487924431953908,1880,5.905727879045697e-07
full_sample,spearman,ai_lm_uncertainty_share,ai_fog_index,-0.05018663155560053,1880,0.029557920375886986
full_sample,spearman,ai_lm_uncertainty_share,log_report_word_count,0.10346356012040216,1880,6.951845807803536e-06
full_sample,spearman,ai_lm_uncertainty_share,report_word_count,0.10346356012040216,1880,6.951845807803536e-06
full_sample,spearman,ai_lm_uncertainty_share,numeric_token_share,-0.05130659624276338,1880,0.026109003094927745
full_sample,spearman,ai_lm_uncertainty_share,average_word_length,0.11275297888450016,1880,9.523478974197068e-07
full_sample,spearman,ai_lm_uncertainty_share,lexical_density,0.11901835271504922,1880,2.2731866489761045e-07
full_sample,spearman,ai_lm_uncertainty_share,root_type_token_ratio,-0.050862334654052065,1880,0.027433125596130682
full_sample,spearman,ai_passive_voice_sentence_share,ai_passive_voice_sentence_share,1.0,1880,0.0
full_sample,spearman,ai_passive_voice_sentence_share,ai_fog_index,0.07598480507972567,1880,0.0009765431949613111
full_sample,spearman,ai_passive_voice_sentence_share,log_report_word_count,0.06535463004978498,1880,0.004584641254685529
full_sample,spearman,ai_passive_voice_sentence_share,report_word_count,0.06535463004978498,1880,0.004584641254685529
full_sample,spearman,ai_passive_voice_sentence_share,numeric_token_share,-0.12193920819740182,1880,1.1363862455741456e-07
full_sample,spearman,ai_passive_voice_sentence_share,average_word_length,0.09323252091423771,1880,5.152539059807493e-05
full_sample,spearman,ai_passive_voice_sentence_share,lexical_density,0.012591225689177829,1880,0.5853401967538185
full_sample,spearman,ai_passive_voice_sentence_share,root_type_token_ratio,-0.013012799815032674,1880,0.572842495581861
full_sample,spearman,ai_fog_index,ai_fog_index,1.0,1880,0.0
full_sample,spearman,ai_fog_index,log_report_word_count,0.043902920279643876,1880,0.05700964601550648
full_sample,spearman,ai_fog_index,report_word_count,0.043902920279643876,1880,0.05700964601550648
full_sample,spearman,ai_fog_index,numeric_token_share,0.07708114584388481,1880,0.0008230829745426928
full_sample,spearman,ai_fog_index,average_word_length,0.10106417497532631,1880,1.131586916054216e-05
full_sample,spearman,ai_fog_index,lexical_density,0.1296668646071022,1880,1.677766861234541e-08
full_sample,spearman,ai_fog_index,root_type_token_ratio,-0.10114400200887964,1880,1.1135848651249366e-05
full_sample,spearman,log_report_word_count,log_report_word_count,0.9999999999999999,4897,0.0
full_sample,spearman,log_report_word_count,report_word_count,0.9999999999999999,4897,0.0
full_sample,spearman,log_report_word_count,numeric_token_share,-0.13854338134322144,4897,2.0436987455116407e-22
full_sample,spearman,log_report_word_count,average_word_length,0.013931997213382563,4897,0.3296894305170842
full_sample,spearman,log_report_word_count,lexical_density,0.11887565187587695,4897,7.047457407695595e-17
full_sample,spearman,log_report_word_count,root_type_token_ratio,-0.43101049886571297,4897,9.454249230676152e-221
full_sample,spearman,report_word_count,report_word_count,0.9999999999999999,4897,0.0
full_sample,spearman,report_word_count,numeric_token_share,-0.13854338134322144,4897,2.0436987455116407e-22
full_sample,spearman,report_word_count,average_word_length,0.013931997213382563,4897,0.3296894305170842
full_sample,spearman,report_word_count,lexical_density,0.11887565187587695,4897,7.047457407695595e-17
full_sample,spearman,report_word_count,root_type_token_ratio,-0.43101049886571297,4897,9.454249230676152e-221
full_sample,spearman,numeric_token_share,numeric_token_share,0.9999999999999999,4897,0.0
full_sample,spearman,numeric_token_share,average_word_length,-0.189146735068412,4897,1.1294011294930284e-40
full_sample,spearman,numeric_token_share,lexical_density,0.007151165165032982,4897,0.6168589668589983
full_sample,spearman,numeric_token_share,root_type_token_ratio,-0.3114160704752364,4897,1.3558951580030903e-110
full_sample,spearman,average_word_length,average_word_length,0.9999999999999999,4897,0.0
full_sample,spearman,average_word_length,lexical_density,0.6276475323039165,4897,0.0
full_sample,spearman,average_word_length,root_type_token_ratio,0.14610365815118392,4897,8.974486676786996e-25
full_sample,spearman,lexical_density,lexical_density,0.9999999999999999,4897,0.0
full_sample,spearman,lexical_density,root_type_token_ratio,0.026771008451517895,4897,0.06103327823629811
full_sample,spearman,root_type_token_ratio,root_type_token_ratio,1.0,4897,0.0
ai_disclosers,pearson,ai_sentence_count,ai_sentence_count,1.0,1880,0.0
ai_disclosers,pearson,ai_sentence_count,log1p_ai_sentence_count,0.8371301166914957,1880,0.0
ai_disclosers,pearson,ai_sentence_count,ai_concreteness,-0.0431272099043958,1879,0.06161176165203912
ai_disclosers,pearson,ai_sentence_count,ai_past_tense_share,-0.019515897887852986,1808,0.4069163200636508
ai_disclosers,pearson,ai_sentence_count,ai_present_tense_share,0.0130706560809636,1808,0.5786133809320878
ai_disclosers,pearson,ai_sentence_count,ai_future_tense_share,0.008441243858127744,1808,0.7198309219621128
ai_disclosers,pearson,ai_sentence_count,ai_lm_positive_share,-0.059524159565985814,1880,0.009837809083367998
ai_disclosers,pearson,ai_sentence_count,ai_lm_negative_share,0.027233721429024662,1880,0.2378969976063622
ai_disclosers,pearson,ai_sentence_count,ai_lm_uncertainty_share,0.006693206926767649,1880,0.7718003503380396
ai_disclosers,pearson,ai_sentence_count,ai_passive_voice_sentence_share,0.014919946474275815,1880,0.5179431754765563
ai_disclosers,pearson,ai_sentence_count,ai_fog_index,-0.11872206360910383,1880,2.4366063960796186e-07
ai_disclosers,pearson,ai_sentence_count,log_report_word_count,0.047981373000032544,1880,0.037503779936095286
ai_disclosers,pearson,log1p_ai_sentence_count,log1p_ai_sentence_count,1.0,1880,0.0
ai_disclosers,pearson,log1p_ai_sentence_count,ai_concreteness,-0.1662174115675488,1879,4.1432586840106615e-13
ai_disclosers,pearson,log1p_ai_sentence_count,ai_past_tense_share,-0.07470576972684023,1808,0.0014789699293298116
ai_disclosers,pearson,log1p_ai_sentence_count,ai_present_tense_share,0.057325407093787396,1808,0.014775769995592488
ai_disclosers,pearson,log1p_ai_sentence_count,ai_future_tense_share,0.018279974477617464,1808,0.4372752883225789
ai_disclosers,pearson,log1p_ai_sentence_count,ai_lm_positive_share,-0.0952590260870251,1880,3.5188174923233236e-05
ai_disclosers,pearson,log1p_ai_sentence_count,ai_lm_negative_share,0.13967471164457074,1880,1.1872336029377234e-09
ai_disclosers,pearson,log1p_ai_sentence_count,ai_lm_uncertainty_share,0.10937089976629258,1880,2.0010273693959105e-06
ai_disclosers,pearson,log1p_ai_sentence_count,ai_passive_voice_sentence_share,0.03778066209899336,1880,0.10149981851202139
ai_disclosers,pearson,log1p_ai_sentence_count,ai_fog_index,-0.1528773169652833,1880,2.675682998092319e-11
ai_disclosers,pearson,log1p_ai_sentence_count,log_report_word_count,0.08513740974575204,1880,0.0002192589494976316
ai_disclosers,pearson,ai_concreteness,ai_concreteness,1.0,1879,0.0
ai_disclosers,pearson,ai_concreteness,ai_past_tense_share,0.21018985827346953,1808,1.6810538270772838e-19
ai_disclosers,pearson,ai_concreteness,ai_present_tense_share,-0.16936484462621884,1808,4.200503250761998e-13
ai_disclosers,pearson,ai_concreteness,ai_future_tense_share,-0.03589020803784055,1808,0.12713228476921665
ai_disclosers,pearson,ai_concreteness,ai_lm_positive_share,0.03291903385500522,1879,0.15375503798467982
ai_disclosers,pearson,ai_concreteness,ai_lm_negative_share,-0.4677309524955477,1879,9.250622338353848e-103
ai_disclosers,pearson,ai_concreteness,ai_lm_uncertainty_share,-0.5451457204203005,1879,6.152545577071413e-146
ai_disclosers,pearson,ai_concreteness,ai_passive_voice_sentence_share,-0.01030924743325876,1879,0.6551682941484982
ai_disclosers,pearson,ai_concreteness,ai_fog_index,-0.042858547850838216,1879,0.06325068009618347
ai_disclosers,pearson,ai_concreteness,log_report_word_count,-0.14759601443999906,1879,1.2853886440677795e-10
ai_disclosers,pearson,ai_past_tense_share,ai_past_tense_share,1.0,1808,0.0
ai_disclosers,pearson,ai_past_tense_share,ai_present_tense_share,-0.8552952465292367,1808,0.0
ai_disclosers,pearson,ai_past_tense_share,ai_future_tense_share,-0.07544268741145395,1808,0.0013263148770257713
ai_disclosers,pearson,ai_past_tense_share,ai_lm_positive_share,0.09259039289714735,1808,8.055375197428411e-05
ai_disclosers,pearson,ai_past_tense_share,ai_lm_negative_share,-0.15897892263373664,1808,1.0572782988570082e-11
ai_disclosers,pearson,ai_past_tense_share,ai_lm_uncertainty_share,-0.17321417399554323,1808,1.2052962627660916e-13
ai_disclosers,pearson,ai_past_tense_share,ai_passive_voice_sentence_share,-0.0317212159236209,1808,0.17759051150840627
ai_disclosers,pearson,ai_past_tense_share,ai_fog_index,-0.04679739926733355,1808,0.046638700824354486
ai_disclosers,pearson,ai_past_tense_share,log_report_word_count,0.014432202151860196,1808,0.5396957208424984
ai_disclosers,pearson,ai_present_tense_share,ai_present_tense_share,1.0,1808,0.0
ai_disclosers,pearson,ai_present_tense_share,ai_future_tense_share,-0.4521385460030577,1808,8.516782230039458e-92
ai_disclosers,pearson,ai_present_tense_share,ai_lm_positive_share,-0.13199688261853323,1808,1.767241834256317e-08
ai_disclosers,pearson,ai_present_tense_share,ai_lm_negative_share,0.1799745258130342,1808,1.2545461875403684e-14
ai_disclosers,pearson,ai_present_tense_share,ai_lm_uncertainty_share,0.18346775659460113,1808,3.7627116651400595e-15
ai_disclosers,pearson,ai_present_tense_share,ai_passive_voice_sentence_share,0.053678982815638376,1808,0.02245813769492781
ai_disclosers,pearson,ai_present_tense_share,ai_fog_index,0.06163837645720831,1808,0.0087523207618249
ai_disclosers,pearson,ai_present_tense_share,log_report_word_count,-0.0036883876627655503,1808,0.8754620060497086
ai_disclosers,pearson,ai_future_tense_share,ai_future_tense_share,1.0,1808,0.0
ai_disclosers,pearson,ai_future_tense_share,ai_lm_positive_share,0.09463625746578508,1808,5.571666758125534e-05
ai_disclosers,pearson,ai_future_tense_share,ai_lm_negative_share,-0.07268434615112336,1808,0.001984552661993168
ai_disclosers,pearson,ai_future_tense_share,ai_lm_uncertainty_share,-0.05490187888540267,1808,0.019563997078126078
ai_disclosers,pearson,ai_future_tense_share,ai_passive_voice_sentence_share,-0.04869782849902256,1808,0.038409621467434145
ai_disclosers,pearson,ai_future_tense_share,ai_fog_index,-0.03806277464416069,1808,0.10568019615705307
ai_disclosers,pearson,ai_future_tense_share,log_report_word_count,-0.01774593106202927,1808,0.4507862563140728
ai_disclosers,pearson,ai_lm_positive_share,ai_lm_positive_share,1.0,1880,0.0
ai_disclosers,pearson,ai_lm_positive_share,ai_lm_negative_share,-0.19281979100296875,1880,3.3355618186914976e-17
ai_disclosers,pearson,ai_lm_positive_share,ai_lm_uncertainty_share,-0.1668346374327497,1880,3.3371153279640267e-13
ai_disclosers,pearson,ai_lm_positive_share,ai_passive_voice_sentence_share,-0.11993311307376135,1880,1.8327020298790616e-07
ai_disclosers,pearson,ai_lm_positive_share,ai_fog_index,-0.022488689208951546,1880,0.32977804529058014
ai_disclosers,pearson,ai_lm_positive_share,log_report_word_count,-0.07099026688225774,1880,0.0020706754350525054
ai_disclosers,pearson,ai_lm_negative_share,ai_lm_negative_share,1.0,1880,0.0
ai_disclosers,pearson,ai_lm_negative_share,ai_lm_uncertainty_share,0.39048367975710724,1880,1.6075560249068056e-69
ai_disclosers,pearson,ai_lm_negative_share,ai_passive_voice_sentence_share,0.15257672994229582,1880,2.928134343705443e-11
ai_disclosers,pearson,ai_lm_negative_share,ai_fog_index,0.05938762530712461,1880,0.010008172370674072
ai_disclosers,pearson,ai_lm_negative_share,log_report_word_count,0.03871819289041737,1880,0.09328980230905633
ai_disclosers,pearson,ai_lm_uncertainty_share,ai_lm_uncertainty_share,1.0,1880,0.0
ai_disclosers,pearson,ai_lm_uncertainty_share,ai_passive_voice_sentence_share,-0.04876983761397845,1880,0.03447586226218899
ai_disclosers,pearson,ai_lm_uncertainty_share,ai_fog_index,-0.02500400408857654,1880,0.278543910326391
ai_disclosers,pearson,ai_lm_uncertainty_share,log_report_word_count,0.06531343186786681,1880,0.004610405708061588
ai_disclosers,pearson,ai_passive_voice_sentence_share,ai_passive_voice_sentence_share,0.9999999999999999,1880,0.0
ai_disclosers,pearson,ai_passive_voice_sentence_share,ai_fog_index,0.06803663511428414,1880,0.0031627909032628915
ai_disclosers,pearson,ai_passive_voice_sentence_share,log_report_word_count,-0.0028884277836000198,1880,0.9003998846432004
ai_disclosers,pearson,ai_fog_index,ai_fog_index,1.0,1880,0.0
ai_disclosers,pearson,ai_fog_index,log_report_word_count,-0.02341273639165562,1880,0.31028893080244047
ai_disclosers,pearson,log_report_word_count,log_report_word_count,1.0,1880,0.0
ai_disclosers,spearman,ai_sentence_count,ai_sentence_count,1.0,1880,0.0
ai_disclosers,spearman,ai_sentence_count,log1p_ai_sentence_count,0.9994713593831657,1880,0.0
ai_disclosers,spearman,ai_sentence_count,ai_concreteness,-0.17132921465418754,1879,7.598667941783652e-14
ai_disclosers,spearman,ai_sentence_count,ai_past_tense_share,0.2903475669393015,1808,1.864025993496665e-36
ai_disclosers,spearman,ai_sentence_count,ai_present_tense_share,-0.27295766127640075,1808,2.9505836757776567e-32
ai_disclosers,spearman,ai_sentence_count,ai_future_tense_share,0.4342556112551011,1808,4.837490195767003e-84
ai_disclosers,spearman,ai_sentence_count,ai_lm_positive_share,0.07320860981498005,1880,0.0014911450088001695
ai_disclosers,spearman,ai_sentence_count,ai_lm_negative_share,0.3599532662993792,1880,1.3153587389226857e-58
ai_disclosers,spearman,ai_sentence_count,ai_lm_uncertainty_share,0.2817806767023882,1880,1.1884237191060642e-35
ai_disclosers,spearman,ai_sentence_count,ai_passive_voice_sentence_share,0.4105545794865497,1880,2.3669088280638863e-77
ai_disclosers,spearman,ai_sentence_count,ai_fog_index,-0.16647908462843825,1880,3.749512243841818e-13
ai_disclosers,spearman,ai_sentence_count,log_report_word_count,0.09557733940888753,1880,3.3119382444462315e-05
ai_disclosers,spearman,log1p_ai_sentence_count,log1p_ai_sentence_count,0.9999999999999998,1880,0.0
ai_disclosers,spearman,log1p_ai_sentence_count,ai_concreteness,-0.16836910125846807,1879,2.042070576390719e-13
ai_disclosers,spearman,log1p_ai_sentence_count,ai_past_tense_share,0.2900738869279709,1808,2.1821333802435962e-36
ai_disclosers,spearman,log1p_ai_sentence_count,ai_present_tense_share,-0.2732291739041501,1808,2.5505759345436145e-32
ai_disclosers,spearman,log1p_ai_sentence_count,ai_future_tense_share,0.4343873666529004,1808,4.257662416864214e-84
ai_disclosers,spearman,log1p_ai_sentence_count,ai_lm_positive_share,0.07431272270072466,1880,0.0012621979476826928
ai_disclosers,spearman,log1p_ai_sentence_count,ai_lm_negative_share,0.3573134520022046,1880,1.0193956614371729e-57
ai_disclosers,spearman,log1p_ai_sentence_count,ai_lm_uncertainty_share,0.2789368386122991,1880,6.096365288872779e-35
ai_disclosers,spearman,log1p_ai_sentence_count,ai_passive_voice_sentence_share,0.40974175642991506,1880,5.03422318829381e-77
ai_disclosers,spearman,log1p_ai_sentence_count,ai_fog_index,-0.1680232603086698,1880,2.2563201520123932e-13
ai_disclosers,spearman,log1p_ai_sentence_count,log_report_word_count,0.09512599247593895,1880,3.608862753945847e-05
ai_disclosers,spearman,ai_concreteness,ai_concreteness,1.0,1879,0.0
ai_disclosers,spearman,ai_concreteness,ai_past_tense_share,0.1538585851293125,1808,4.805878307908188e-11
ai_disclosers,spearman,ai_concreteness,ai_present_tense_share,-0.10030399574240435,1808,1.9302141037816818e-05
ai_disclosers,spearman,ai_concreteness,ai_future_tense_share,-0.10284362484586611,1808,1.1782780322149527e-05
ai_disclosers,spearman,ai_concreteness,ai_lm_positive_share,0.07870334154746239,1879,0.0006387218574931999
ai_disclosers,spearman,ai_concreteness,ai_lm_negative_share,-0.5660085615843022,1879,1.2653237204441893e-159
ai_disclosers,spearman,ai_concreteness,ai_lm_uncertainty_share,-0.6291243291405294,1879,1.2761669382019086e-207
ai_disclosers,spearman,ai_concreteness,ai_passive_voice_sentence_share,-0.10075394306684769,1879,1.2106736604393867e-05
ai_disclosers,spearman,ai_concreteness,ai_fog_index,-0.051487401619381895,1879,0.025625415563216767
ai_disclosers,spearman,ai_concreteness,log_report_word_count,-0.14449045489389853,1879,3.130636681139778e-10
ai_disclosers,spearman,ai_past_tense_share,ai_past_tense_share,1.0,1808,0.0
ai_disclosers,spearman,ai_past_tense_share,ai_present_tense_share,-0.8066741776879608,1808,0.0
ai_disclosers,spearman,ai_past_tense_share,ai_future_tense_share,0.10586500795890064,1808,6.451966410422349e-06
ai_disclosers,spearman,ai_past_tense_share,ai_lm_positive_share,0.11275502862468825,1808,1.5365045831253207e-06
ai_disclosers,spearman,ai_past_tense_share,ai_lm_negative_share,-0.0822120144265155,1808,0.0004666392470930247
ai_disclosers,spearman,ai_past_tense_share,ai_lm_uncertainty_share,-0.13265698959084346,1808,1.4980152231939003e-08
ai_disclosers,spearman,ai_past_tense_share,ai_passive_voice_sentence_share,0.08086594460756,1808,0.0005780137711002113
ai_disclosers,spearman,ai_past_tense_share,ai_fog_index,-0.07208696709745936,1808,0.002161821292027913
ai_disclosers,spearman,ai_past_tense_share,log_report_word_count,0.042382427482677155,1808,0.07159439021168902
ai_disclosers,spearman,ai_present_tense_share,ai_present_tense_share,0.9999999999999999,1808,0.0
ai_disclosers,spearman,ai_present_tense_share,ai_future_tense_share,-0.5380832826397243,1808,3.0612132322208068e-136
ai_disclosers,spearman,ai_present_tense_share,ai_lm_positive_share,-0.12138852042887358,1808,2.253664090623413e-07
ai_disclosers,spearman,ai_present_tense_share,ai_lm_negative_share,0.09014379554339008,1808,0.00012397388259756262
ai_disclosers,spearman,ai_present_tense_share,ai_lm_uncertainty_share,0.11186867352209981,1808,1.856895334488522e-06
ai_disclosers,spearman,ai_present_tense_share,ai_passive_voice_sentence_share,-0.06725207056958732,1808,0.004224951470505571
ai_disclosers,spearman,ai_present_tense_share,ai_fog_index,0.0854175770303946,1808,0.0002767536647497214
ai_disclosers,spearman,ai_present_tense_share,log_report_word_count,-0.03516213442531098,1808,0.13503385679536248
ai_disclosers,spearman,ai_future_tense_share,ai_future_tense_share,1.0,1808,0.0
ai_disclosers,spearman,ai_future_tense_share,ai_lm_positive_share,0.05188991665338102,1808,0.027359501534218896
ai_disclosers,spearman,ai_future_tense_share,ai_lm_negative_share,0.09130432787607111,1808,0.00010117733849347846
ai_disclosers,spearman,ai_future_tense_share,ai_lm_uncertainty_share,0.09074384954915309,1808,0.00011164280680326513
ai_disclosers,spearman,ai_future_tense_share,ai_passive_voice_sentence_share,0.15778365670164396,1808,1.5122970721607497e-11
ai_disclosers,spearman,ai_future_tense_share,ai_fog_index,-0.10089216564650505,1808,1.7234807756571023e-05
ai_disclosers,spearman,ai_future_tense_share,log_report_word_count,0.015173783222541799,1808,0.5190639196809477
ai_disclosers,spearman,ai_lm_positive_share,ai_lm_positive_share,1.0,1880,0.0
ai_disclosers,spearman,ai_lm_positive_share,ai_lm_negative_share,-0.13433854828371683,1880,4.992260348296631e-09
ai_disclosers,spearman,ai_lm_positive_share,ai_lm_uncertainty_share,-0.1406163280506593,1880,9.161621678695e-10
ai_disclosers,spearman,ai_lm_positive_share,ai_passive_voice_sentence_share,-0.07333332769083173,1880,0.001463490840058097
ai_disclosers,spearman,ai_lm_positive_share,ai_fog_index,0.021537068785966708,1880,0.35065879107263176
ai_disclosers,spearman,ai_lm_positive_share,log_report_word_count,-0.09255800526435407,1880,5.8400955499578564e-05
ai_disclosers,spearman,ai_lm_negative_share,ai_lm_negative_share,1.0,1880,0.0
ai_disclosers,spearman,ai_lm_negative_share,ai_lm_uncertainty_share,0.5699846201785813,1880,1.9766816784110977e-162
ai_disclosers,spearman,ai_lm_negative_share,ai_passive_voice_sentence_share,0.2732427379086463,1880,1.5202692426905966e-33
ai_disclosers,spearman,ai_lm_negative_share,ai_fog_index,0.09208387161553784,1880,6.374417775222423e-05
ai_disclosers,spearman,ai_lm_negative_share,log_report_word_count,0.07395383750066932,1880,0.001332790847991739
ai_disclosers,spearman,ai_lm_uncertainty_share,ai_lm_uncertainty_share,1.0,1880,0.0
ai_disclosers,spearman,ai_lm_uncertainty_share,ai_passive_voice_sentence_share,0.11487924431953908,1880,5.905727879045697e-07
ai_disclosers,spearman,ai_lm_uncertainty_share,ai_fog_index,-0.05018663155560053,1880,0.029557920375886986
ai_disclosers,spearman,ai_lm_uncertainty_share,log_report_word_count,0.10346356012040216,1880,6.951845807803536e-06
ai_disclosers,spearman,ai_passive_voice_sentence_share,ai_passive_voice_sentence_share,1.0,1880,0.0
ai_disclosers,spearman,ai_passive_voice_sentence_share,ai_fog_index,0.07598480507972567,1880,0.0009765431949613111
ai_disclosers,spearman,ai_passive_voice_sentence_share,log_report_word_count,0.06535463004978498,1880,0.004584641254685529
ai_disclosers,spearman,ai_fog_index,ai_fog_index,1.0,1880,0.0
ai_disclosers,spearman,ai_fog_index,log_report_word_count,0.043902920279643876,1880,0.05700964601550648
ai_disclosers,spearman,log_report_word_count,log_report_word_count,1.0,1880,0.0
